record_id,cargo_type,owner,origin,destination,current_location,weight_kg,container_count,declared_value,status,timestamp
R02498,Food,OWNER_051,Mumbai,Rotterdam,Mumbai,4979.29,6,64127.01,IN_TRANSIT,2026-01-01 00:00:00
R01688,Textiles,OWNER_031,Chennai,Mumbai,Chennai,930.93,6,63420.77,IN_TRANSIT,2026-01-01 01:00:00
R02845,Chemicals,OWNER_068,Singapore,Rotterdam,Singapore,3473.43,4,152176.96,IN_TRANSIT,2026-01-01 12:00:00
R02812,Machinery,OWNER_065,Kandla,Dubai,Kandla,1238.62,1,512792.28,IN_TRANSIT,2026-01-01 13:00:00
R01189,Electronics,OWNER_097,Dubai,Kandla,Dubai,318.24,3,70319.95,IN_TRANSIT,2026-01-01 15:00:00
R02022,Machinery,OWNER_098,Kochi,Chennai,Kochi,513.22,5,77577.87,IN_TRANSIT,2026-01-01 17:00:00
R00117,Chemicals,OWNER_052,Colombo,Chennai,Colombo,1208.6,4,47726.31,IN_TRANSIT,2026-01-01 19:00:00
R00415,Chemicals,OWNER_073,Singapore,Mumbai,Singapore,921.7,3,125506.86,IN_TRANSIT,2026-01-01 20:00:00
R02042,Electronics,OWNER_019,Chennai,Mumbai,Chennai,702.47,5,103146.47,IN_TRANSIT,2026-01-01 21:00:00
R00070,Food,OWNER_085,Kochi,Dubai,Kochi,2591.98,7,470768.85,IN_TRANSIT,2026-01-01 21:00:00
R02107,Machinery,OWNER_022,Colombo,Kandla,Colombo,906.93,2,78206.46,IN_TRANSIT,2026-01-01 22:00:00
R02310,Electronics,OWNER_048,Chennai,Dubai,Chennai,1739.4,4,44252.16,IN_TRANSIT,2026-01-01 23:00:00
R01107,Chemicals,OWNER_054,Kochi,Chennai,Kochi,360.97,1,64274.47,IN_TRANSIT,2026-01-01 23:00:00
R01752,Textiles,OWNER_051,Mumbai,Chennai,Mumbai,1758.63,3,81148.87,IN_TRANSIT,2026-01-02 01:00:00
R00064,Machinery,OWNER_048,Singapore,Chennai,Singapore,2203.58,4,77468.51,IN_TRANSIT,2026-01-02 09:00:00
R01308,Electronics,OWNER_085,Kochi,Chennai,Kochi,3377.03,6,54572.02,IN_TRANSIT,2026-01-02 09:00:00
R01755,Electronics,OWNER_074,Colombo,Singapore,Colombo,3627.7,1,14521.83,IN_TRANSIT,2026-01-02 10:00:00
R01922,Textiles,OWNER_052,Kandla,Kochi,Kandla,1417.27,6,208510.99,IN_TRANSIT,2026-01-02 14:00:00
R02281,Food,OWNER_079,Singapore,Dubai,Singapore,1356.17,1,28321.32,IN_TRANSIT,2026-01-02 17:00:00
R02781,Chemicals,OWNER_067,Kandla,Chennai,Kandla,3682.56,5,85367.13,IN_TRANSIT,2026-01-02 17:00:00
R02569,Textiles,OWNER_006,Kandla,Dubai,Kandla,2202.76,5,198430.36,IN_TRANSIT,2026-01-02 18:00:00
R02960,Textiles,OWNER_055,Singapore,Kochi,Singapore,3241.48,6,62138.73,IN_TRANSIT,2026-01-02 19:00:00
R01737,Food,OWNER_008,Kochi,Chennai,Kochi,1042.43,7,47685.2,IN_TRANSIT,2026-01-02 19:00:00
R02685,Textiles,OWNER_077,Colombo,Singapore,Colombo,1342.33,1,105194.56,IN_TRANSIT,2026-01-02 21:00:00
R00097,Food,OWNER_021,Dubai,Colombo,Dubai,2262.03,4,42163.16,IN_TRANSIT,2026-01-02 22:00:00
R00345,Machinery,OWNER_018,Rotterdam,Singapore,Rotterdam,2810.28,3,88296.51,IN_TRANSIT,2026-01-02 23:00:00
R02592,Chemicals,OWNER_019,Singapore,Rotterdam,Singapore,2476.1,7,93072.1,IN_TRANSIT,2026-01-03 01:00:00
R00777,Textiles,OWNER_013,Kandla,Rotterdam,Kandla,3219.59,2,55557.37,IN_TRANSIT,2026-01-03 04:00:00
R02403,Machinery,OWNER_078,Dubai,Kochi,Dubai,1253.68,1,164826.31,IN_TRANSIT,2026-01-03 09:00:00
R00684,Textiles,OWNER_069,Mumbai,Singapore,Mumbai,1554.83,3,63395.14,IN_TRANSIT,2026-01-03 09:00:00
R01176,Machinery,OWNER_064,Rotterdam,Chennai,Rotterdam,1240.47,6,253929.78,IN_TRANSIT,2026-01-03 10:00:00
R01778,Electronics,OWNER_076,Kochi,Dubai,Kochi,3320.14,2,8278.99,IN_TRANSIT,2026-01-03 10:00:00
R01815,Chemicals,OWNER_039,Kochi,Chennai,Kochi,13254.25,4,66165.93,IN_TRANSIT,2026-01-03 11:00:00
R01245,Chemicals,OWNER_061,Dubai,Rotterdam,Dubai,588.44,3,67480.43,IN_TRANSIT,2026-01-03 11:00:00
R00076,Chemicals,OWNER_029,Colombo,Chennai,Colombo,1521.12,5,66567.13,IN_TRANSIT,2026-01-03 14:00:00
R01027,Food,OWNER_007,Dubai,Kochi,Dubai,1198.29,7,83392.85,IN_TRANSIT,2026-01-03 17:00:00
R01276,Food,OWNER_010,Kandla,Dubai,Kandla,1040.41,5,78732.59,IN_TRANSIT,2026-01-03 17:00:00
R02137,Food,OWNER_092,Mumbai,Dubai,Mumbai,2960.81,7,104821.14,IN_TRANSIT,2026-01-03 20:00:00
R00838,Machinery,OWNER_044,Mumbai,Chennai,Mumbai,2198.35,1,30173.94,IN_TRANSIT,2026-01-03 21:00:00
R00637,Electronics,OWNER_048,Kochi,Mumbai,Kochi,2857.56,5,130219.96,IN_TRANSIT,2026-01-03 23:00:00
R01326,Textiles,OWNER_074,Mumbai,Dubai,Mumbai,1648.75,4,68548.09,IN_TRANSIT,2026-01-04 05:00:00
R01157,Textiles,OWNER_076,Chennai,Mumbai,Chennai,2883.98,4,46297.37,IN_TRANSIT,2026-01-04 05:00:00
R02384,Machinery,OWNER_071,Kandla,Singapore,Kandla,2967.36,7,17737.05,IN_TRANSIT,2026-01-04 06:00:00
R01535,Chemicals,OWNER_078,Kandla,Mumbai,Kandla,1358.56,7,45304.4,IN_TRANSIT,2026-01-04 06:00:00
R02360,Machinery,OWNER_073,Chennai,Dubai,Chennai,6685.87,6,237219.12,IN_TRANSIT,2026-01-04 09:00:00
R01899,Food,OWNER_049,Dubai,Singapore,Dubai,1447.68,3,45662.17,IN_TRANSIT,2026-01-04 10:00:00
R01711,Food,OWNER_009,Mumbai,Colombo,Mumbai,634.17,3,115626.61,IN_TRANSIT,2026-01-04 11:00:00
R01252,Chemicals,OWNER_089,Singapore,Mumbai,Singapore,6105.54,4,70393.62,IN_TRANSIT,2026-01-04 12:00:00
R01936,Food,OWNER_008,Chennai,Dubai,Chennai,2164.1,5,93244.98,IN_TRANSIT,2026-01-04 12:00:00
R02484,Food,OWNER_011,Kandla,Rotterdam,Kandla,3813.03,3,439851.56,IN_TRANSIT,2026-01-04 13:00:00
R00803,Electronics,OWNER_085,Chennai,Singapore,Chennai,417.44,5,110777.88,IN_TRANSIT,2026-01-04 15:00:00
R02719,Chemicals,OWNER_089,Colombo,Kochi,Colombo,1257.51,6,144594.47,IN_TRANSIT,2026-01-04 16:00:00
R02686,Machinery,OWNER_028,Mumbai,Kochi,Mumbai,5063.76,6,212104.67,IN_TRANSIT,2026-01-04 18:00:00
R01228,Chemicals,OWNER_028,Colombo,Singapore,Colombo,2057.41,6,133039.56,IN_TRANSIT,2026-01-04 19:00:00
R01525,Electronics,OWNER_044,Colombo,Rotterdam,Colombo,2091.89,3,34381.39,IN_TRANSIT,2026-01-04 23:00:00
R01852,Textiles,OWNER_084,Mumbai,Dubai,Mumbai,2528.67,3,94511.95,IN_TRANSIT,2026-01-05 00:00:00
R01311,Food,OWNER_057,Singapore,Colombo,Singapore,1196.43,7,70705.78,IN_TRANSIT,2026-01-05 00:00:00
R02447,Food,OWNER_007,Dubai,Chennai,Dubai,1124.84,4,47905.88,IN_TRANSIT,2026-01-05 01:00:00
R00921,Chemicals,OWNER_062,Dubai,Kandla,Dubai,6218.92,2,102293.13,IN_TRANSIT,2026-01-05 02:00:00
R01879,Electronics,OWNER_013,Dubai,Singapore,Dubai,1739.31,3,39396.98,IN_TRANSIT,2026-01-05 03:00:00
R02517,Chemicals,OWNER_095,Dubai,Colombo,Dubai,3956.37,2,105022.48,IN_TRANSIT,2026-01-05 03:00:00
R00877,Machinery,OWNER_028,Singapore,Dubai,Singapore,1688.99,1,62918.83,IN_TRANSIT,2026-01-05 04:00:00
R00993,Machinery,OWNER_026,Rotterdam,Kandla,Rotterdam,1205.17,5,149924.81,IN_TRANSIT,2026-01-05 05:00:00
R02440,Machinery,OWNER_055,Singapore,Colombo,Singapore,1662.74,2,167056.12,IN_TRANSIT,2026-01-05 08:00:00
R02725,Food,OWNER_043,Kochi,Dubai,Kochi,2357.52,2,308093.9,IN_TRANSIT,2026-01-05 09:00:00
R02434,Chemicals,OWNER_091,Kandla,Mumbai,Kandla,2183.07,2,39714.95,IN_TRANSIT,2026-01-05 10:00:00
R02358,Electronics,OWNER_001,Rotterdam,Singapore,Rotterdam,1123.24,6,55192.27,IN_TRANSIT,2026-01-05 13:00:00
R01709,Electronics,OWNER_028,Rotterdam,Kandla,Rotterdam,1630.31,3,971692.75,IN_TRANSIT,2026-01-05 13:00:00
R00778,Machinery,OWNER_088,Kandla,Mumbai,Kandla,1658.22,6,66431.84,IN_TRANSIT,2026-01-05 14:00:00
R02703,Machinery,OWNER_073,Singapore,Kochi,Singapore,2876.36,6,160640.28,IN_TRANSIT,2026-01-05 14:00:00
R00597,Machinery,OWNER_060,Mumbai,Colombo,Mumbai,898.8,1,49623.28,IN_TRANSIT,2026-01-05 14:00:00
R02126,Chemicals,OWNER_077,Dubai,Mumbai,Dubai,2208.6,1,208468.04,IN_TRANSIT,2026-01-05 16:00:00
R00210,Electronics,OWNER_007,Kandla,Singapore,Kandla,1011.07,7,59251.2,IN_TRANSIT,2026-01-05 17:00:00
R01724,Machinery,OWNER_004,Colombo,Kochi,Colombo,1265.23,2,38050.31,IN_TRANSIT,2026-01-05 19:00:00
R02552,Electronics,OWNER_095,Chennai,Kandla,Chennai,1151.63,5,47367.3,IN_TRANSIT,2026-01-05 20:00:00
R01267,Electronics,OWNER_056,Kochi,Mumbai,Kochi,320.45,4,202387.15,IN_TRANSIT,2026-01-05 20:00:00
R01939,Machinery,OWNER_082,Colombo,Rotterdam,Colombo,1463.89,7,396021.37,IN_TRANSIT,2026-01-05 23:00:00
R00175,Textiles,OWNER_012,Chennai,Kandla,Chennai,2074.65,1,108294.9,IN_TRANSIT,2026-01-06 09:00:00
R00657,Electronics,OWNER_082,Singapore,Kandla,Singapore,1056.67,4,80073.19,IN_TRANSIT,2026-01-06 10:00:00
R01947,Chemicals,OWNER_018,Chennai,Mumbai,Chennai,2119.65,2,66918.11,IN_TRANSIT,2026-01-06 10:00:00
R02691,Chemicals,OWNER_023,Kandla,Kochi,Kandla,1480.3,2,40429.91,IN_TRANSIT,2026-01-06 13:00:00
R01501,Electronics,OWNER_031,Rotterdam,Kandla,Rotterdam,2900.56,4,112830.7,IN_TRANSIT,2026-01-06 14:00:00
R00968,Electronics,OWNER_085,Kandla,Kochi,Kandla,1120.39,1,63039.15,IN_TRANSIT,2026-01-06 14:00:00
R02894,Textiles,OWNER_021,Rotterdam,Colombo,Rotterdam,1975.04,6,57857.9,IN_TRANSIT,2026-01-06 16:00:00
R01621,Electronics,OWNER_092,Mumbai,Dubai,Mumbai,1301.72,3,51324.72,IN_TRANSIT,2026-01-06 16:00:00
R00204,Machinery,OWNER_011,Singapore,Mumbai,Singapore,2493.55,1,159361.55,IN_TRANSIT,2026-01-06 17:00:00
R01569,Electronics,OWNER_083,Kandla,Dubai,Kandla,1910.48,4,66561.09,IN_TRANSIT,2026-01-06 17:00:00
R01627,Food,OWNER_045,Colombo,Dubai,Colombo,3073.05,1,55215.6,IN_TRANSIT,2026-01-06 19:00:00
R01488,Chemicals,OWNER_018,Rotterdam,Singapore,Rotterdam,958.22,7,176431.22,IN_TRANSIT,2026-01-06 20:00:00
R00419,Chemicals,OWNER_007,Singapore,Rotterdam,Singapore,2725.29,6,80942.44,IN_TRANSIT,2026-01-06 20:00:00
R02898,Chemicals,OWNER_045,Dubai,Singapore,Dubai,3283.16,2,48447.23,IN_TRANSIT,2026-01-06 22:00:00
R02426,Chemicals,OWNER_012,Kandla,Dubai,Kandla,1426.18,3,31346.17,IN_TRANSIT,2026-01-06 23:00:00
R02668,Chemicals,OWNER_006,Mumbai,Kochi,Mumbai,1086.93,4,65615.7,IN_TRANSIT,2026-01-06 23:00:00
R00386,Food,OWNER_007,Rotterdam,Kochi,Rotterdam,2721.97,6,81267.3,IN_TRANSIT,2026-01-06 23:00:00
R02318,Machinery,OWNER_052,Kochi,Rotterdam,Kochi,870.73,7,55873.38,IN_TRANSIT,2026-01-06 23:00:00
R02727,Chemicals,OWNER_054,Singapore,Rotterdam,Singapore,1292.43,6,26695.48,IN_TRANSIT,2026-01-07 02:00:00
R00527,Textiles,OWNER_071,Chennai,Colombo,Chennai,5034.12,4,80897.01,IN_TRANSIT,2026-01-07 04:00:00
R00014,Textiles,OWNER_083,Chennai,Rotterdam,Chennai,2497.77,1,81956.23,IN_TRANSIT,2026-01-07 05:00:00
R02813,Food,OWNER_004,Singapore,Dubai,Singapore,5738.87,1,97493.98,IN_TRANSIT,2026-01-07 06:00:00
R01937,Textiles,OWNER_071,Kochi,Singapore,Kochi,5560.83,4,179910.39,IN_TRANSIT,2026-01-07 08:00:00
R01795,Food,OWNER_082,Rotterdam,Kandla,Rotterdam,570.48,1,105640.36,IN_TRANSIT,2026-01-07 09:00:00
R01885,Food,OWNER_085,Colombo,Singapore,Colombo,5695.78,2,60048.12,IN_TRANSIT,2026-01-07 11:00:00
R02494,Chemicals,OWNER_068,Chennai,Rotterdam,Chennai,2997.89,3,107510.1,IN_TRANSIT,2026-01-07 12:00:00
R02834,Machinery,OWNER_067,Kandla,Singapore,Kandla,733.53,4,339433.03,IN_TRANSIT,2026-01-07 12:00:00
R00958,Chemicals,OWNER_059,Kandla,Rotterdam,Kandla,897.67,3,87831.54,IN_TRANSIT,2026-01-07 18:00:00
R01578,Food,OWNER_079,Colombo,Chennai,Colombo,1929.89,5,46129.36,IN_TRANSIT,2026-01-07 20:00:00
R01422,Chemicals,OWNER_054,Mumbai,Rotterdam,Mumbai,2122.72,7,50206.94,IN_TRANSIT,2026-01-07 21:00:00
R01370,Textiles,OWNER_063,Kandla,Colombo,Kandla,528.93,7,45888.04,IN_TRANSIT,2026-01-07 21:00:00
R00928,Machinery,OWNER_057,Chennai,Dubai,Chennai,3680.48,3,53076.89,IN_TRANSIT,2026-01-07 22:00:00
R01842,Machinery,OWNER_043,Kochi,Mumbai,Kochi,1641.99,2,39879.43,IN_TRANSIT,2026-01-07 23:00:00
R02776,Chemicals,OWNER_085,Kandla,Mumbai,Kandla,4611.26,4,86490.85,IN_TRANSIT,2026-01-08 01:00:00
R00701,Machinery,OWNER_099,Rotterdam,Chennai,Rotterdam,910.48,6,70268.27,IN_TRANSIT,2026-01-08 01:00:00
R01222,Textiles,OWNER_009,Kandla,Kochi,Kandla,2886.75,5,24948.13,IN_TRANSIT,2026-01-08 01:00:00
R00573,Electronics,OWNER_087,Dubai,Kochi,Dubai,3583.94,5,75790.38,IN_TRANSIT,2026-01-08 05:00:00
R02194,Food,OWNER_053,Singapore,Kandla,Singapore,717.74,1,56542.71,IN_TRANSIT,2026-01-08 05:00:00
R02899,Chemicals,OWNER_043,Kochi,Mumbai,Kochi,812.27,2,38827.09,IN_TRANSIT,2026-01-08 06:00:00
R01418,Textiles,OWNER_080,Rotterdam,Dubai,Rotterdam,3300.96,6,406036.7,IN_TRANSIT,2026-01-08 07:00:00
R02006,Machinery,OWNER_097,Rotterdam,Kochi,Rotterdam,1979.05,5,42335.75,IN_TRANSIT,2026-01-08 08:00:00
R00975,Machinery,OWNER_069,Dubai,Kandla,Dubai,544.67,5,50176.44,IN_TRANSIT,2026-01-08 08:00:00
R01791,Electronics,OWNER_010,Kochi,Singapore,Kochi,1233.54,6,51508.58,IN_TRANSIT,2026-01-08 08:00:00
R00780,Food,OWNER_069,Kandla,Rotterdam,Kandla,1155.08,1,102235.91,IN_TRANSIT,2026-01-08 10:00:00
R02526,Textiles,OWNER_036,Colombo,Chennai,Colombo,914.23,4,221066.03,IN_TRANSIT,2026-01-08 12:00:00
R02852,Food,OWNER_074,Mumbai,Rotterdam,Mumbai,4788.24,3,46174.58,IN_TRANSIT,2026-01-08 13:00:00
R02378,Electronics,OWNER_006,Singapore,Dubai,Singapore,6185.23,4,254259.17,IN_TRANSIT,2026-01-08 13:00:00
R02544,Textiles,OWNER_078,Mumbai,Kandla,Mumbai,1519.03,7,242448.48,IN_TRANSIT,2026-01-08 14:00:00
R01182,Food,OWNER_095,Dubai,Mumbai,Dubai,6963.19,2,240005.52,IN_TRANSIT,2026-01-08 17:00:00
R00074,Electronics,OWNER_067,Colombo,Rotterdam,Colombo,1175.51,7,81682.34,IN_TRANSIT,2026-01-08 18:00:00
R02110,Food,OWNER_019,Dubai,Singapore,Dubai,2148.38,2,108036.86,IN_TRANSIT,2026-01-08 21:00:00
R00251,Textiles,OWNER_094,Rotterdam,Kochi,Rotterdam,780.77,7,130286.63,IN_TRANSIT,2026-01-09 02:00:00
R01400,Chemicals,OWNER_059,Rotterdam,Colombo,Rotterdam,2592.44,1,9139.6,IN_TRANSIT,2026-01-09 05:00:00
R00982,Chemicals,OWNER_077,Kochi,Mumbai,Kochi,1777.25,2,172478.3,IN_TRANSIT,2026-01-09 06:00:00
R00304,Chemicals,OWNER_017,Colombo,Rotterdam,Colombo,1340.02,6,122849.49,IN_TRANSIT,2026-01-09 08:00:00
R02684,Food,OWNER_028,Chennai,Colombo,Chennai,7338.85,7,32139.33,IN_TRANSIT,2026-01-09 09:00:00
R01124,Electronics,OWNER_057,Kochi,Kandla,Kochi,335.2,4,378655.27,IN_TRANSIT,2026-01-09 09:00:00
R01849,Chemicals,OWNER_039,Kochi,Colombo,Kochi,2345.51,5,38135.83,IN_TRANSIT,2026-01-09 12:00:00
R01594,Food,OWNER_053,Dubai,Singapore,Dubai,1600.37,7,140502.88,IN_TRANSIT,2026-01-09 14:00:00
R02450,Chemicals,OWNER_100,Colombo,Kochi,Colombo,2550.75,7,29568.37,IN_TRANSIT,2026-01-09 17:00:00
R01377,Textiles,OWNER_084,Kochi,Rotterdam,Kochi,1683.85,4,86585.58,IN_TRANSIT,2026-01-09 19:00:00
R02034,Textiles,OWNER_035,Kandla,Chennai,Kandla,4966.5,1,64113.06,IN_TRANSIT,2026-01-09 19:00:00
R00855,Textiles,OWNER_014,Rotterdam,Dubai,Rotterdam,1889.08,5,318571.3,IN_TRANSIT,2026-01-09 21:00:00
R02081,Textiles,OWNER_006,Kochi,Singapore,Kochi,596.95,1,11770.18,IN_TRANSIT,2026-01-09 22:00:00
R01097,Machinery,OWNER_002,Rotterdam,Kandla,Rotterdam,2549.9,1,60156.32,IN_TRANSIT,2026-01-10 01:00:00
R02698,Textiles,OWNER_095,Mumbai,Dubai,Mumbai,636.53,6,99467.62,IN_TRANSIT,2026-01-10 02:00:00
R02065,Machinery,OWNER_029,Singapore,Kandla,Singapore,1490.51,3,67838.77,IN_TRANSIT,2026-01-10 02:00:00
R00226,Electronics,OWNER_046,Rotterdam,Colombo,Rotterdam,831.32,5,211074.1,IN_TRANSIT,2026-01-10 03:00:00
R02431,Chemicals,OWNER_013,Dubai,Rotterdam,Dubai,3050.58,3,176417.65,IN_TRANSIT,2026-01-10 06:00:00
R01961,Textiles,OWNER_070,Mumbai,Chennai,Mumbai,992.1,4,92258.38,IN_TRANSIT,2026-01-10 06:00:00
R00392,Machinery,OWNER_047,Kandla,Dubai,Kandla,1775.41,2,85352.52,IN_TRANSIT,2026-01-10 08:00:00
R01700,Textiles,OWNER_062,Dubai,Singapore,Dubai,896.04,7,31364.82,IN_TRANSIT,2026-01-10 08:00:00
R00053,Machinery,OWNER_093,Colombo,Mumbai,Colombo,581.74,6,105191.34,IN_TRANSIT,2026-01-10 08:00:00
R02600,Textiles,OWNER_015,Singapore,Chennai,Singapore,3917.9,1,93638.08,IN_TRANSIT,2026-01-10 09:00:00
R01265,Textiles,OWNER_001,Colombo,Dubai,Colombo,2266.25,4,221130.46,IN_TRANSIT,2026-01-10 16:00:00
R01687,Chemicals,OWNER_001,Kandla,Singapore,Kandla,2662.05,3,78746.88,IN_TRANSIT,2026-01-10 16:00:00
R02789,Electronics,OWNER_082,Colombo,Dubai,Colombo,1100.19,5,152563.25,IN_TRANSIT,2026-01-10 18:00:00
R01872,Textiles,OWNER_030,Singapore,Chennai,Singapore,2401.42,6,32710.69,IN_TRANSIT,2026-01-10 19:00:00
R01884,Textiles,OWNER_055,Rotterdam,Colombo,Rotterdam,1010.37,3,29274.64,IN_TRANSIT,2026-01-10 21:00:00
R00343,Chemicals,OWNER_059,Mumbai,Singapore,Mumbai,1620.32,1,100177.76,IN_TRANSIT,2026-01-10 21:00:00
R00378,Machinery,OWNER_027,Kochi,Mumbai,Kochi,1932.3,2,29781.25,IN_TRANSIT,2026-01-11 00:00:00
R02713,Food,OWNER_040,Dubai,Colombo,Dubai,1350.48,6,31222.18,IN_TRANSIT,2026-01-11 00:00:00
R00093,Electronics,OWNER_029,Colombo,Rotterdam,Colombo,2428.62,4,154575.46,IN_TRANSIT,2026-01-11 00:00:00
R02731,Food,OWNER_025,Chennai,Singapore,Chennai,1876.07,3,176311.49,IN_TRANSIT,2026-01-11 02:00:00
R01770,Food,OWNER_026,Mumbai,Chennai,Mumbai,895.54,2,133545.46,IN_TRANSIT,2026-01-11 05:00:00
R00162,Machinery,OWNER_046,Chennai,Kochi,Chennai,2167.35,2,32652.79,IN_TRANSIT,2026-01-11 06:00:00
R00494,Machinery,OWNER_026,Colombo,Chennai,Colombo,2516.51,5,17699.09,IN_TRANSIT,2026-01-11 06:00:00
R00525,Machinery,OWNER_093,Kandla,Rotterdam,Kandla,1173.82,5,46435.63,IN_TRANSIT,2026-01-11 08:00:00
R01031,Food,OWNER_062,Kochi,Colombo,Kochi,1713.54,7,50031.45,IN_TRANSIT,2026-01-11 08:00:00
R00103,Food,OWNER_037,Dubai,Colombo,Dubai,2862.5,7,99511.68,IN_TRANSIT,2026-01-11 11:00:00
R02288,Electronics,OWNER_042,Rotterdam,Mumbai,Rotterdam,2342.25,1,307260.96,IN_TRANSIT,2026-01-11 12:00:00
R00440,Machinery,OWNER_020,Kandla,Chennai,Kandla,3751.88,5,70544.84,IN_TRANSIT,2026-01-11 15:00:00
R02750,Chemicals,OWNER_007,Mumbai,Kochi,Mumbai,1319.32,6,131098.05,IN_TRANSIT,2026-01-11 15:00:00
R02871,Textiles,OWNER_082,Rotterdam,Chennai,Rotterdam,529.72,7,95927.88,IN_TRANSIT,2026-01-11 15:00:00
R00898,Machinery,OWNER_052,Kochi,Colombo,Kochi,1189.83,2,47895.13,IN_TRANSIT,2026-01-11 18:00:00
R01965,Food,OWNER_030,Mumbai,Kochi,Mumbai,5720.8,6,225472.01,IN_TRANSIT,2026-01-11 20:00:00
R01217,Food,OWNER_001,Kandla,Mumbai,Kandla,2645.57,3,20284.25,IN_TRANSIT,2026-01-11 21:00:00
R02982,Electronics,OWNER_081,Dubai,Chennai,Dubai,2173.51,5,168614.58,IN_TRANSIT,2026-01-11 22:00:00
R00214,Textiles,OWNER_070,Chennai,Mumbai,Chennai,2158.61,7,46667.98,IN_TRANSIT,2026-01-12 00:00:00
R00170,Machinery,OWNER_019,Rotterdam,Dubai,Rotterdam,3435.14,2,184611.0,IN_TRANSIT,2026-01-12 01:00:00
R02981,Food,OWNER_049,Chennai,Colombo,Chennai,1647.21,7,24067.3,IN_TRANSIT,2026-01-12 01:00:00
R02326,Chemicals,OWNER_005,Kandla,Singapore,Kandla,4321.04,3,56611.63,IN_TRANSIT,2026-01-12 02:00:00
R00664,Food,OWNER_001,Rotterdam,Singapore,Rotterdam,1247.33,2,17677.46,IN_TRANSIT,2026-01-12 02:00:00
R00728,Textiles,OWNER_066,Colombo,Singapore,Colombo,4040.33,3,70229.95,IN_TRANSIT,2026-01-12 03:00:00
R01275,Textiles,OWNER_038,Kandla,Mumbai,Kandla,3450.06,7,54198.82,IN_TRANSIT,2026-01-12 03:00:00
R01006,Electronics,OWNER_082,Chennai,Singapore,Chennai,1801.28,1,25237.52,IN_TRANSIT,2026-01-12 04:00:00
R02714,Machinery,OWNER_008,Mumbai,Kandla,Mumbai,2119.83,5,95049.3,IN_TRANSIT,2026-01-12 04:00:00
R01168,Food,OWNER_077,Rotterdam,Colombo,Rotterdam,2613.24,7,194303.72,IN_TRANSIT,2026-01-12 05:00:00
R02449,Textiles,OWNER_096,Kandla,Mumbai,Kandla,2461.71,3,31561.55,IN_TRANSIT,2026-01-12 06:00:00
R01646,Machinery,OWNER_041,Colombo,Kandla,Colombo,2045.11,6,162664.16,IN_TRANSIT,2026-01-12 14:00:00
R01690,Food,OWNER_057,Singapore,Colombo,Singapore,2663.36,5,52400.1,IN_TRANSIT,2026-01-12 15:00:00
R00026,Electronics,OWNER_028,Colombo,Kochi,Colombo,12016.2,4,101877.62,IN_TRANSIT,2026-01-12 16:00:00
R02362,Electronics,OWNER_077,Rotterdam,Kochi,Rotterdam,1426.15,7,20216.2,IN_TRANSIT,2026-01-12 19:00:00
R00131,Chemicals,OWNER_046,Mumbai,Chennai,Mumbai,1586.49,6,60111.2,IN_TRANSIT,2026-01-12 19:00:00
R01667,Food,OWNER_080,Chennai,Kochi,Chennai,2363.08,6,402433.14,IN_TRANSIT,2026-01-12 20:00:00
R00539,Food,OWNER_025,Singapore,Dubai,Singapore,3271.16,7,87503.28,IN_TRANSIT,2026-01-12 22:00:00
R01601,Machinery,OWNER_048,Singapore,Kandla,Singapore,1423.27,6,85007.72,IN_TRANSIT,2026-01-13 03:00:00
R02089,Food,OWNER_034,Kochi,Colombo,Kochi,3347.38,1,109201.82,IN_TRANSIT,2026-01-13 05:00:00
R01224,Textiles,OWNER_059,Rotterdam,Kandla,Rotterdam,2640.66,5,78059.31,IN_TRANSIT,2026-01-13 05:00:00
R01015,Food,OWNER_045,Colombo,Singapore,Colombo,1130.73,4,11118.43,IN_TRANSIT,2026-01-13 08:00:00
R01726,Electronics,OWNER_071,Dubai,Singapore,Dubai,2011.73,3,61705.57,IN_TRANSIT,2026-01-13 09:00:00
R02671,Food,OWNER_061,Kandla,Singapore,Kandla,4525.19,6,81444.2,IN_TRANSIT,2026-01-13 11:00:00
R02123,Chemicals,OWNER_015,Kochi,Colombo,Kochi,1303.23,4,166026.62,IN_TRANSIT,2026-01-13 11:00:00
R00716,Electronics,OWNER_063,Chennai,Kochi,Chennai,2192.17,7,49466.65,IN_TRANSIT,2026-01-13 12:00:00
R01248,Food,OWNER_082,Singapore,Kochi,Singapore,2543.5,7,95217.81,IN_TRANSIT,2026-01-13 20:00:00
R00319,Electronics,OWNER_099,Mumbai,Chennai,Mumbai,3762.28,1,34460.73,IN_TRANSIT,2026-01-13 20:00:00
R01262,Textiles,OWNER_077,Rotterdam,Mumbai,Rotterdam,1662.88,7,32714.0,IN_TRANSIT,2026-01-13 21:00:00
R02187,Machinery,OWNER_035,Kandla,Dubai,Kandla,1501.48,4,138266.5,IN_TRANSIT,2026-01-13 21:00:00
R00165,Machinery,OWNER_014,Kandla,Rotterdam,Kandla,4061.13,2,9883.68,IN_TRANSIT,2026-01-13 22:00:00
R02931,Machinery,OWNER_039,Kandla,Singapore,Kandla,3897.0,7,28295.37,IN_TRANSIT,2026-01-13 22:00:00
R00719,Machinery,OWNER_023,Kandla,Mumbai,Kandla,639.69,1,306422.1,IN_TRANSIT,2026-01-13 22:00:00
R02237,Electronics,OWNER_038,Mumbai,Chennai,Mumbai,4438.75,4,97975.82,IN_TRANSIT,2026-01-13 22:00:00
R02946,Textiles,OWNER_081,Mumbai,Singapore,Mumbai,1365.02,5,102862.54,IN_TRANSIT,2026-01-14 00:00:00
R00499,Machinery,OWNER_095,Kandla,Singapore,Kandla,2073.64,1,100734.93,IN_TRANSIT,2026-01-14 01:00:00
R02716,Chemicals,OWNER_074,Dubai,Singapore,Dubai,1077.89,7,202812.44,IN_TRANSIT,2026-01-14 03:00:00
R00873,Machinery,OWNER_002,Singapore,Colombo,Singapore,303.49,6,70215.38,IN_TRANSIT,2026-01-14 06:00:00
R01776,Chemicals,OWNER_052,Kochi,Mumbai,Kochi,4158.2,7,346756.46,IN_TRANSIT,2026-01-14 08:00:00
R00172,Chemicals,OWNER_001,Chennai,Mumbai,Chennai,1622.94,6,329634.55,IN_TRANSIT,2026-01-14 09:00:00
R02419,Electronics,OWNER_049,Dubai,Mumbai,Dubai,2665.33,3,366411.46,IN_TRANSIT,2026-01-14 12:00:00
R00355,Food,OWNER_073,Singapore,Dubai,Singapore,518.54,4,69976.75,IN_TRANSIT,2026-01-14 12:00:00
R00424,Electronics,OWNER_031,Mumbai,Dubai,Mumbai,1314.69,1,35881.73,IN_TRANSIT,2026-01-14 13:00:00
R01745,Chemicals,OWNER_075,Kandla,Colombo,Kandla,4227.87,7,88670.85,IN_TRANSIT,2026-01-14 16:00:00
R00717,Food,OWNER_021,Dubai,Chennai,Dubai,1106.36,5,33360.58,IN_TRANSIT,2026-01-14 17:00:00
R02101,Electronics,OWNER_041,Kandla,Dubai,Kandla,432.06,1,152020.3,IN_TRANSIT,2026-01-14 18:00:00
R02025,Food,OWNER_049,Kandla,Dubai,Kandla,5069.28,3,60429.1,IN_TRANSIT,2026-01-14 19:00:00
R02007,Electronics,OWNER_096,Kandla,Dubai,Kandla,2887.91,2,124852.46,IN_TRANSIT,2026-01-14 21:00:00
R02321,Chemicals,OWNER_079,Mumbai,Chennai,Mumbai,3150.95,2,77182.51,IN_TRANSIT,2026-01-14 22:00:00
R00143,Chemicals,OWNER_003,Singapore,Kandla,Singapore,567.17,3,46865.94,IN_TRANSIT,2026-01-15 01:00:00
R00960,Chemicals,OWNER_004,Singapore,Kandla,Singapore,4528.72,3,154751.09,IN_TRANSIT,2026-01-15 03:00:00
R01192,Electronics,OWNER_061,Chennai,Colombo,Chennai,4548.95,7,119007.99,IN_TRANSIT,2026-01-15 03:00:00
R01183,Chemicals,OWNER_016,Mumbai,Colombo,Mumbai,1727.3,4,99533.82,IN_TRANSIT,2026-01-15 03:00:00
R02376,Textiles,OWNER_009,Rotterdam,Chennai,Rotterdam,1103.16,5,31515.86,IN_TRANSIT,2026-01-15 07:00:00
R02113,Textiles,OWNER_047,Mumbai,Singapore,Mumbai,2457.11,1,33321.28,IN_TRANSIT,2026-01-15 09:00:00
R00497,Machinery,OWNER_089,Colombo,Kochi,Colombo,1425.51,7,156918.0,IN_TRANSIT,2026-01-15 12:00:00
R02096,Chemicals,OWNER_047,Kochi,Colombo,Kochi,2563.62,2,61750.04,IN_TRANSIT,2026-01-15 13:00:00
R02265,Food,OWNER_040,Rotterdam,Chennai,Rotterdam,2557.93,1,74551.55,IN_TRANSIT,2026-01-15 16:00:00
R01715,Electronics,OWNER_017,Kandla,Singapore,Kandla,792.36,5,111520.74,IN_TRANSIT,2026-01-15 18:00:00
R00475,Machinery,OWNER_050,Singapore,Chennai,Singapore,2036.31,4,99212.28,IN_TRANSIT,2026-01-15 20:00:00
R01721,Machinery,OWNER_082,Singapore,Mumbai,Singapore,1546.18,3,84837.32,IN_TRANSIT,2026-01-15 21:00:00
R02887,Food,OWNER_011,Dubai,Chennai,Dubai,1000.63,6,213318.86,IN_TRANSIT,2026-01-16 01:00:00
R02720,Machinery,OWNER_068,Singapore,Kochi,Singapore,1826.84,6,30348.95,IN_TRANSIT,2026-01-16 01:00:00
R01380,Textiles,OWNER_047,Kandla,Dubai,Kandla,1635.56,1,169297.82,IN_TRANSIT,2026-01-16 02:00:00
R02253,Food,OWNER_082,Colombo,Dubai,Colombo,7761.97,7,113587.71,IN_TRANSIT,2026-01-16 03:00:00
R00023,Food,OWNER_042,Mumbai,Dubai,Mumbai,2085.99,2,142641.39,IN_TRANSIT,2026-01-16 04:00:00
R02651,Food,OWNER_073,Rotterdam,Kochi,Rotterdam,1316.31,7,101390.77,IN_TRANSIT,2026-01-16 07:00:00
R00320,Food,OWNER_004,Mumbai,Dubai,Mumbai,1704.34,5,71348.67,IN_TRANSIT,2026-01-16 07:00:00
R02980,Machinery,OWNER_010,Singapore,Chennai,Singapore,3204.65,5,58453.6,IN_TRANSIT,2026-01-16 08:00:00
R01028,Electronics,OWNER_025,Dubai,Kandla,Dubai,755.11,4,268291.15,IN_TRANSIT,2026-01-16 08:00:00
R02628,Machinery,OWNER_003,Colombo,Kochi,Colombo,1668.81,5,89516.13,IN_TRANSIT,2026-01-16 08:00:00
R00599,Food,OWNER_032,Mumbai,Colombo,Mumbai,2138.5,7,95756.65,IN_TRANSIT,2026-01-16 09:00:00
R00472,Textiles,OWNER_014,Dubai,Kandla,Dubai,3120.41,4,230499.72,IN_TRANSIT,2026-01-16 12:00:00
R02944,Textiles,OWNER_072,Mumbai,Singapore,Mumbai,1371.17,6,23237.61,IN_TRANSIT,2026-01-16 13:00:00
R00327,Chemicals,OWNER_023,Kochi,Mumbai,Kochi,995.71,6,50964.9,IN_TRANSIT,2026-01-16 14:00:00
R01135,Chemicals,OWNER_084,Kochi,Dubai,Kochi,2917.37,6,31353.78,IN_TRANSIT,2026-01-16 14:00:00
R02625,Machinery,OWNER_003,Mumbai,Kochi,Mumbai,1089.83,6,58053.73,IN_TRANSIT,2026-01-16 15:00:00
R00725,Textiles,OWNER_073,Dubai,Kochi,Dubai,711.77,7,31413.33,IN_TRANSIT,2026-01-16 19:00:00
R00679,Textiles,OWNER_025,Kandla,Kochi,Kandla,2689.33,3,77943.4,IN_TRANSIT,2026-01-16 21:00:00
R01139,Electronics,OWNER_070,Kandla,Dubai,Kandla,5688.89,1,19366.62,IN_TRANSIT,2026-01-16 23:00:00
R02030,Food,OWNER_033,Singapore,Chennai,Singapore,669.14,2,105990.7,IN_TRANSIT,2026-01-17 01:00:00
R02175,Electronics,OWNER_044,Chennai,Singapore,Chennai,1244.03,6,29436.55,IN_TRANSIT,2026-01-17 02:00:00
R01827,Electronics,OWNER_013,Chennai,Kochi,Chennai,2173.39,2,77774.7,IN_TRANSIT,2026-01-17 06:00:00
R00812,Food,OWNER_045,Kochi,Chennai,Kochi,1336.93,1,32491.85,IN_TRANSIT,2026-01-17 07:00:00
R00263,Machinery,OWNER_023,Kandla,Mumbai,Kandla,3453.24,5,74788.38,IN_TRANSIT,2026-01-17 07:00:00
R02696,Food,OWNER_079,Chennai,Rotterdam,Chennai,1305.77,2,46617.31,IN_TRANSIT,2026-01-17 09:00:00
R02048,Electronics,OWNER_059,Mumbai,Kandla,Mumbai,1418.64,3,69425.9,IN_TRANSIT,2026-01-17 10:00:00
R00545,Machinery,OWNER_033,Rotterdam,Dubai,Rotterdam,1492.98,3,13325.89,IN_TRANSIT,2026-01-17 11:00:00
R00944,Textiles,OWNER_098,Kandla,Mumbai,Kandla,1526.83,6,119018.21,IN_TRANSIT,2026-01-17 11:00:00
R01397,Electronics,OWNER_045,Kochi,Mumbai,Kochi,1972.5,6,133584.54,IN_TRANSIT,2026-01-17 12:00:00
R02095,Textiles,OWNER_001,Mumbai,Kochi,Mumbai,741.07,2,98372.12,IN_TRANSIT,2026-01-17 12:00:00
R00211,Machinery,OWNER_040,Colombo,Kochi,Colombo,4177.59,5,75341.19,IN_TRANSIT,2026-01-17 16:00:00
R01403,Food,OWNER_009,Mumbai,Kochi,Mumbai,1342.6,3,33589.67,IN_TRANSIT,2026-01-17 16:00:00
R01649,Electronics,OWNER_074,Dubai,Chennai,Dubai,2693.27,1,93868.78,IN_TRANSIT,2026-01-17 20:00:00
R02540,Textiles,OWNER_100,Colombo,Kochi,Colombo,6025.61,2,50890.86,IN_TRANSIT,2026-01-17 22:00:00
R00403,Food,OWNER_095,Dubai,Singapore,Dubai,583.28,3,66340.5,IN_TRANSIT,2026-01-17 22:00:00
R01408,Textiles,OWNER_097,Mumbai,Chennai,Mumbai,1285.4,2,21247.96,IN_TRANSIT,2026-01-17 22:00:00
R00577,Machinery,OWNER_016,Chennai,Singapore,Chennai,2596.19,4,101753.97,IN_TRANSIT,2026-01-17 22:00:00
R02003,Chemicals,OWNER_067,Dubai,Colombo,Dubai,868.2,7,93489.36,IN_TRANSIT,2026-01-17 23:00:00
R00665,Machinery,OWNER_035,Mumbai,Chennai,Mumbai,732.75,5,77350.97,IN_TRANSIT,2026-01-18 00:00:00
R01072,Textiles,OWNER_023,Singapore,Chennai,Singapore,1092.1,4,101548.82,IN_TRANSIT,2026-01-18 01:00:00
R02240,Food,OWNER_073,Singapore,Colombo,Singapore,1512.41,7,78144.3,IN_TRANSIT,2026-01-18 01:00:00
R00061,Food,OWNER_073,Colombo,Singapore,Colombo,2907.37,4,69316.45,IN_TRANSIT,2026-01-18 02:00:00
R00721,Chemicals,OWNER_046,Chennai,Mumbai,Chennai,641.19,1,31809.47,IN_TRANSIT,2026-01-18 03:00:00
R01878,Food,OWNER_050,Chennai,Singapore,Chennai,1330.79,5,61659.11,IN_TRANSIT,2026-01-18 05:00:00
R01158,Machinery,OWNER_032,Rotterdam,Colombo,Rotterdam,1822.61,2,29986.07,IN_TRANSIT,2026-01-18 06:00:00
R02673,Machinery,OWNER_046,Mumbai,Singapore,Mumbai,1963.78,1,89079.32,IN_TRANSIT,2026-01-18 11:00:00
R02463,Chemicals,OWNER_046,Dubai,Colombo,Dubai,1178.71,4,31496.23,IN_TRANSIT,2026-01-18 14:00:00
R00430,Textiles,OWNER_044,Mumbai,Rotterdam,Mumbai,1768.98,2,49353.67,IN_TRANSIT,2026-01-18 14:00:00
R02333,Chemicals,OWNER_064,Rotterdam,Dubai,Rotterdam,2589.13,7,145238.02,IN_TRANSIT,2026-01-18 15:00:00
R02900,Electronics,OWNER_084,Rotterdam,Kandla,Rotterdam,442.14,3,186447.86,IN_TRANSIT,2026-01-18 17:00:00
R00872,Textiles,OWNER_005,Dubai,Chennai,Dubai,5237.9,5,146512.43,IN_TRANSIT,2026-01-18 19:00:00
R00223,Machinery,OWNER_021,Mumbai,Chennai,Mumbai,1318.14,4,67378.59,IN_TRANSIT,2026-01-18 20:00:00
R01374,Food,OWNER_039,Colombo,Mumbai,Colombo,1622.48,3,169161.9,IN_TRANSIT,2026-01-18 21:00:00
R02835,Electronics,OWNER_083,Kandla,Singapore,Kandla,368.39,5,566260.48,IN_TRANSIT,2026-01-18 23:00:00
R02307,Textiles,OWNER_074,Singapore,Colombo,Singapore,901.34,4,402989.02,IN_TRANSIT,2026-01-19 00:00:00
R00800,Textiles,OWNER_075,Kandla,Colombo,Kandla,833.2,5,248413.17,IN_TRANSIT,2026-01-19 00:00:00
R01033,Food,OWNER_077,Mumbai,Rotterdam,Mumbai,1252.88,3,62949.03,IN_TRANSIT,2026-01-19 01:00:00
R02833,Textiles,OWNER_061,Dubai,Rotterdam,Dubai,3580.78,5,74140.15,IN_TRANSIT,2026-01-19 02:00:00
R02068,Machinery,OWNER_069,Dubai,Mumbai,Dubai,1925.85,3,52175.47,IN_TRANSIT,2026-01-19 02:00:00
R00535,Food,OWNER_060,Singapore,Rotterdam,Singapore,1902.84,7,139642.13,IN_TRANSIT,2026-01-19 03:00:00
R01679,Food,OWNER_094,Kochi,Rotterdam,Kochi,2261.31,4,45630.12,IN_TRANSIT,2026-01-19 05:00:00
R02918,Food,OWNER_013,Mumbai,Rotterdam,Mumbai,1361.89,5,38851.37,IN_TRANSIT,2026-01-19 06:00:00
R02226,Electronics,OWNER_027,Chennai,Singapore,Chennai,788.78,4,79703.04,IN_TRANSIT,2026-01-19 07:00:00
R01372,Chemicals,OWNER_004,Kandla,Mumbai,Kandla,1108.74,4,57809.39,IN_TRANSIT,2026-01-19 08:00:00
R01677,Food,OWNER_088,Kochi,Chennai,Kochi,1243.09,7,30967.39,IN_TRANSIT,2026-01-19 09:00:00
R00943,Machinery,OWNER_049,Mumbai,Colombo,Mumbai,3560.05,7,75300.93,IN_TRANSIT,2026-01-19 12:00:00
R02311,Food,OWNER_015,Chennai,Dubai,Chennai,1988.03,1,111597.76,IN_TRANSIT,2026-01-19 13:00:00
R02185,Textiles,OWNER_031,Dubai,Mumbai,Dubai,2247.32,6,106854.94,IN_TRANSIT,2026-01-19 14:00:00
R02710,Chemicals,OWNER_095,Mumbai,Rotterdam,Mumbai,1360.78,6,34284.87,IN_TRANSIT,2026-01-19 18:00:00
R00517,Machinery,OWNER_042,Chennai,Kandla,Chennai,3396.07,6,33338.63,IN_TRANSIT,2026-01-19 18:00:00
R00682,Chemicals,OWNER_067,Singapore,Colombo,Singapore,4162.27,1,38878.44,IN_TRANSIT,2026-01-19 19:00:00
R00236,Food,OWNER_100,Dubai,Chennai,Dubai,4638.17,1,54178.76,IN_TRANSIT,2026-01-19 19:00:00
R02192,Machinery,OWNER_072,Singapore,Chennai,Singapore,3537.07,6,57866.59,IN_TRANSIT,2026-01-19 20:00:00
R02367,Machinery,OWNER_084,Colombo,Mumbai,Colombo,1473.46,1,46315.08,IN_TRANSIT,2026-01-19 20:00:00
R01570,Food,OWNER_059,Dubai,Kandla,Dubai,2163.01,4,378208.24,IN_TRANSIT,2026-01-19 21:00:00
R01801,Food,OWNER_013,Colombo,Kandla,Colombo,2414.52,5,246536.9,IN_TRANSIT,2026-01-19 22:00:00
R01678,Chemicals,OWNER_081,Rotterdam,Kandla,Rotterdam,1119.36,5,58876.43,IN_TRANSIT,2026-01-19 22:00:00
R00832,Chemicals,OWNER_016,Dubai,Colombo,Dubai,2943.07,7,32648.75,IN_TRANSIT,2026-01-19 23:00:00
R01779,Machinery,OWNER_010,Chennai,Dubai,Chennai,2909.61,2,83712.94,IN_TRANSIT,2026-01-20 00:00:00
R02061,Machinery,OWNER_066,Colombo,Dubai,Colombo,14462.47,6,185753.0,IN_TRANSIT,2026-01-20 00:00:00
R02441,Electronics,OWNER_061,Singapore,Dubai,Singapore,1036.57,1,50857.1,IN_TRANSIT,2026-01-20 01:00:00
R00655,Food,OWNER_097,Rotterdam,Chennai,Rotterdam,1102.61,6,40370.59,IN_TRANSIT,2026-01-20 03:00:00
R01680,Textiles,OWNER_085,Colombo,Mumbai,Colombo,2037.35,4,172981.33,IN_TRANSIT,2026-01-20 04:00:00
R01780,Electronics,OWNER_059,Singapore,Chennai,Singapore,1087.32,4,48426.76,IN_TRANSIT,2026-01-20 05:00:00
R02005,Food,OWNER_043,Dubai,Singapore,Dubai,1952.85,1,88941.57,IN_TRANSIT,2026-01-20 05:00:00
R00811,Electronics,OWNER_028,Chennai,Rotterdam,Chennai,4157.27,7,34942.81,IN_TRANSIT,2026-01-20 07:00:00
R00662,Machinery,OWNER_089,Rotterdam,Chennai,Rotterdam,929.48,3,86039.82,IN_TRANSIT,2026-01-20 07:00:00
R01765,Machinery,OWNER_012,Colombo,Kochi,Colombo,1335.84,6,117108.49,IN_TRANSIT,2026-01-20 09:00:00
R02885,Textiles,OWNER_060,Rotterdam,Dubai,Rotterdam,1332.6,7,31683.13,IN_TRANSIT,2026-01-20 10:00:00
R02163,Machinery,OWNER_019,Kandla,Kochi,Kandla,1175.27,7,54522.67,IN_TRANSIT,2026-01-20 11:00:00
R02603,Machinery,OWNER_013,Dubai,Kochi,Dubai,1526.22,2,33206.28,IN_TRANSIT,2026-01-20 13:00:00
R02774,Textiles,OWNER_024,Colombo,Kandla,Colombo,2462.63,7,23776.72,IN_TRANSIT,2026-01-20 13:00:00
R00278,Chemicals,OWNER_021,Kochi,Singapore,Kochi,1251.26,4,44369.93,IN_TRANSIT,2026-01-20 14:00:00
R01161,Machinery,OWNER_092,Kochi,Singapore,Kochi,13578.27,5,66482.89,IN_TRANSIT,2026-01-20 15:00:00
R00579,Chemicals,OWNER_010,Mumbai,Chennai,Mumbai,4116.48,2,112414.37,IN_TRANSIT,2026-01-20 16:00:00
R01747,Electronics,OWNER_060,Mumbai,Kochi,Mumbai,4235.1,4,52149.65,IN_TRANSIT,2026-01-20 16:00:00
R02759,Chemicals,OWNER_020,Singapore,Chennai,Singapore,585.17,2,109157.89,IN_TRANSIT,2026-01-20 16:00:00
R00115,Chemicals,OWNER_068,Mumbai,Colombo,Mumbai,716.64,5,38358.1,IN_TRANSIT,2026-01-20 16:00:00
R01650,Machinery,OWNER_082,Singapore,Kochi,Singapore,1321.1,5,57773.84,IN_TRANSIT,2026-01-20 17:00:00
R02371,Textiles,OWNER_021,Rotterdam,Singapore,Rotterdam,1112.06,5,42105.54,IN_TRANSIT,2026-01-20 17:00:00
R00618,Machinery,OWNER_035,Colombo,Kandla,Colombo,2567.14,2,35114.2,IN_TRANSIT,2026-01-20 18:00:00
R01900,Electronics,OWNER_070,Kochi,Rotterdam,Kochi,4164.45,4,108594.51,IN_TRANSIT,2026-01-20 20:00:00
R01487,Chemicals,OWNER_093,Rotterdam,Colombo,Rotterdam,1963.95,5,13986.13,IN_TRANSIT,2026-01-20 20:00:00
R01811,Food,OWNER_100,Colombo,Dubai,Colombo,3228.48,3,22579.56,IN_TRANSIT,2026-01-20 21:00:00
R02471,Machinery,OWNER_022,Dubai,Singapore,Dubai,4716.33,1,112691.51,IN_TRANSIT,2026-01-20 22:00:00
R00134,Machinery,OWNER_028,Chennai,Mumbai,Chennai,654.41,4,126576.13,IN_TRANSIT,2026-01-20 23:00:00
R00168,Food,OWNER_004,Colombo,Kandla,Colombo,5076.51,6,44455.06,IN_TRANSIT,2026-01-20 23:00:00
R02085,Chemicals,OWNER_071,Kochi,Singapore,Kochi,2574.46,5,19862.2,IN_TRANSIT,2026-01-21 01:00:00
R01664,Electronics,OWNER_080,Kochi,Kandla,Kochi,3910.68,6,648400.97,IN_TRANSIT,2026-01-21 04:00:00
R01571,Machinery,OWNER_028,Chennai,Kochi,Chennai,1542.54,4,364745.42,IN_TRANSIT,2026-01-21 07:00:00
R02717,Textiles,OWNER_030,Colombo,Rotterdam,Colombo,795.06,5,163498.2,IN_TRANSIT,2026-01-21 11:00:00
R02772,Chemicals,OWNER_050,Singapore,Kochi,Singapore,950.25,1,43393.57,IN_TRANSIT,2026-01-21 11:00:00
R01984,Food,OWNER_001,Singapore,Dubai,Singapore,2130.81,4,124314.9,IN_TRANSIT,2026-01-21 12:00:00
R01318,Chemicals,OWNER_093,Singapore,Colombo,Singapore,1401.79,4,38515.52,IN_TRANSIT,2026-01-21 13:00:00
R02121,Food,OWNER_063,Colombo,Mumbai,Colombo,2299.95,3,104506.09,IN_TRANSIT,2026-01-21 14:00:00
R00605,Chemicals,OWNER_004,Colombo,Mumbai,Colombo,3376.89,2,39614.39,IN_TRANSIT,2026-01-21 21:00:00
R01046,Food,OWNER_034,Dubai,Colombo,Dubai,509.09,1,56060.7,IN_TRANSIT,2026-01-21 22:00:00
R01089,Machinery,OWNER_093,Dubai,Chennai,Dubai,1552.13,3,286287.61,IN_TRANSIT,2026-01-22 00:00:00
R00242,Electronics,OWNER_039,Rotterdam,Singapore,Rotterdam,2951.31,6,59821.35,IN_TRANSIT,2026-01-22 02:00:00
R01064,Chemicals,OWNER_085,Rotterdam,Chennai,Rotterdam,2111.33,5,37113.45,IN_TRANSIT,2026-01-22 04:00:00
R01156,Food,OWNER_064,Chennai,Mumbai,Chennai,1038.46,7,49207.49,IN_TRANSIT,2026-01-22 05:00:00
R00519,Chemicals,OWNER_022,Kochi,Chennai,Kochi,1426.7,2,47713.19,IN_TRANSIT,2026-01-22 07:00:00
R01333,Textiles,OWNER_079,Chennai,Mumbai,Chennai,1152.11,6,57521.15,IN_TRANSIT,2026-01-22 10:00:00
R00974,Machinery,OWNER_062,Mumbai,Kandla,Mumbai,3187.92,3,177491.51,IN_TRANSIT,2026-01-22 10:00:00
R01255,Chemicals,OWNER_064,Rotterdam,Singapore,Rotterdam,853.89,1,54570.82,IN_TRANSIT,2026-01-22 10:00:00
R02286,Electronics,OWNER_072,Kandla,Mumbai,Kandla,3347.65,4,130308.1,IN_TRANSIT,2026-01-22 10:00:00
R02246,Machinery,OWNER_083,Colombo,Singapore,Colombo,1123.54,2,29651.29,IN_TRANSIT,2026-01-22 12:00:00
R01365,Electronics,OWNER_044,Kandla,Mumbai,Kandla,1530.36,7,38776.01,IN_TRANSIT,2026-01-22 15:00:00
R02839,Electronics,OWNER_050,Colombo,Rotterdam,Colombo,3304.44,7,65692.15,IN_TRANSIT,2026-01-22 15:00:00
R01952,Textiles,OWNER_071,Mumbai,Rotterdam,Mumbai,845.65,3,125090.74,IN_TRANSIT,2026-01-22 16:00:00
R02430,Food,OWNER_054,Colombo,Singapore,Colombo,5532.13,2,63096.52,IN_TRANSIT,2026-01-22 18:00:00
R02465,Chemicals,OWNER_062,Singapore,Colombo,Singapore,2726.45,7,49446.95,IN_TRANSIT,2026-01-22 19:00:00
R00071,Machinery,OWNER_059,Dubai,Colombo,Dubai,1342.78,4,208488.79,IN_TRANSIT,2026-01-22 22:00:00
R00316,Machinery,OWNER_007,Mumbai,Dubai,Mumbai,3519.94,5,64140.88,IN_TRANSIT,2026-01-23 03:00:00
R02537,Chemicals,OWNER_011,Kochi,Kandla,Kochi,1998.74,7,74900.64,IN_TRANSIT,2026-01-23 03:00:00
R02146,Electronics,OWNER_026,Colombo,Chennai,Colombo,2190.87,4,51790.58,IN_TRANSIT,2026-01-23 04:00:00
R00264,Machinery,OWNER_043,Colombo,Kandla,Colombo,4495.23,2,84546.03,IN_TRANSIT,2026-01-23 06:00:00
R00569,Textiles,OWNER_019,Kandla,Rotterdam,Kandla,879.43,1,48149.69,IN_TRANSIT,2026-01-23 06:00:00
R00854,Textiles,OWNER_064,Kandla,Kochi,Kandla,942.2,2,650197.19,IN_TRANSIT,2026-01-23 07:00:00
R01060,Electronics,OWNER_022,Kandla,Kochi,Kandla,1858.54,2,55887.74,IN_TRANSIT,2026-01-23 08:00:00
R00933,Chemicals,OWNER_034,Dubai,Kandla,Dubai,914.12,6,165314.61,IN_TRANSIT,2026-01-23 08:00:00
R02244,Chemicals,OWNER_098,Mumbai,Chennai,Mumbai,1741.87,6,11907.31,IN_TRANSIT,2026-01-23 09:00:00
R00936,Chemicals,OWNER_033,Kandla,Mumbai,Kandla,1492.29,1,97390.4,IN_TRANSIT,2026-01-23 09:00:00
R02879,Electronics,OWNER_076,Kandla,Chennai,Kandla,6110.1,5,204349.08,IN_TRANSIT,2026-01-23 10:00:00
R00520,Electronics,OWNER_020,Singapore,Kandla,Singapore,3001.64,1,133558.88,IN_TRANSIT,2026-01-23 11:00:00
R02453,Machinery,OWNER_080,Kochi,Dubai,Kochi,9414.71,7,58062.38,IN_TRANSIT,2026-01-23 11:00:00
R02297,Machinery,OWNER_088,Mumbai,Rotterdam,Mumbai,2633.48,3,88756.37,IN_TRANSIT,2026-01-23 11:00:00
R00532,Textiles,OWNER_054,Dubai,Chennai,Dubai,3795.34,6,73018.29,IN_TRANSIT,2026-01-23 13:00:00
R02211,Chemicals,OWNER_077,Kochi,Mumbai,Kochi,2102.38,2,102735.0,IN_TRANSIT,2026-01-23 16:00:00
R00145,Food,OWNER_015,Singapore,Chennai,Singapore,888.24,1,76750.01,IN_TRANSIT,2026-01-23 16:00:00
R02139,Textiles,OWNER_026,Kandla,Mumbai,Kandla,998.12,6,19547.89,IN_TRANSIT,2026-01-23 17:00:00
R00409,Food,OWNER_076,Singapore,Kochi,Singapore,1696.38,1,22282.36,IN_TRANSIT,2026-01-23 18:00:00
R01639,Textiles,OWNER_082,Chennai,Dubai,Chennai,3232.02,6,48515.91,IN_TRANSIT,2026-01-23 18:00:00
R01465,Food,OWNER_094,Chennai,Dubai,Chennai,1054.18,6,55169.12,IN_TRANSIT,2026-01-23 20:00:00
R02317,Machinery,OWNER_094,Colombo,Kandla,Colombo,3173.17,6,6938.84,IN_TRANSIT,2026-01-23 22:00:00
R01007,Electronics,OWNER_099,Kandla,Dubai,Kandla,1141.35,2,71166.62,IN_TRANSIT,2026-01-24 01:00:00
R00286,Machinery,OWNER_075,Chennai,Colombo,Chennai,4387.45,2,60516.6,IN_TRANSIT,2026-01-24 01:00:00
R00548,Food,OWNER_072,Chennai,Rotterdam,Chennai,1770.28,5,166448.77,IN_TRANSIT,2026-01-24 04:00:00
R02457,Chemicals,OWNER_009,Rotterdam,Colombo,Rotterdam,6138.55,4,44834.62,IN_TRANSIT,2026-01-24 08:00:00
R01820,Food,OWNER_052,Chennai,Mumbai,Chennai,2607.89,6,108886.64,IN_TRANSIT,2026-01-24 08:00:00
R01694,Electronics,OWNER_086,Chennai,Colombo,Chennai,1417.71,4,180992.31,IN_TRANSIT,2026-01-24 09:00:00
R01023,Electronics,OWNER_021,Singapore,Kandla,Singapore,2688.09,7,83546.54,IN_TRANSIT,2026-01-24 09:00:00
R00813,Machinery,OWNER_040,Kochi,Dubai,Kochi,1157.89,7,68469.21,IN_TRANSIT,2026-01-24 12:00:00
R01299,Machinery,OWNER_089,Kandla,Rotterdam,Kandla,3982.12,6,135113.57,IN_TRANSIT,2026-01-24 12:00:00
R01826,Machinery,OWNER_029,Mumbai,Dubai,Mumbai,1246.23,4,230478.87,IN_TRANSIT,2026-01-24 13:00:00
R00273,Textiles,OWNER_020,Dubai,Singapore,Dubai,1792.34,1,62779.99,IN_TRANSIT,2026-01-24 14:00:00
R02970,Electronics,OWNER_062,Colombo,Chennai,Colombo,1926.32,3,182407.53,IN_TRANSIT,2026-01-24 15:00:00
R01137,Electronics,OWNER_080,Colombo,Rotterdam,Colombo,1348.43,7,42531.18,IN_TRANSIT,2026-01-24 16:00:00
R02747,Textiles,OWNER_078,Dubai,Rotterdam,Dubai,1600.16,6,74933.41,IN_TRANSIT,2026-01-24 17:00:00
R01106,Food,OWNER_018,Singapore,Mumbai,Singapore,1110.16,3,242494.96,IN_TRANSIT,2026-01-24 20:00:00
R02836,Chemicals,OWNER_095,Kochi,Singapore,Kochi,1008.71,6,146037.01,IN_TRANSIT,2026-01-24 21:00:00
R01366,Chemicals,OWNER_041,Colombo,Dubai,Colombo,1627.73,7,127652.21,IN_TRANSIT,2026-01-24 21:00:00
R00849,Chemicals,OWNER_030,Kandla,Colombo,Kandla,4938.58,4,57863.19,IN_TRANSIT,2026-01-25 02:00:00
R02305,Machinery,OWNER_056,Singapore,Kandla,Singapore,1644.84,2,48702.81,IN_TRANSIT,2026-01-25 06:00:00
R00299,Electronics,OWNER_095,Kandla,Mumbai,Kandla,2555.2,7,17648.58,IN_TRANSIT,2026-01-25 07:00:00
R01589,Textiles,OWNER_041,Rotterdam,Singapore,Rotterdam,1649.2,7,74453.18,IN_TRANSIT,2026-01-25 10:00:00
R01148,Food,OWNER_092,Singapore,Kochi,Singapore,1735.49,4,19840.37,IN_TRANSIT,2026-01-25 12:00:00
R01888,Electronics,OWNER_055,Singapore,Dubai,Singapore,1816.85,5,34401.81,IN_TRANSIT,2026-01-25 16:00:00
R01078,Textiles,OWNER_035,Singapore,Mumbai,Singapore,2070.65,5,85978.67,IN_TRANSIT,2026-01-25 17:00:00
R01581,Chemicals,OWNER_024,Colombo,Chennai,Colombo,2068.25,4,57274.3,IN_TRANSIT,2026-01-25 17:00:00
R00799,Electronics,OWNER_024,Kochi,Chennai,Kochi,1356.13,7,106681.99,IN_TRANSIT,2026-01-25 20:00:00
R02215,Textiles,OWNER_074,Kandla,Colombo,Kandla,3020.78,3,52184.77,IN_TRANSIT,2026-01-25 20:00:00
R01131,Food,OWNER_006,Rotterdam,Mumbai,Rotterdam,1146.2,6,233671.25,IN_TRANSIT,2026-01-25 21:00:00
R01572,Machinery,OWNER_059,Kandla,Chennai,Kandla,2072.1,1,40022.38,IN_TRANSIT,2026-01-26 00:00:00
R01911,Chemicals,OWNER_058,Mumbai,Rotterdam,Mumbai,959.08,2,301478.53,IN_TRANSIT,2026-01-26 00:00:00
R02822,Electronics,OWNER_079,Kandla,Kochi,Kandla,2373.18,4,226136.88,IN_TRANSIT,2026-01-26 02:00:00
R00247,Machinery,OWNER_019,Chennai,Colombo,Chennai,533.42,2,147448.59,IN_TRANSIT,2026-01-26 03:00:00
R00130,Electronics,OWNER_094,Rotterdam,Colombo,Rotterdam,1056.42,7,39107.4,IN_TRANSIT,2026-01-26 03:00:00
R01256,Textiles,OWNER_025,Kochi,Rotterdam,Kochi,702.39,7,44433.25,IN_TRANSIT,2026-01-26 06:00:00
R02632,Textiles,OWNER_032,Dubai,Kandla,Dubai,1190.85,5,49353.36,IN_TRANSIT,2026-01-26 07:00:00
R02328,Food,OWNER_041,Mumbai,Rotterdam,Mumbai,5522.42,3,23119.74,IN_TRANSIT,2026-01-26 08:00:00
R02945,Electronics,OWNER_050,Singapore,Colombo,Singapore,1169.82,4,63564.04,IN_TRANSIT,2026-01-26 09:00:00
R01437,Textiles,OWNER_026,Kandla,Rotterdam,Kandla,4019.84,7,60276.04,IN_TRANSIT,2026-01-26 13:00:00
R02408,Electronics,OWNER_085,Kandla,Mumbai,Kandla,1380.05,1,123344.39,IN_TRANSIT,2026-01-26 13:00:00
R00447,Textiles,OWNER_020,Kandla,Mumbai,Kandla,7111.55,7,72152.02,IN_TRANSIT,2026-01-26 17:00:00
R00991,Food,OWNER_042,Dubai,Rotterdam,Dubai,6312.95,4,92352.57,IN_TRANSIT,2026-01-26 18:00:00
R00746,Machinery,OWNER_035,Singapore,Chennai,Singapore,1771.57,1,23045.89,IN_TRANSIT,2026-01-26 18:00:00
R00458,Textiles,OWNER_033,Colombo,Chennai,Colombo,1678.56,1,79672.84,IN_TRANSIT,2026-01-26 19:00:00
R01450,Machinery,OWNER_081,Dubai,Singapore,Dubai,1821.16,3,10841.83,IN_TRANSIT,2026-01-26 21:00:00
R01542,Textiles,OWNER_008,Dubai,Mumbai,Dubai,1698.47,2,21103.33,IN_TRANSIT,2026-01-26 22:00:00
R01948,Electronics,OWNER_037,Dubai,Rotterdam,Dubai,3532.0,4,131164.24,IN_TRANSIT,2026-01-26 23:00:00
R02660,Machinery,OWNER_086,Kandla,Kochi,Kandla,1227.95,6,28263.41,IN_TRANSIT,2026-01-27 02:00:00
R01545,Textiles,OWNER_068,Chennai,Colombo,Chennai,793.19,4,10827.95,IN_TRANSIT,2026-01-27 04:00:00
R02201,Machinery,OWNER_015,Chennai,Kandla,Chennai,1925.71,4,68293.9,IN_TRANSIT,2026-01-27 06:00:00
R02754,Electronics,OWNER_098,Rotterdam,Kandla,Rotterdam,1826.09,3,154136.88,IN_TRANSIT,2026-01-27 07:00:00
R02705,Machinery,OWNER_019,Rotterdam,Singapore,Rotterdam,2620.93,2,33768.25,IN_TRANSIT,2026-01-27 10:00:00
R00792,Machinery,OWNER_054,Kandla,Colombo,Kandla,1661.11,2,101831.82,IN_TRANSIT,2026-01-27 11:00:00
R01597,Chemicals,OWNER_060,Chennai,Kandla,Chennai,2128.09,1,147893.18,IN_TRANSIT,2026-01-27 12:00:00
R00418,Textiles,OWNER_028,Colombo,Kandla,Colombo,1572.97,2,16696.1,IN_TRANSIT,2026-01-27 14:00:00
R01725,Chemicals,OWNER_092,Kochi,Singapore,Kochi,513.69,2,36196.66,IN_TRANSIT,2026-01-27 14:00:00
R00568,Chemicals,OWNER_030,Singapore,Mumbai,Singapore,1797.57,2,18392.84,IN_TRANSIT,2026-01-27 15:00:00
R02309,Electronics,OWNER_050,Chennai,Dubai,Chennai,1779.55,7,76568.47,IN_TRANSIT,2026-01-27 15:00:00
R02433,Chemicals,OWNER_040,Dubai,Kandla,Dubai,1083.14,1,82120.73,IN_TRANSIT,2026-01-27 16:00:00
R00042,Food,OWNER_085,Colombo,Singapore,Colombo,1917.58,1,87779.45,IN_TRANSIT,2026-01-27 16:00:00
R00085,Machinery,OWNER_051,Rotterdam,Kochi,Rotterdam,2268.11,7,385225.6,IN_TRANSIT,2026-01-27 17:00:00
R00622,Textiles,OWNER_003,Mumbai,Rotterdam,Mumbai,1960.69,5,59627.29,IN_TRANSIT,2026-01-27 18:00:00
R02469,Electronics,OWNER_003,Chennai,Mumbai,Chennai,7664.04,2,83215.05,IN_TRANSIT,2026-01-27 19:00:00
R00474,Machinery,OWNER_072,Chennai,Rotterdam,Chennai,557.66,4,106456.16,IN_TRANSIT,2026-01-27 20:00:00
R00153,Textiles,OWNER_097,Dubai,Chennai,Dubai,1322.39,5,28863.59,IN_TRANSIT,2026-01-27 21:00:00
R00881,Chemicals,OWNER_060,Colombo,Kandla,Colombo,3958.77,3,33144.87,IN_TRANSIT,2026-01-27 22:00:00
R00429,Chemicals,OWNER_088,Kandla,Colombo,Kandla,4700.66,5,162712.35,IN_TRANSIT,2026-01-27 23:00:00
R01486,Textiles,OWNER_055,Chennai,Kochi,Chennai,1660.16,2,24171.34,IN_TRANSIT,2026-01-27 23:00:00
R01439,Machinery,OWNER_053,Dubai,Kandla,Dubai,1598.25,2,60600.26,IN_TRANSIT,2026-01-28 00:00:00
R02816,Machinery,OWNER_070,Dubai,Kochi,Dubai,5568.29,1,72913.15,IN_TRANSIT,2026-01-28 05:00:00
R02373,Food,OWNER_052,Rotterdam,Kochi,Rotterdam,632.23,2,63511.08,IN_TRANSIT,2026-01-28 05:00:00
R00836,Machinery,OWNER_063,Kandla,Chennai,Kandla,1550.73,3,85047.8,IN_TRANSIT,2026-01-28 07:00:00
R02295,Chemicals,OWNER_026,Kandla,Singapore,Kandla,2019.45,7,95366.53,IN_TRANSIT,2026-01-28 10:00:00
R00723,Machinery,OWNER_017,Mumbai,Kochi,Mumbai,1184.0,3,100321.82,IN_TRANSIT,2026-01-28 10:00:00
R00526,Food,OWNER_012,Singapore,Rotterdam,Singapore,1634.62,4,229747.28,IN_TRANSIT,2026-01-28 10:00:00
R02323,Machinery,OWNER_018,Rotterdam,Dubai,Rotterdam,2136.58,2,59717.99,IN_TRANSIT,2026-01-28 10:00:00
R02071,Chemicals,OWNER_086,Kandla,Mumbai,Kandla,1486.25,6,21434.39,IN_TRANSIT,2026-01-28 12:00:00
R02331,Textiles,OWNER_094,Colombo,Rotterdam,Colombo,1720.35,5,41912.67,IN_TRANSIT,2026-01-28 12:00:00
R00334,Textiles,OWNER_025,Singapore,Kandla,Singapore,1807.38,7,75489.95,IN_TRANSIT,2026-01-28 13:00:00
R01628,Chemicals,OWNER_023,Colombo,Chennai,Colombo,1523.56,5,96833.32,IN_TRANSIT,2026-01-28 13:00:00
R02087,Food,OWNER_044,Chennai,Kochi,Chennai,739.25,5,138539.59,IN_TRANSIT,2026-01-28 14:00:00
R00049,Machinery,OWNER_012,Chennai,Kandla,Chennai,1548.72,5,88056.67,IN_TRANSIT,2026-01-28 15:00:00
R01428,Electronics,OWNER_070,Kochi,Rotterdam,Kochi,472.01,3,56554.05,IN_TRANSIT,2026-01-28 15:00:00
R02020,Food,OWNER_006,Singapore,Kandla,Singapore,1298.58,1,108379.97,IN_TRANSIT,2026-01-28 17:00:00
R02233,Machinery,OWNER_002,Dubai,Chennai,Dubai,2907.15,2,26530.03,IN_TRANSIT,2026-01-28 17:00:00
R02646,Electronics,OWNER_065,Kochi,Chennai,Kochi,1665.49,4,212094.06,IN_TRANSIT,2026-01-28 18:00:00
R01489,Food,OWNER_008,Chennai,Kandla,Chennai,2079.36,1,56810.53,IN_TRANSIT,2026-01-28 20:00:00
R01061,Electronics,OWNER_017,Mumbai,Singapore,Mumbai,567.86,4,134936.07,IN_TRANSIT,2026-01-28 21:00:00
R02059,Electronics,OWNER_008,Chennai,Mumbai,Chennai,3634.33,2,100462.95,IN_TRANSIT,2026-01-28 22:00:00
R01077,Chemicals,OWNER_050,Mumbai,Colombo,Mumbai,2514.88,7,552763.31,IN_TRANSIT,2026-01-29 00:00:00
R00294,Textiles,OWNER_024,Mumbai,Kandla,Mumbai,953.13,2,50796.25,IN_TRANSIT,2026-01-29 02:00:00
R01087,Machinery,OWNER_083,Dubai,Mumbai,Dubai,4158.04,5,180889.4,IN_TRANSIT,2026-01-29 03:00:00
R00399,Food,OWNER_011,Rotterdam,Kochi,Rotterdam,4212.25,2,118657.29,IN_TRANSIT,2026-01-29 03:00:00
R01132,Chemicals,OWNER_047,Chennai,Kochi,Chennai,1361.15,1,361773.17,IN_TRANSIT,2026-01-29 05:00:00
R02275,Electronics,OWNER_021,Chennai,Rotterdam,Chennai,1827.07,5,63026.62,IN_TRANSIT,2026-01-29 06:00:00
R01211,Electronics,OWNER_016,Rotterdam,Singapore,Rotterdam,3587.2,7,70850.96,IN_TRANSIT,2026-01-29 07:00:00
R02049,Chemicals,OWNER_052,Mumbai,Kochi,Mumbai,2090.39,3,318543.33,IN_TRANSIT,2026-01-29 08:00:00
R00259,Chemicals,OWNER_021,Rotterdam,Mumbai,Rotterdam,6066.31,6,63196.24,IN_TRANSIT,2026-01-29 08:00:00
R01327,Machinery,OWNER_096,Mumbai,Rotterdam,Mumbai,4451.2,1,67104.06,IN_TRANSIT,2026-01-29 09:00:00
R01730,Food,OWNER_046,Singapore,Mumbai,Singapore,1175.33,1,13975.46,IN_TRANSIT,2026-01-29 11:00:00
R02277,Chemicals,OWNER_080,Dubai,Rotterdam,Dubai,2295.44,6,89437.01,IN_TRANSIT,2026-01-29 12:00:00
R02591,Chemicals,OWNER_016,Kandla,Kochi,Kandla,3375.41,3,67011.46,IN_TRANSIT,2026-01-29 14:00:00
R00536,Machinery,OWNER_100,Colombo,Kochi,Colombo,1275.24,2,52726.88,IN_TRANSIT,2026-01-29 14:00:00
R01022,Electronics,OWNER_079,Chennai,Colombo,Chennai,2430.57,6,86991.83,IN_TRANSIT,2026-01-29 14:00:00
R01314,Food,OWNER_006,Singapore,Kochi,Singapore,1601.75,1,65515.52,IN_TRANSIT,2026-01-29 19:00:00
R00441,Electronics,OWNER_021,Rotterdam,Kandla,Rotterdam,2209.94,3,28915.37,IN_TRANSIT,2026-01-29 20:00:00
R00963,Machinery,OWNER_036,Rotterdam,Chennai,Rotterdam,2314.25,3,47120.26,IN_TRANSIT,2026-01-29 22:00:00
R02100,Food,OWNER_039,Mumbai,Dubai,Mumbai,1178.19,5,34636.89,IN_TRANSIT,2026-01-30 00:00:00
R00640,Electronics,OWNER_025,Kochi,Rotterdam,Kochi,4553.72,6,154681.02,IN_TRANSIT,2026-01-30 00:00:00
R00733,Machinery,OWNER_059,Dubai,Rotterdam,Dubai,654.32,1,88227.72,IN_TRANSIT,2026-01-30 01:00:00
R01967,Machinery,OWNER_032,Colombo,Mumbai,Colombo,1884.93,3,11421.18,IN_TRANSIT,2026-01-30 03:00:00
R01665,Electronics,OWNER_098,Mumbai,Colombo,Mumbai,604.92,1,32101.13,IN_TRANSIT,2026-01-30 04:00:00
R00563,Chemicals,OWNER_034,Colombo,Kandla,Colombo,3222.26,6,162216.47,IN_TRANSIT,2026-01-30 04:00:00
R01686,Chemicals,OWNER_043,Kandla,Kochi,Kandla,2454.49,3,32084.59,IN_TRANSIT,2026-01-30 05:00:00
R00609,Textiles,OWNER_051,Rotterdam,Colombo,Rotterdam,1357.09,5,113573.22,IN_TRANSIT,2026-01-30 08:00:00
R00455,Textiles,OWNER_057,Chennai,Colombo,Chennai,2780.17,6,50573.3,IN_TRANSIT,2026-01-30 09:00:00
R02657,Food,OWNER_075,Singapore,Colombo,Singapore,2440.99,3,120134.82,IN_TRANSIT,2026-01-30 11:00:00
R02482,Chemicals,OWNER_086,Singapore,Colombo,Singapore,1238.8,7,150022.03,IN_TRANSIT,2026-01-30 14:00:00
R02757,Machinery,OWNER_094,Kandla,Chennai,Kandla,1214.32,7,91834.27,IN_TRANSIT,2026-01-30 17:00:00
R02594,Food,OWNER_014,Colombo,Chennai,Colombo,684.14,7,31848.6,IN_TRANSIT,2026-01-30 19:00:00
R00903,Chemicals,OWNER_005,Chennai,Colombo,Chennai,2408.8,5,87627.28,IN_TRANSIT,2026-01-30 23:00:00
R00333,Machinery,OWNER_063,Mumbai,Rotterdam,Mumbai,2410.51,3,52695.26,IN_TRANSIT,2026-01-31 03:00:00
R01619,Chemicals,OWNER_051,Kandla,Singapore,Kandla,3982.02,6,42104.76,IN_TRANSIT,2026-01-31 03:00:00
R02055,Machinery,OWNER_030,Singapore,Dubai,Singapore,1101.73,3,21391.33,IN_TRANSIT,2026-01-31 06:00:00
R02670,Chemicals,OWNER_099,Kochi,Singapore,Kochi,4328.37,5,109068.52,IN_TRANSIT,2026-01-31 09:00:00
R00062,Chemicals,OWNER_041,Colombo,Rotterdam,Colombo,2736.4,5,41808.53,IN_TRANSIT,2026-01-31 11:00:00
R02300,Textiles,OWNER_063,Rotterdam,Dubai,Rotterdam,1066.93,5,63284.93,IN_TRANSIT,2026-01-31 12:00:00
R01517,Food,OWNER_059,Kochi,Singapore,Kochi,2497.98,5,203566.99,IN_TRANSIT,2026-01-31 12:00:00
R02195,Food,OWNER_072,Mumbai,Dubai,Mumbai,3822.02,4,203778.75,IN_TRANSIT,2026-01-31 21:00:00
R02051,Electronics,OWNER_081,Rotterdam,Singapore,Rotterdam,1671.1,4,200525.76,IN_TRANSIT,2026-01-31 21:00:00
R00221,Chemicals,OWNER_090,Dubai,Rotterdam,Dubai,4893.47,6,59556.26,IN_TRANSIT,2026-01-31 22:00:00
R02977,Chemicals,OWNER_014,Kandla,Colombo,Kandla,7834.04,4,140559.64,IN_TRANSIT,2026-01-31 23:00:00
R00939,Chemicals,OWNER_018,Colombo,Kandla,Colombo,953.72,3,79202.91,IN_TRANSIT,2026-01-31 23:00:00
R01359,Food,OWNER_012,Dubai,Kochi,Dubai,4173.03,2,111962.7,IN_TRANSIT,2026-02-01 00:00:00
R01200,Textiles,OWNER_075,Mumbai,Rotterdam,Mumbai,5544.33,5,124208.42,IN_TRANSIT,2026-02-01 01:00:00
R02546,Textiles,OWNER_016,Singapore,Kandla,Singapore,3690.52,5,44334.24,IN_TRANSIT,2026-02-01 02:00:00
R00628,Chemicals,OWNER_030,Kochi,Rotterdam,Kochi,1137.42,4,169648.49,IN_TRANSIT,2026-02-01 03:00:00
R01935,Machinery,OWNER_028,Singapore,Kandla,Singapore,1338.26,7,25378.32,IN_TRANSIT,2026-02-01 05:00:00
R01301,Textiles,OWNER_063,Mumbai,Rotterdam,Mumbai,1902.65,7,50630.42,IN_TRANSIT,2026-02-01 06:00:00
R02903,Chemicals,OWNER_004,Rotterdam,Colombo,Rotterdam,1169.79,5,75009.83,IN_TRANSIT,2026-02-01 08:00:00
R00917,Machinery,OWNER_059,Colombo,Dubai,Colombo,2716.98,3,49489.36,IN_TRANSIT,2026-02-01 09:00:00
R01907,Food,OWNER_084,Chennai,Kochi,Chennai,3658.19,2,207716.37,IN_TRANSIT,2026-02-01 09:00:00
R00735,Electronics,OWNER_003,Singapore,Kochi,Singapore,1531.24,4,24484.53,IN_TRANSIT,2026-02-01 11:00:00
R00495,Textiles,OWNER_077,Kandla,Colombo,Kandla,3453.57,4,22282.76,IN_TRANSIT,2026-02-01 11:00:00
R00546,Textiles,OWNER_042,Dubai,Mumbai,Dubai,2038.23,1,348277.48,IN_TRANSIT,2026-02-01 12:00:00
R00910,Textiles,OWNER_056,Chennai,Dubai,Chennai,769.1,3,23573.22,IN_TRANSIT,2026-02-01 13:00:00
R01003,Textiles,OWNER_067,Kandla,Rotterdam,Kandla,1761.5,7,44298.0,IN_TRANSIT,2026-02-01 16:00:00
R00279,Textiles,OWNER_047,Rotterdam,Kandla,Rotterdam,2500.3,6,70649.98,IN_TRANSIT,2026-02-01 17:00:00
R00763,Chemicals,OWNER_056,Singapore,Rotterdam,Singapore,1726.14,6,44923.55,IN_TRANSIT,2026-02-01 18:00:00
R02190,Machinery,OWNER_073,Kandla,Chennai,Kandla,1818.12,4,160940.73,IN_TRANSIT,2026-02-01 19:00:00
R00060,Food,OWNER_004,Mumbai,Kochi,Mumbai,3006.49,2,62785.48,IN_TRANSIT,2026-02-01 19:00:00
R00351,Electronics,OWNER_083,Kochi,Chennai,Kochi,1260.83,4,118462.24,IN_TRANSIT,2026-02-01 19:00:00
R02349,Chemicals,OWNER_069,Dubai,Chennai,Dubai,1139.96,5,464935.16,IN_TRANSIT,2026-02-01 20:00:00
R00183,Electronics,OWNER_068,Kochi,Kandla,Kochi,2306.19,5,23779.63,IN_TRANSIT,2026-02-01 21:00:00
R01705,Electronics,OWNER_057,Chennai,Singapore,Chennai,1095.61,4,38030.76,IN_TRANSIT,2026-02-01 23:00:00
R00953,Machinery,OWNER_074,Colombo,Dubai,Colombo,2494.16,3,13442.89,IN_TRANSIT,2026-02-02 00:00:00
R02271,Electronics,OWNER_061,Chennai,Colombo,Chennai,1793.18,3,18526.58,IN_TRANSIT,2026-02-02 03:00:00
R01941,Chemicals,OWNER_065,Colombo,Dubai,Colombo,3678.58,4,140519.39,IN_TRANSIT,2026-02-02 04:00:00
R02585,Food,OWNER_097,Kandla,Mumbai,Kandla,2139.03,4,486067.77,IN_TRANSIT,2026-02-02 04:00:00
R01520,Textiles,OWNER_006,Dubai,Rotterdam,Dubai,2543.49,1,26820.89,IN_TRANSIT,2026-02-02 08:00:00
R00644,Food,OWNER_100,Chennai,Kochi,Chennai,822.18,1,34055.64,IN_TRANSIT,2026-02-02 09:00:00
R00926,Textiles,OWNER_094,Chennai,Singapore,Chennai,791.46,2,23641.77,IN_TRANSIT,2026-02-02 09:00:00
R00224,Textiles,OWNER_035,Chennai,Dubai,Chennai,1020.78,3,453752.1,IN_TRANSIT,2026-02-02 10:00:00
R01734,Machinery,OWNER_076,Kandla,Singapore,Kandla,2884.53,2,90320.05,IN_TRANSIT,2026-02-02 11:00:00
R02638,Food,OWNER_087,Rotterdam,Singapore,Rotterdam,713.38,4,11134.44,IN_TRANSIT,2026-02-02 13:00:00
R02117,Machinery,OWNER_086,Dubai,Kochi,Dubai,1827.88,2,17562.26,IN_TRANSIT,2026-02-02 13:00:00
R00331,Machinery,OWNER_022,Kochi,Rotterdam,Kochi,615.28,5,91041.79,IN_TRANSIT,2026-02-02 13:00:00
R01560,Electronics,OWNER_014,Chennai,Mumbai,Chennai,3142.89,2,133169.32,IN_TRANSIT,2026-02-02 14:00:00
R02144,Electronics,OWNER_071,Chennai,Kandla,Chennai,1302.79,5,30790.3,IN_TRANSIT,2026-02-02 15:00:00
R01109,Electronics,OWNER_045,Singapore,Chennai,Singapore,695.47,6,265867.35,IN_TRANSIT,2026-02-02 23:00:00
R00280,Textiles,OWNER_037,Rotterdam,Chennai,Rotterdam,2581.91,1,149714.32,IN_TRANSIT,2026-02-03 00:00:00
R00507,Chemicals,OWNER_017,Singapore,Dubai,Singapore,1622.29,2,31520.69,IN_TRANSIT,2026-02-03 02:00:00
R02655,Electronics,OWNER_066,Kandla,Rotterdam,Kandla,1258.45,5,23623.56,IN_TRANSIT,2026-02-03 07:00:00
R00711,Chemicals,OWNER_020,Kandla,Mumbai,Kandla,749.96,6,78686.05,IN_TRANSIT,2026-02-03 10:00:00
R00852,Machinery,OWNER_075,Rotterdam,Kochi,Rotterdam,909.03,2,206415.37,IN_TRANSIT,2026-02-03 12:00:00
R02639,Food,OWNER_077,Rotterdam,Colombo,Rotterdam,2167.04,2,38719.65,IN_TRANSIT,2026-02-03 13:00:00
R02344,Food,OWNER_074,Colombo,Singapore,Colombo,645.44,2,131764.37,IN_TRANSIT,2026-02-03 16:00:00
R00602,Textiles,OWNER_034,Kochi,Mumbai,Kochi,1938.83,4,30523.56,IN_TRANSIT,2026-02-03 17:00:00
R02996,Chemicals,OWNER_059,Rotterdam,Mumbai,Rotterdam,1415.8,2,22868.66,IN_TRANSIT,2026-02-03 17:00:00
R01427,Textiles,OWNER_062,Rotterdam,Kochi,Rotterdam,3746.78,1,23935.56,IN_TRANSIT,2026-02-03 18:00:00
R01864,Chemicals,OWNER_076,Kochi,Chennai,Kochi,1303.63,3,136166.99,IN_TRANSIT,2026-02-03 19:00:00
R01865,Food,OWNER_094,Mumbai,Singapore,Mumbai,13088.14,5,35501.71,IN_TRANSIT,2026-02-03 23:00:00
R01178,Textiles,OWNER_028,Chennai,Rotterdam,Chennai,1849.29,1,48109.87,IN_TRANSIT,2026-02-04 00:00:00
R00433,Machinery,OWNER_013,Kandla,Colombo,Kandla,2942.89,5,120244.33,IN_TRANSIT,2026-02-04 02:00:00
R02694,Electronics,OWNER_066,Rotterdam,Kochi,Rotterdam,5753.36,6,94689.83,IN_TRANSIT,2026-02-04 03:00:00
R00362,Electronics,OWNER_036,Kochi,Kandla,Kochi,1192.35,7,58881.67,IN_TRANSIT,2026-02-04 03:00:00
R02345,Electronics,OWNER_081,Rotterdam,Kochi,Rotterdam,1836.94,6,32795.67,IN_TRANSIT,2026-02-04 06:00:00
R02322,Electronics,OWNER_013,Colombo,Kochi,Colombo,1898.62,5,89708.65,IN_TRANSIT,2026-02-04 08:00:00
R01134,Food,OWNER_043,Dubai,Rotterdam,Dubai,1576.5,1,65288.86,IN_TRANSIT,2026-02-04 10:00:00
R02098,Textiles,OWNER_044,Kochi,Mumbai,Kochi,502.31,2,44708.07,IN_TRANSIT,2026-02-04 17:00:00
R01875,Machinery,OWNER_069,Singapore,Chennai,Singapore,3508.86,5,135115.07,IN_TRANSIT,2026-02-04 18:00:00
R00851,Chemicals,OWNER_035,Singapore,Kochi,Singapore,2929.81,1,70034.26,IN_TRANSIT,2026-02-04 21:00:00
R02171,Machinery,OWNER_063,Colombo,Singapore,Colombo,1978.28,1,35479.23,IN_TRANSIT,2026-02-05 01:00:00
R01637,Textiles,OWNER_061,Colombo,Chennai,Colombo,857.4,3,51796.23,IN_TRANSIT,2026-02-05 02:00:00
R00261,Electronics,OWNER_057,Mumbai,Colombo,Mumbai,2135.25,2,72617.72,IN_TRANSIT,2026-02-05 02:00:00
R02505,Machinery,OWNER_048,Chennai,Dubai,Chennai,1364.64,4,149931.49,IN_TRANSIT,2026-02-05 03:00:00
R01303,Textiles,OWNER_022,Kandla,Colombo,Kandla,6713.48,2,81869.05,IN_TRANSIT,2026-02-05 05:00:00
R01557,Food,OWNER_068,Singapore,Chennai,Singapore,3516.48,6,92076.96,IN_TRANSIT,2026-02-05 07:00:00
R00905,Electronics,OWNER_030,Colombo,Dubai,Colombo,1704.99,6,199611.2,IN_TRANSIT,2026-02-05 10:00:00
R00090,Machinery,OWNER_053,Kandla,Rotterdam,Kandla,9783.85,5,87418.64,IN_TRANSIT,2026-02-05 10:00:00
R01891,Chemicals,OWNER_090,Kochi,Rotterdam,Kochi,3962.37,2,133065.43,IN_TRANSIT,2026-02-05 10:00:00
R00254,Chemicals,OWNER_020,Singapore,Kandla,Singapore,4062.94,1,157577.46,IN_TRANSIT,2026-02-05 15:00:00
R02369,Chemicals,OWNER_063,Dubai,Rotterdam,Dubai,1678.09,1,24240.35,IN_TRANSIT,2026-02-05 17:00:00
R00651,Textiles,OWNER_023,Chennai,Rotterdam,Chennai,2321.74,3,21326.73,IN_TRANSIT,2026-02-05 19:00:00
R01889,Textiles,OWNER_047,Mumbai,Kochi,Mumbai,1839.92,6,19759.81,IN_TRANSIT,2026-02-05 22:00:00
R02455,Food,OWNER_066,Rotterdam,Chennai,Rotterdam,1706.04,5,78366.71,IN_TRANSIT,2026-02-05 22:00:00
R02150,Textiles,OWNER_036,Colombo,Kandla,Colombo,2879.02,7,82216.7,IN_TRANSIT,2026-02-05 22:00:00
R00358,Chemicals,OWNER_079,Dubai,Chennai,Dubai,1073.79,2,26378.52,IN_TRANSIT,2026-02-05 23:00:00
R00516,Food,OWNER_001,Rotterdam,Colombo,Rotterdam,2602.46,4,59514.96,IN_TRANSIT,2026-02-05 23:00:00
R02276,Chemicals,OWNER_055,Chennai,Singapore,Chennai,4568.55,5,73879.8,IN_TRANSIT,2026-02-06 02:00:00
R00079,Electronics,OWNER_013,Mumbai,Kochi,Mumbai,1696.37,4,78723.84,IN_TRANSIT,2026-02-06 07:00:00
R01382,Food,OWNER_100,Mumbai,Chennai,Mumbai,2309.22,6,44094.33,IN_TRANSIT,2026-02-06 08:00:00
R00123,Machinery,OWNER_002,Rotterdam,Mumbai,Rotterdam,1027.74,7,192916.95,IN_TRANSIT,2026-02-06 08:00:00
R01787,Machinery,OWNER_072,Chennai,Mumbai,Chennai,1803.13,5,201383.64,IN_TRANSIT,2026-02-06 09:00:00
R00021,Food,OWNER_031,Mumbai,Kochi,Mumbai,2110.18,4,22997.8,IN_TRANSIT,2026-02-06 10:00:00
R00611,Machinery,OWNER_069,Singapore,Rotterdam,Singapore,1354.87,7,122772.85,IN_TRANSIT,2026-02-06 11:00:00
R02817,Electronics,OWNER_021,Dubai,Rotterdam,Dubai,2102.93,3,120335.28,IN_TRANSIT,2026-02-06 13:00:00
R02718,Food,OWNER_085,Kochi,Dubai,Kochi,2819.6,6,86422.1,IN_TRANSIT,2026-02-06 14:00:00
R00676,Textiles,OWNER_087,Kochi,Mumbai,Kochi,2348.63,7,51866.16,IN_TRANSIT,2026-02-06 15:00:00
R02578,Textiles,OWNER_042,Rotterdam,Kochi,Rotterdam,1455.85,7,23189.7,IN_TRANSIT,2026-02-06 16:00:00
R02976,Food,OWNER_048,Kandla,Singapore,Kandla,986.66,6,76508.76,IN_TRANSIT,2026-02-06 17:00:00
R00996,Chemicals,OWNER_063,Kandla,Kochi,Kandla,987.43,2,59041.15,IN_TRANSIT,2026-02-06 18:00:00
R01915,Chemicals,OWNER_020,Colombo,Rotterdam,Colombo,1859.92,1,261495.14,IN_TRANSIT,2026-02-06 19:00:00
R02790,Electronics,OWNER_064,Chennai,Colombo,Chennai,2064.63,2,46945.66,IN_TRANSIT,2026-02-06 19:00:00
R01316,Textiles,OWNER_013,Chennai,Singapore,Chennai,1678.1,6,85436.16,IN_TRANSIT,2026-02-06 19:00:00
R01386,Chemicals,OWNER_052,Kochi,Singapore,Kochi,543.96,7,30695.04,IN_TRANSIT,2026-02-07 01:00:00
R02878,Machinery,OWNER_013,Singapore,Chennai,Singapore,3071.4,7,51287.53,IN_TRANSIT,2026-02-07 02:00:00
R01471,Electronics,OWNER_083,Colombo,Kandla,Colombo,611.8,5,95587.37,IN_TRANSIT,2026-02-07 03:00:00
R02389,Food,OWNER_012,Kandla,Dubai,Kandla,2700.63,2,44158.56,IN_TRANSIT,2026-02-07 05:00:00
R00372,Electronics,OWNER_073,Mumbai,Colombo,Mumbai,2005.29,7,71505.78,IN_TRANSIT,2026-02-07 08:00:00
R02883,Textiles,OWNER_071,Kochi,Mumbai,Kochi,2517.26,5,55909.4,IN_TRANSIT,2026-02-07 10:00:00
R00293,Chemicals,OWNER_052,Mumbai,Colombo,Mumbai,2585.39,6,66470.07,IN_TRANSIT,2026-02-07 10:00:00
R01563,Electronics,OWNER_019,Kandla,Chennai,Kandla,1298.3,1,109518.72,IN_TRANSIT,2026-02-07 10:00:00
R02026,Food,OWNER_046,Chennai,Colombo,Chennai,1152.94,6,11109.14,IN_TRANSIT,2026-02-07 15:00:00
R00989,Electronics,OWNER_046,Mumbai,Chennai,Mumbai,3444.15,5,62340.51,IN_TRANSIT,2026-02-07 17:00:00
R01112,Electronics,OWNER_055,Colombo,Kandla,Colombo,2969.56,4,75931.05,IN_TRANSIT,2026-02-07 18:00:00
R03000,Electronics,OWNER_033,Singapore,Dubai,Singapore,1597.3,1,54924.95,IN_TRANSIT,2026-02-07 20:00:00
R02162,Textiles,OWNER_060,Chennai,Dubai,Chennai,884.56,4,126641.28,IN_TRANSIT,2026-02-07 21:00:00
R00914,Chemicals,OWNER_029,Kochi,Chennai,Kochi,6173.97,4,221471.17,IN_TRANSIT,2026-02-07 22:00:00
R00675,Machinery,OWNER_019,Dubai,Kochi,Dubai,2266.87,6,338523.15,IN_TRANSIT,2026-02-08 00:00:00
R02987,Electronics,OWNER_054,Kochi,Mumbai,Kochi,1904.79,5,69882.98,IN_TRANSIT,2026-02-08 01:00:00
R00298,Chemicals,OWNER_054,Kochi,Chennai,Kochi,2180.57,6,59760.53,IN_TRANSIT,2026-02-08 02:00:00
R01460,Electronics,OWNER_058,Mumbai,Rotterdam,Mumbai,1120.94,4,25394.63,IN_TRANSIT,2026-02-08 03:00:00
R00179,Textiles,OWNER_093,Singapore,Colombo,Singapore,942.44,3,71076.46,IN_TRANSIT,2026-02-08 03:00:00
R01505,Textiles,OWNER_069,Rotterdam,Singapore,Rotterdam,913.95,3,105181.49,IN_TRANSIT,2026-02-08 06:00:00
R02562,Machinery,OWNER_058,Chennai,Rotterdam,Chennai,2672.56,4,66974.32,IN_TRANSIT,2026-02-08 06:00:00
R02723,Food,OWNER_080,Mumbai,Dubai,Mumbai,2315.66,2,274345.23,IN_TRANSIT,2026-02-08 07:00:00
R01630,Food,OWNER_003,Kochi,Chennai,Kochi,1616.42,6,22222.44,IN_TRANSIT,2026-02-08 10:00:00
R01767,Machinery,OWNER_038,Dubai,Mumbai,Dubai,799.84,5,13727.19,IN_TRANSIT,2026-02-08 14:00:00
R00414,Textiles,OWNER_061,Colombo,Singapore,Colombo,1207.93,3,20625.15,IN_TRANSIT,2026-02-08 15:00:00
R01433,Electronics,OWNER_063,Chennai,Dubai,Chennai,1155.59,6,207366.29,IN_TRANSIT,2026-02-08 16:00:00
R01417,Electronics,OWNER_071,Kandla,Colombo,Kandla,1207.24,5,47386.22,IN_TRANSIT,2026-02-08 16:00:00
R00839,Food,OWNER_032,Rotterdam,Singapore,Rotterdam,542.23,2,114894.32,IN_TRANSIT,2026-02-08 17:00:00
R02911,Textiles,OWNER_018,Mumbai,Colombo,Mumbai,2573.49,7,141607.14,IN_TRANSIT,2026-02-08 18:00:00
R02251,Food,OWNER_022,Chennai,Dubai,Chennai,1502.42,5,119738.94,IN_TRANSIT,2026-02-08 19:00:00
R00889,Food,OWNER_049,Chennai,Kandla,Chennai,1220.47,3,69380.24,IN_TRANSIT,2026-02-08 21:00:00
R02647,Electronics,OWNER_046,Mumbai,Colombo,Mumbai,2863.13,3,49124.57,IN_TRANSIT,2026-02-09 01:00:00
R01606,Textiles,OWNER_020,Dubai,Rotterdam,Dubai,771.52,3,46646.0,IN_TRANSIT,2026-02-09 02:00:00
R02169,Chemicals,OWNER_028,Kochi,Singapore,Kochi,5017.38,5,82058.68,IN_TRANSIT,2026-02-09 05:00:00
R02262,Textiles,OWNER_006,Chennai,Singapore,Chennai,1557.34,4,195935.86,IN_TRANSIT,2026-02-09 08:00:00
R01000,Food,OWNER_048,Kochi,Dubai,Kochi,1844.55,3,30693.67,IN_TRANSIT,2026-02-09 09:00:00
R01839,Electronics,OWNER_095,Kandla,Chennai,Kandla,8954.93,5,17840.73,IN_TRANSIT,2026-02-09 11:00:00
R02336,Food,OWNER_008,Mumbai,Kandla,Mumbai,1568.39,6,43974.46,IN_TRANSIT,2026-02-09 14:00:00
R01091,Chemicals,OWNER_043,Chennai,Kandla,Chennai,2429.51,6,56257.08,IN_TRANSIT,2026-02-09 14:00:00
R02547,Electronics,OWNER_041,Rotterdam,Kochi,Rotterdam,1149.91,4,89522.46,IN_TRANSIT,2026-02-09 15:00:00
R01238,Electronics,OWNER_034,Singapore,Chennai,Singapore,2405.07,2,27294.55,IN_TRANSIT,2026-02-09 16:00:00
R00244,Chemicals,OWNER_007,Kandla,Rotterdam,Kandla,2611.16,2,317737.44,IN_TRANSIT,2026-02-09 19:00:00
R01398,Food,OWNER_070,Kochi,Dubai,Kochi,1325.26,5,100012.54,IN_TRANSIT,2026-02-09 21:00:00
R02396,Food,OWNER_087,Dubai,Singapore,Dubai,2367.18,7,20220.11,IN_TRANSIT,2026-02-09 21:00:00
R02088,Chemicals,OWNER_020,Dubai,Rotterdam,Dubai,805.14,7,106074.51,IN_TRANSIT,2026-02-09 21:00:00
R00511,Chemicals,OWNER_046,Dubai,Kochi,Dubai,2982.25,2,116002.46,IN_TRANSIT,2026-02-09 22:00:00
R00521,Machinery,OWNER_003,Singapore,Kochi,Singapore,2805.64,3,73669.09,IN_TRANSIT,2026-02-09 22:00:00
R00680,Food,OWNER_030,Chennai,Dubai,Chennai,1351.02,5,31566.83,IN_TRANSIT,2026-02-10 00:00:00
R01944,Electronics,OWNER_045,Kochi,Chennai,Kochi,2435.44,3,125002.44,IN_TRANSIT,2026-02-10 00:00:00
R01409,Food,OWNER_069,Kochi,Singapore,Kochi,1531.86,5,133033.17,IN_TRANSIT,2026-02-10 02:00:00
R01250,Electronics,OWNER_035,Singapore,Kandla,Singapore,2484.41,2,50864.07,IN_TRANSIT,2026-02-10 03:00:00
R00601,Electronics,OWNER_095,Colombo,Singapore,Colombo,1421.2,5,43566.01,IN_TRANSIT,2026-02-10 03:00:00
R00202,Food,OWNER_046,Dubai,Kochi,Dubai,662.91,1,123327.16,IN_TRANSIT,2026-02-10 05:00:00
R01043,Textiles,OWNER_004,Singapore,Colombo,Singapore,2644.24,5,16496.25,IN_TRANSIT,2026-02-10 05:00:00
R02252,Machinery,OWNER_076,Singapore,Kochi,Singapore,788.99,7,207771.8,IN_TRANSIT,2026-02-10 05:00:00
R02775,Textiles,OWNER_022,Rotterdam,Singapore,Rotterdam,5298.43,2,255723.4,IN_TRANSIT,2026-02-10 05:00:00
R02225,Food,OWNER_057,Dubai,Chennai,Dubai,1742.32,3,108689.23,IN_TRANSIT,2026-02-10 06:00:00
R00899,Food,OWNER_032,Mumbai,Rotterdam,Mumbai,2788.02,2,36450.16,IN_TRANSIT,2026-02-10 07:00:00
R01731,Machinery,OWNER_083,Chennai,Mumbai,Chennai,1160.76,3,132358.84,IN_TRANSIT,2026-02-10 09:00:00
R00518,Electronics,OWNER_076,Kandla,Rotterdam,Kandla,520.55,5,91369.44,IN_TRANSIT,2026-02-10 09:00:00
R00248,Chemicals,OWNER_042,Chennai,Mumbai,Chennai,2451.75,7,123786.11,IN_TRANSIT,2026-02-10 10:00:00
R01916,Textiles,OWNER_019,Rotterdam,Mumbai,Rotterdam,741.87,5,44878.35,IN_TRANSIT,2026-02-10 13:00:00
R02377,Food,OWNER_100,Mumbai,Kochi,Mumbai,1180.01,3,100964.44,IN_TRANSIT,2026-02-11 01:00:00
R02037,Textiles,OWNER_084,Kochi,Colombo,Kochi,993.3,6,136728.51,IN_TRANSIT,2026-02-11 03:00:00
R00344,Machinery,OWNER_068,Dubai,Singapore,Dubai,4528.44,4,165922.99,IN_TRANSIT,2026-02-11 04:00:00
R02031,Chemicals,OWNER_036,Dubai,Mumbai,Dubai,6791.4,1,125309.12,IN_TRANSIT,2026-02-11 06:00:00
R02799,Machinery,OWNER_076,Singapore,Mumbai,Singapore,3137.26,4,49590.49,IN_TRANSIT,2026-02-11 08:00:00
R00648,Chemicals,OWNER_047,Mumbai,Kandla,Mumbai,1203.93,1,172918.97,IN_TRANSIT,2026-02-11 09:00:00
R01994,Chemicals,OWNER_038,Mumbai,Chennai,Mumbai,988.88,3,31967.36,IN_TRANSIT,2026-02-11 09:00:00
R02374,Food,OWNER_029,Kochi,Dubai,Kochi,3855.99,7,57835.82,IN_TRANSIT,2026-02-11 10:00:00
R00552,Machinery,OWNER_081,Singapore,Chennai,Singapore,5207.27,4,69756.52,IN_TRANSIT,2026-02-11 11:00:00
R01990,Textiles,OWNER_043,Dubai,Mumbai,Dubai,3313.78,2,49399.22,IN_TRANSIT,2026-02-11 12:00:00
R01538,Electronics,OWNER_100,Kandla,Singapore,Kandla,2469.45,4,10432.24,IN_TRANSIT,2026-02-11 12:00:00
R01054,Electronics,OWNER_091,Kandla,Singapore,Kandla,1508.56,7,182713.51,IN_TRANSIT,2026-02-11 14:00:00
R01160,Textiles,OWNER_013,Kandla,Mumbai,Kandla,1717.32,4,62185.73,IN_TRANSIT,2026-02-11 17:00:00
R02566,Chemicals,OWNER_004,Kandla,Rotterdam,Kandla,713.86,3,86279.95,IN_TRANSIT,2026-02-11 20:00:00
R00196,Food,OWNER_011,Colombo,Rotterdam,Colombo,738.59,4,237426.09,IN_TRANSIT,2026-02-11 23:00:00
R02846,Chemicals,OWNER_012,Chennai,Kochi,Chennai,1634.52,5,61598.43,IN_TRANSIT,2026-02-12 04:00:00
R01609,Chemicals,OWNER_037,Colombo,Kochi,Colombo,1818.9,2,45174.42,IN_TRANSIT,2026-02-12 05:00:00
R02736,Electronics,OWNER_006,Kochi,Kandla,Kochi,703.91,5,139366.71,IN_TRANSIT,2026-02-12 05:00:00
R01234,Food,OWNER_035,Rotterdam,Kandla,Rotterdam,1616.6,7,110395.8,IN_TRANSIT,2026-02-12 06:00:00
R00125,Machinery,OWNER_033,Rotterdam,Kandla,Rotterdam,2473.39,3,9397.55,IN_TRANSIT,2026-02-12 07:00:00
R00804,Textiles,OWNER_069,Singapore,Kandla,Singapore,697.88,2,32151.54,IN_TRANSIT,2026-02-12 09:00:00
R00281,Machinery,OWNER_077,Colombo,Kandla,Colombo,1136.07,3,56832.32,IN_TRANSIT,2026-02-12 11:00:00
R02574,Chemicals,OWNER_034,Singapore,Rotterdam,Singapore,2521.22,5,92983.95,IN_TRANSIT,2026-02-12 12:00:00
R00964,Textiles,OWNER_088,Singapore,Kandla,Singapore,1087.05,3,190460.25,IN_TRANSIT,2026-02-12 13:00:00
R00658,Textiles,OWNER_028,Kandla,Mumbai,Kandla,5376.47,2,129816.7,IN_TRANSIT,2026-02-12 15:00:00
R02133,Chemicals,OWNER_005,Dubai,Chennai,Dubai,1116.51,1,234894.9,IN_TRANSIT,2026-02-12 16:00:00
R00666,Food,OWNER_063,Dubai,Singapore,Dubai,3014.64,1,70889.1,IN_TRANSIT,2026-02-12 17:00:00
R01736,Food,OWNER_088,Colombo,Dubai,Colombo,9600.61,5,33863.9,IN_TRANSIT,2026-02-12 19:00:00
R01718,Machinery,OWNER_014,Dubai,Chennai,Dubai,3575.41,2,35031.68,IN_TRANSIT,2026-02-12 22:00:00
R00760,Textiles,OWNER_007,Kochi,Colombo,Kochi,3406.8,4,41560.26,IN_TRANSIT,2026-02-12 23:00:00
R02815,Chemicals,OWNER_053,Colombo,Kochi,Colombo,702.9,2,58202.02,IN_TRANSIT,2026-02-13 00:00:00
R02097,Chemicals,OWNER_079,Colombo,Kandla,Colombo,3649.23,5,123478.81,IN_TRANSIT,2026-02-13 01:00:00
R02884,Machinery,OWNER_094,Chennai,Rotterdam,Chennai,4037.44,1,37305.3,IN_TRANSIT,2026-02-13 02:00:00
R00786,Food,OWNER_086,Singapore,Kochi,Singapore,3421.03,7,18216.12,IN_TRANSIT,2026-02-13 02:00:00
R02830,Chemicals,OWNER_068,Rotterdam,Colombo,Rotterdam,2307.32,1,41225.61,IN_TRANSIT,2026-02-13 03:00:00
R02155,Machinery,OWNER_025,Kochi,Singapore,Kochi,1377.0,3,57373.27,IN_TRANSIT,2026-02-13 04:00:00
R00383,Textiles,OWNER_028,Colombo,Mumbai,Colombo,1875.67,2,71141.07,IN_TRANSIT,2026-02-13 05:00:00
R02161,Electronics,OWNER_008,Mumbai,Rotterdam,Mumbai,2792.6,6,87228.21,IN_TRANSIT,2026-02-13 06:00:00
R02004,Machinery,OWNER_079,Colombo,Chennai,Colombo,8588.04,4,68933.79,IN_TRANSIT,2026-02-13 06:00:00
R00268,Textiles,OWNER_072,Kandla,Dubai,Kandla,2183.15,5,470063.86,IN_TRANSIT,2026-02-13 07:00:00
R01447,Machinery,OWNER_077,Chennai,Mumbai,Chennai,5073.72,3,72651.41,IN_TRANSIT,2026-02-13 08:00:00
R01473,Textiles,OWNER_035,Singapore,Chennai,Singapore,1605.84,4,37943.16,IN_TRANSIT,2026-02-13 09:00:00
R00476,Machinery,OWNER_062,Chennai,Singapore,Chennai,4411.73,2,33094.25,IN_TRANSIT,2026-02-13 11:00:00
R01251,Machinery,OWNER_073,Mumbai,Rotterdam,Mumbai,3211.39,2,57511.81,IN_TRANSIT,2026-02-13 11:00:00
R00338,Chemicals,OWNER_045,Rotterdam,Dubai,Rotterdam,1560.57,7,132961.87,IN_TRANSIT,2026-02-13 11:00:00
R01958,Machinery,OWNER_014,Chennai,Dubai,Chennai,866.2,5,87316.54,IN_TRANSIT,2026-02-13 13:00:00
R02527,Textiles,OWNER_004,Kandla,Dubai,Kandla,7232.88,3,48524.76,IN_TRANSIT,2026-02-13 13:00:00
R02681,Food,OWNER_048,Mumbai,Chennai,Mumbai,623.51,3,162101.08,IN_TRANSIT,2026-02-13 14:00:00
R02294,Textiles,OWNER_020,Rotterdam,Chennai,Rotterdam,452.78,5,103828.98,IN_TRANSIT,2026-02-13 15:00:00
R01989,Food,OWNER_072,Dubai,Colombo,Dubai,2268.03,7,126845.98,IN_TRANSIT,2026-02-13 15:00:00
R00787,Food,OWNER_055,Singapore,Dubai,Singapore,2185.67,7,50340.67,IN_TRANSIT,2026-02-13 16:00:00
R00296,Chemicals,OWNER_008,Dubai,Colombo,Dubai,903.31,2,69986.11,IN_TRANSIT,2026-02-13 18:00:00
R01903,Chemicals,OWNER_085,Colombo,Rotterdam,Colombo,748.87,1,54924.24,IN_TRANSIT,2026-02-13 18:00:00
R00406,Textiles,OWNER_070,Kandla,Chennai,Kandla,1611.69,4,78640.34,IN_TRANSIT,2026-02-14 00:00:00
R00576,Machinery,OWNER_049,Singapore,Kandla,Singapore,2245.78,5,84830.52,IN_TRANSIT,2026-02-14 02:00:00
R01204,Textiles,OWNER_064,Mumbai,Chennai,Mumbai,3404.76,4,46751.93,IN_TRANSIT,2026-02-14 03:00:00
R01661,Textiles,OWNER_030,Singapore,Kandla,Singapore,421.01,4,30404.56,IN_TRANSIT,2026-02-14 03:00:00
R01663,Textiles,OWNER_075,Kochi,Colombo,Kochi,4601.82,6,79429.05,IN_TRANSIT,2026-02-14 04:00:00
R00481,Electronics,OWNER_050,Colombo,Kochi,Colombo,948.28,3,141738.38,IN_TRANSIT,2026-02-14 06:00:00
R02135,Food,OWNER_009,Singapore,Chennai,Singapore,1829.85,7,203089.87,IN_TRANSIT,2026-02-14 09:00:00
R02877,Machinery,OWNER_077,Kandla,Dubai,Kandla,1023.63,1,44343.46,IN_TRANSIT,2026-02-14 09:00:00
R01389,Textiles,OWNER_059,Chennai,Colombo,Chennai,1111.32,5,158902.62,IN_TRANSIT,2026-02-14 12:00:00
R02913,Food,OWNER_012,Mumbai,Chennai,Mumbai,2550.3,4,73560.95,IN_TRANSIT,2026-02-14 14:00:00
R02488,Electronics,OWNER_030,Rotterdam,Singapore,Rotterdam,2856.39,5,46074.73,IN_TRANSIT,2026-02-14 20:00:00
R01491,Food,OWNER_076,Kochi,Colombo,Kochi,972.67,4,112998.04,IN_TRANSIT,2026-02-14 21:00:00
R00556,Food,OWNER_031,Rotterdam,Chennai,Rotterdam,1953.02,6,161102.79,IN_TRANSIT,2026-02-14 22:00:00
R00749,Machinery,OWNER_054,Mumbai,Kochi,Mumbai,3174.11,4,117124.0,IN_TRANSIT,2026-02-14 23:00:00
R00056,Textiles,OWNER_007,Kochi,Dubai,Kochi,577.17,1,95072.63,IN_TRANSIT,2026-02-14 23:00:00
R00959,Chemicals,OWNER_035,Kandla,Kochi,Kandla,1942.28,5,79633.41,IN_TRANSIT,2026-02-15 03:00:00
R02666,Food,OWNER_037,Rotterdam,Kandla,Rotterdam,968.43,2,70669.65,IN_TRANSIT,2026-02-15 03:00:00
R01612,Food,OWNER_073,Singapore,Kandla,Singapore,1875.08,7,22052.04,IN_TRANSIT,2026-02-15 07:00:00
R01956,Food,OWNER_042,Singapore,Rotterdam,Singapore,572.77,5,108635.61,IN_TRANSIT,2026-02-15 08:00:00
R02560,Textiles,OWNER_021,Singapore,Kandla,Singapore,867.67,4,105465.08,IN_TRANSIT,2026-02-15 08:00:00
R02159,Machinery,OWNER_011,Chennai,Dubai,Chennai,1238.84,7,92004.81,IN_TRANSIT,2026-02-15 13:00:00
R00063,Food,OWNER_060,Rotterdam,Colombo,Rotterdam,1168.83,4,43397.16,IN_TRANSIT,2026-02-15 14:00:00
R01278,Chemicals,OWNER_040,Mumbai,Colombo,Mumbai,928.01,6,75461.84,IN_TRANSIT,2026-02-15 15:00:00
R02711,Food,OWNER_047,Dubai,Kochi,Dubai,2237.31,3,82879.89,IN_TRANSIT,2026-02-15 18:00:00
R00405,Food,OWNER_039,Kochi,Kandla,Kochi,540.99,5,73958.37,IN_TRANSIT,2026-02-15 19:00:00
R01512,Food,OWNER_055,Rotterdam,Kochi,Rotterdam,808.7,5,42370.39,IN_TRANSIT,2026-02-15 20:00:00
R01644,Food,OWNER_058,Chennai,Kandla,Chennai,2641.69,6,201886.36,IN_TRANSIT,2026-02-15 20:00:00
R01477,Chemicals,OWNER_076,Chennai,Kochi,Chennai,1705.29,2,81786.48,IN_TRANSIT,2026-02-15 20:00:00
R01558,Machinery,OWNER_083,Mumbai,Singapore,Mumbai,1745.44,7,111852.86,IN_TRANSIT,2026-02-15 23:00:00
R00300,Electronics,OWNER_009,Dubai,Chennai,Dubai,1863.59,2,134522.11,IN_TRANSIT,2026-02-16 01:00:00
R02806,Textiles,OWNER_021,Singapore,Rotterdam,Singapore,3923.48,1,225242.49,IN_TRANSIT,2026-02-16 01:00:00
R02267,Machinery,OWNER_027,Rotterdam,Singapore,Rotterdam,4320.11,7,202451.7,IN_TRANSIT,2026-02-16 02:00:00
R01995,Food,OWNER_094,Rotterdam,Chennai,Rotterdam,1291.29,1,50058.99,IN_TRANSIT,2026-02-16 03:00:00
R01394,Electronics,OWNER_057,Kochi,Singapore,Kochi,13709.68,3,94848.47,IN_TRANSIT,2026-02-16 04:00:00
R00559,Electronics,OWNER_017,Kandla,Kochi,Kandla,2916.75,2,37318.36,IN_TRANSIT,2026-02-16 09:00:00
R00398,Electronics,OWNER_027,Mumbai,Kandla,Mumbai,1068.33,3,125742.05,IN_TRANSIT,2026-02-16 13:00:00
R02202,Food,OWNER_035,Kochi,Singapore,Kochi,1007.11,5,90595.46,IN_TRANSIT,2026-02-16 14:00:00
R01481,Food,OWNER_060,Chennai,Rotterdam,Chennai,1601.75,7,101103.28,IN_TRANSIT,2026-02-16 15:00:00
R02415,Textiles,OWNER_046,Colombo,Kochi,Colombo,3285.36,5,91766.92,IN_TRANSIT,2026-02-16 17:00:00
R02461,Textiles,OWNER_086,Rotterdam,Mumbai,Rotterdam,2018.28,1,25918.16,IN_TRANSIT,2026-02-16 21:00:00
R02753,Machinery,OWNER_018,Chennai,Kochi,Chennai,1554.79,4,233087.83,IN_TRANSIT,2026-02-16 22:00:00
R01421,Chemicals,OWNER_009,Colombo,Mumbai,Colombo,1113.23,7,88898.29,IN_TRANSIT,2026-02-17 00:00:00
R02443,Chemicals,OWNER_091,Rotterdam,Mumbai,Rotterdam,679.37,6,132761.54,IN_TRANSIT,2026-02-17 08:00:00
R02952,Machinery,OWNER_092,Chennai,Kandla,Chennai,2164.47,3,61753.73,IN_TRANSIT,2026-02-17 09:00:00
R01461,Chemicals,OWNER_100,Mumbai,Dubai,Mumbai,1284.3,1,173816.92,IN_TRANSIT,2026-02-17 14:00:00
R00428,Machinery,OWNER_043,Kandla,Rotterdam,Kandla,3793.96,3,73819.13,IN_TRANSIT,2026-02-17 16:00:00
R00146,Electronics,OWNER_093,Chennai,Mumbai,Chennai,5816.27,1,149547.7,IN_TRANSIT,2026-02-17 16:00:00
R02777,Chemicals,OWNER_097,Colombo,Mumbai,Colombo,1571.25,5,69386.12,IN_TRANSIT,2026-02-17 18:00:00
R02313,Chemicals,OWNER_021,Kochi,Mumbai,Kochi,640.2,7,30031.83,IN_TRANSIT,2026-02-17 19:00:00
R01110,Food,OWNER_069,Chennai,Kochi,Chennai,1746.43,5,145981.46,IN_TRANSIT,2026-02-17 19:00:00
R01395,Chemicals,OWNER_061,Mumbai,Colombo,Mumbai,1397.84,6,45724.09,IN_TRANSIT,2026-02-17 20:00:00
R01974,Chemicals,OWNER_098,Kandla,Mumbai,Kandla,1338.97,4,27816.39,IN_TRANSIT,2026-02-17 21:00:00
R00114,Chemicals,OWNER_045,Mumbai,Singapore,Mumbai,2419.38,6,18987.23,IN_TRANSIT,2026-02-17 21:00:00
R01641,Machinery,OWNER_082,Mumbai,Rotterdam,Mumbai,1335.16,6,49028.99,IN_TRANSIT,2026-02-17 22:00:00
R01328,Electronics,OWNER_002,Kochi,Colombo,Kochi,2252.44,2,51383.57,IN_TRANSIT,2026-02-18 00:00:00
R02768,Machinery,OWNER_071,Mumbai,Colombo,Mumbai,2187.14,2,39112.07,IN_TRANSIT,2026-02-18 02:00:00
R00977,Electronics,OWNER_078,Kochi,Colombo,Kochi,978.31,5,153552.9,IN_TRANSIT,2026-02-18 04:00:00
R01485,Machinery,OWNER_014,Rotterdam,Mumbai,Rotterdam,2546.47,2,112767.64,IN_TRANSIT,2026-02-18 05:00:00
R01837,Machinery,OWNER_067,Dubai,Kochi,Dubai,452.03,3,186350.57,IN_TRANSIT,2026-02-18 06:00:00
R01584,Chemicals,OWNER_056,Rotterdam,Kochi,Rotterdam,1845.33,5,33742.02,IN_TRANSIT,2026-02-18 08:00:00
R02810,Machinery,OWNER_096,Colombo,Mumbai,Colombo,5242.41,1,15858.44,IN_TRANSIT,2026-02-18 14:00:00
R01748,Electronics,OWNER_094,Kandla,Singapore,Kandla,2351.44,7,90209.34,IN_TRANSIT,2026-02-18 15:00:00
R01672,Textiles,OWNER_061,Chennai,Rotterdam,Chennai,16871.03,4,102278.68,IN_TRANSIT,2026-02-18 15:00:00
R00587,Chemicals,OWNER_049,Singapore,Kochi,Singapore,2314.65,2,22061.03,IN_TRANSIT,2026-02-18 18:00:00
R01652,Machinery,OWNER_006,Kochi,Mumbai,Kochi,4346.49,3,28589.46,IN_TRANSIT,2026-02-18 18:00:00
R01195,Textiles,OWNER_001,Colombo,Singapore,Colombo,1174.01,5,90430.71,IN_TRANSIT,2026-02-19 04:00:00
R00686,Textiles,OWNER_008,Chennai,Kandla,Chennai,2980.8,3,104396.73,IN_TRANSIT,2026-02-19 04:00:00
R00946,Electronics,OWNER_098,Mumbai,Dubai,Mumbai,2765.82,3,83867.43,IN_TRANSIT,2026-02-19 06:00:00
R00843,Food,OWNER_016,Kandla,Colombo,Kandla,1121.98,7,60963.21,IN_TRANSIT,2026-02-19 06:00:00
R00588,Machinery,OWNER_020,Colombo,Dubai,Colombo,743.11,1,33360.26,IN_TRANSIT,2026-02-19 07:00:00
R00715,Chemicals,OWNER_035,Mumbai,Dubai,Mumbai,787.48,3,52942.43,IN_TRANSIT,2026-02-19 07:00:00
R00865,Chemicals,OWNER_096,Dubai,Mumbai,Dubai,2317.72,2,34487.42,IN_TRANSIT,2026-02-19 08:00:00
R02659,Electronics,OWNER_075,Dubai,Chennai,Dubai,1705.03,6,37250.02,IN_TRANSIT,2026-02-19 08:00:00
R01348,Machinery,OWNER_034,Chennai,Rotterdam,Chennai,3580.64,2,302718.44,IN_TRANSIT,2026-02-19 12:00:00
R01847,Chemicals,OWNER_079,Kandla,Rotterdam,Kandla,3243.57,4,58207.03,IN_TRANSIT,2026-02-19 12:00:00
R00564,Machinery,OWNER_026,Dubai,Kochi,Dubai,1348.48,1,29417.31,IN_TRANSIT,2026-02-19 13:00:00
R01035,Machinery,OWNER_089,Rotterdam,Kandla,Rotterdam,1135.08,6,56022.02,IN_TRANSIT,2026-02-19 14:00:00
R01090,Electronics,OWNER_092,Rotterdam,Kandla,Rotterdam,1838.47,7,61490.96,IN_TRANSIT,2026-02-19 16:00:00
R02166,Chemicals,OWNER_049,Rotterdam,Kochi,Rotterdam,1850.18,2,9372.89,IN_TRANSIT,2026-02-19 17:00:00
R01010,Machinery,OWNER_058,Singapore,Rotterdam,Singapore,905.92,1,65377.91,IN_TRANSIT,2026-02-19 18:00:00
R02752,Electronics,OWNER_084,Chennai,Mumbai,Chennai,982.12,2,98410.98,IN_TRANSIT,2026-02-19 20:00:00
R01604,Chemicals,OWNER_081,Chennai,Rotterdam,Chennai,1589.65,5,7478.15,IN_TRANSIT,2026-02-19 21:00:00
R02665,Chemicals,OWNER_071,Dubai,Kandla,Dubai,1543.73,1,170393.07,IN_TRANSIT,2026-02-19 21:00:00
R02959,Chemicals,OWNER_082,Singapore,Rotterdam,Singapore,1241.74,2,51953.38,IN_TRANSIT,2026-02-19 23:00:00
R00633,Machinery,OWNER_096,Dubai,Singapore,Dubai,3026.4,1,224757.27,IN_TRANSIT,2026-02-20 01:00:00
R00807,Electronics,OWNER_065,Mumbai,Rotterdam,Mumbai,2917.53,7,45619.7,IN_TRANSIT,2026-02-20 03:00:00
R01656,Electronics,OWNER_038,Dubai,Singapore,Dubai,1579.22,5,97854.1,IN_TRANSIT,2026-02-20 03:00:00
R02445,Chemicals,OWNER_016,Kandla,Mumbai,Kandla,2322.86,1,116387.58,IN_TRANSIT,2026-02-20 05:00:00
R00038,Electronics,OWNER_002,Rotterdam,Chennai,Rotterdam,476.94,5,70335.03,IN_TRANSIT,2026-02-20 06:00:00
R02958,Machinery,OWNER_032,Chennai,Colombo,Chennai,2173.94,5,25789.66,IN_TRANSIT,2026-02-20 07:00:00
R00689,Electronics,OWNER_069,Kochi,Colombo,Kochi,11492.4,5,77404.16,IN_TRANSIT,2026-02-20 08:00:00
R00757,Chemicals,OWNER_052,Singapore,Colombo,Singapore,2610.28,1,39241.92,IN_TRANSIT,2026-02-20 08:00:00
R01531,Chemicals,OWNER_082,Rotterdam,Kochi,Rotterdam,1473.94,6,101261.57,IN_TRANSIT,2026-02-20 10:00:00
R00751,Machinery,OWNER_087,Singapore,Rotterdam,Singapore,1722.28,2,12428.85,IN_TRANSIT,2026-02-20 10:00:00
R02860,Chemicals,OWNER_092,Dubai,Singapore,Dubai,933.17,6,19708.64,IN_TRANSIT,2026-02-20 10:00:00
R00190,Textiles,OWNER_029,Colombo,Mumbai,Colombo,2220.37,5,101504.94,IN_TRANSIT,2026-02-20 11:00:00
R01596,Food,OWNER_094,Kandla,Singapore,Kandla,3572.79,2,43402.48,IN_TRANSIT,2026-02-20 12:00:00
R00180,Textiles,OWNER_088,Singapore,Rotterdam,Singapore,3297.21,1,75183.68,IN_TRANSIT,2026-02-20 12:00:00
R01613,Electronics,OWNER_015,Colombo,Singapore,Colombo,3366.01,5,208720.37,IN_TRANSIT,2026-02-20 15:00:00
R00586,Chemicals,OWNER_062,Kandla,Mumbai,Kandla,2995.68,7,17871.61,IN_TRANSIT,2026-02-20 16:00:00
R00678,Textiles,OWNER_002,Rotterdam,Kochi,Rotterdam,2614.06,7,15582.89,IN_TRANSIT,2026-02-20 19:00:00
R00693,Textiles,OWNER_069,Colombo,Dubai,Colombo,1559.59,4,62375.93,IN_TRANSIT,2026-02-20 22:00:00
R00834,Textiles,OWNER_065,Kochi,Dubai,Kochi,1629.86,7,58039.28,IN_TRANSIT,2026-02-20 23:00:00
R02460,Chemicals,OWNER_086,Kochi,Kandla,Kochi,1788.79,1,28568.16,IN_TRANSIT,2026-02-21 04:00:00
R00500,Electronics,OWNER_030,Singapore,Colombo,Singapore,1749.51,6,128698.28,IN_TRANSIT,2026-02-21 04:00:00
R02749,Food,OWNER_061,Dubai,Kandla,Dubai,3099.13,1,33274.12,IN_TRANSIT,2026-02-21 04:00:00
R02880,Chemicals,OWNER_043,Dubai,Singapore,Dubai,4571.0,4,56533.63,IN_TRANSIT,2026-02-21 05:00:00
R02939,Food,OWNER_027,Kochi,Kandla,Kochi,1668.15,4,122359.96,IN_TRANSIT,2026-02-21 07:00:00
R02568,Electronics,OWNER_047,Singapore,Chennai,Singapore,4131.29,4,26529.66,IN_TRANSIT,2026-02-21 09:00:00
R00692,Textiles,OWNER_008,Rotterdam,Singapore,Rotterdam,4207.3,4,58359.46,IN_TRANSIT,2026-02-21 09:00:00
R02801,Electronics,OWNER_096,Singapore,Kandla,Singapore,2679.9,1,149800.97,IN_TRANSIT,2026-02-21 10:00:00
R02886,Food,OWNER_053,Rotterdam,Singapore,Rotterdam,1364.11,4,396816.21,IN_TRANSIT,2026-02-21 12:00:00
R02868,Machinery,OWNER_005,Mumbai,Chennai,Mumbai,1045.59,1,26726.55,IN_TRANSIT,2026-02-21 12:00:00
R00200,Electronics,OWNER_095,Mumbai,Kochi,Mumbai,4261.42,2,692019.0,IN_TRANSIT,2026-02-21 13:00:00
R01769,Chemicals,OWNER_006,Mumbai,Dubai,Mumbai,2799.78,3,250979.87,IN_TRANSIT,2026-02-21 14:00:00
R00466,Chemicals,OWNER_036,Kochi,Mumbai,Kochi,2817.36,1,69146.98,IN_TRANSIT,2026-02-21 15:00:00
R02186,Electronics,OWNER_096,Kochi,Dubai,Kochi,1459.91,5,67019.58,IN_TRANSIT,2026-02-21 20:00:00
R02865,Textiles,OWNER_083,Colombo,Kochi,Colombo,3592.74,3,102959.21,IN_TRANSIT,2026-02-21 21:00:00
R01536,Machinery,OWNER_061,Kandla,Singapore,Kandla,2533.76,2,23604.42,IN_TRANSIT,2026-02-21 21:00:00
R01987,Food,OWNER_098,Dubai,Rotterdam,Dubai,971.94,5,113865.63,IN_TRANSIT,2026-02-21 22:00:00
R00197,Textiles,OWNER_026,Singapore,Dubai,Singapore,2414.08,3,234038.32,IN_TRANSIT,2026-02-22 01:00:00
R01768,Electronics,OWNER_085,Rotterdam,Colombo,Rotterdam,3293.25,1,15161.07,IN_TRANSIT,2026-02-22 03:00:00
R01307,Machinery,OWNER_071,Singapore,Colombo,Singapore,2404.59,1,12948.54,IN_TRANSIT,2026-02-22 04:00:00
R01654,Textiles,OWNER_021,Chennai,Colombo,Chennai,3823.87,3,206621.1,IN_TRANSIT,2026-02-22 04:00:00
R01972,Chemicals,OWNER_082,Chennai,Singapore,Chennai,1930.45,3,103899.89,IN_TRANSIT,2026-02-22 06:00:00
R00198,Chemicals,OWNER_058,Kandla,Dubai,Kandla,1738.6,2,31021.32,IN_TRANSIT,2026-02-22 07:00:00
R00560,Food,OWNER_006,Chennai,Dubai,Chennai,813.07,5,97314.47,IN_TRANSIT,2026-02-22 07:00:00
R00880,Machinery,OWNER_080,Singapore,Dubai,Singapore,1267.61,2,84401.24,IN_TRANSIT,2026-02-22 13:00:00
R00101,Electronics,OWNER_050,Chennai,Singapore,Chennai,3812.64,6,38977.79,IN_TRANSIT,2026-02-22 13:00:00
R01358,Electronics,OWNER_013,Rotterdam,Kandla,Rotterdam,2789.43,2,62485.97,IN_TRANSIT,2026-02-22 14:00:00
R02983,Electronics,OWNER_017,Rotterdam,Kochi,Rotterdam,2675.66,5,51370.64,IN_TRANSIT,2026-02-22 15:00:00
R01004,Electronics,OWNER_026,Kandla,Rotterdam,Kandla,7997.17,7,21895.03,IN_TRANSIT,2026-02-22 18:00:00
R01108,Textiles,OWNER_028,Kandla,Rotterdam,Kandla,454.63,3,152939.6,IN_TRANSIT,2026-02-22 21:00:00
R01186,Food,OWNER_004,Kochi,Colombo,Kochi,1537.83,4,29618.77,IN_TRANSIT,2026-02-22 23:00:00
R02064,Food,OWNER_089,Rotterdam,Kochi,Rotterdam,4554.2,6,61530.99,IN_TRANSIT,2026-02-23 00:00:00
R02964,Food,OWNER_087,Mumbai,Kandla,Mumbai,3221.18,2,46699.96,IN_TRANSIT,2026-02-23 01:00:00
R00624,Chemicals,OWNER_020,Mumbai,Dubai,Mumbai,2093.95,7,94836.32,IN_TRANSIT,2026-02-23 04:00:00
R02554,Chemicals,OWNER_092,Kochi,Dubai,Kochi,2203.96,1,101056.07,IN_TRANSIT,2026-02-23 07:00:00
R00121,Food,OWNER_041,Kochi,Rotterdam,Kochi,1648.63,1,18314.76,IN_TRANSIT,2026-02-23 08:00:00
R02002,Electronics,OWNER_070,Kandla,Rotterdam,Kandla,1342.03,5,60615.48,IN_TRANSIT,2026-02-23 08:00:00
R00980,Chemicals,OWNER_065,Colombo,Rotterdam,Colombo,3922.59,7,245171.89,IN_TRANSIT,2026-02-23 08:00:00
R00801,Textiles,OWNER_031,Chennai,Kandla,Chennai,1995.27,2,74849.27,IN_TRANSIT,2026-02-23 08:00:00
R01992,Textiles,OWNER_004,Kochi,Rotterdam,Kochi,1393.83,6,318829.81,IN_TRANSIT,2026-02-23 09:00:00
R00610,Chemicals,OWNER_004,Singapore,Mumbai,Singapore,13460.74,3,110499.56,IN_TRANSIT,2026-02-23 11:00:00
R00572,Chemicals,OWNER_066,Chennai,Colombo,Chennai,6691.61,5,117366.47,IN_TRANSIT,2026-02-23 12:00:00
R02881,Textiles,OWNER_070,Mumbai,Singapore,Mumbai,977.2,7,39388.98,IN_TRANSIT,2026-02-23 13:00:00
R01825,Chemicals,OWNER_033,Rotterdam,Kandla,Rotterdam,6888.24,4,43881.87,IN_TRANSIT,2026-02-23 14:00:00
R00112,Electronics,OWNER_051,Mumbai,Dubai,Mumbai,1288.99,6,140095.7,IN_TRANSIT,2026-02-23 14:00:00
R00965,Textiles,OWNER_007,Singapore,Rotterdam,Singapore,500.08,6,100072.45,IN_TRANSIT,2026-02-23 15:00:00
R02683,Food,OWNER_056,Singapore,Kochi,Singapore,1127.99,3,135414.25,IN_TRANSIT,2026-02-23 16:00:00
R02843,Textiles,OWNER_100,Kandla,Dubai,Kandla,1948.88,4,80176.05,IN_TRANSIT,2026-02-23 17:00:00
R01757,Electronics,OWNER_038,Dubai,Rotterdam,Dubai,3711.72,3,31386.49,IN_TRANSIT,2026-02-23 17:00:00
R02620,Textiles,OWNER_058,Rotterdam,Mumbai,Rotterdam,2517.03,2,43467.02,IN_TRANSIT,2026-02-23 17:00:00
R00493,Electronics,OWNER_056,Colombo,Mumbai,Colombo,4598.04,4,107813.55,IN_TRANSIT,2026-02-23 18:00:00
R00088,Machinery,OWNER_048,Rotterdam,Singapore,Rotterdam,3710.4,4,33871.43,IN_TRANSIT,2026-02-23 18:00:00
R00776,Food,OWNER_083,Kochi,Rotterdam,Kochi,2569.32,4,398739.91,IN_TRANSIT,2026-02-23 19:00:00
R00119,Food,OWNER_060,Dubai,Colombo,Dubai,1477.62,1,62822.02,IN_TRANSIT,2026-02-23 19:00:00
R02421,Electronics,OWNER_089,Singapore,Chennai,Singapore,2025.89,7,61350.08,IN_TRANSIT,2026-02-23 20:00:00
R02558,Machinery,OWNER_085,Rotterdam,Singapore,Rotterdam,1276.05,4,250237.18,IN_TRANSIT,2026-02-23 20:00:00
R00667,Machinery,OWNER_005,Kochi,Colombo,Kochi,1337.77,1,81327.35,IN_TRANSIT,2026-02-23 21:00:00
R01518,Food,OWNER_087,Kandla,Colombo,Kandla,996.7,7,201824.97,IN_TRANSIT,2026-02-23 21:00:00
R00347,Chemicals,OWNER_048,Colombo,Kochi,Colombo,4566.32,6,130598.59,IN_TRANSIT,2026-02-24 01:00:00
R00815,Food,OWNER_044,Mumbai,Singapore,Mumbai,1108.96,5,36552.98,IN_TRANSIT,2026-02-24 01:00:00
R01562,Textiles,OWNER_061,Chennai,Mumbai,Chennai,4479.43,7,130934.81,IN_TRANSIT,2026-02-24 02:00:00
R02053,Electronics,OWNER_060,Rotterdam,Mumbai,Rotterdam,1302.97,3,35605.52,IN_TRANSIT,2026-02-24 03:00:00
R01194,Machinery,OWNER_019,Dubai,Mumbai,Dubai,3042.0,6,94133.1,IN_TRANSIT,2026-02-24 05:00:00
R01722,Machinery,OWNER_009,Kochi,Rotterdam,Kochi,380.74,7,138398.43,IN_TRANSIT,2026-02-24 05:00:00
R02234,Food,OWNER_055,Chennai,Singapore,Chennai,1261.05,2,50313.81,IN_TRANSIT,2026-02-24 06:00:00
R01951,Electronics,OWNER_071,Kochi,Singapore,Kochi,1135.04,5,11329.72,IN_TRANSIT,2026-02-24 06:00:00
R02425,Textiles,OWNER_033,Singapore,Kandla,Singapore,313.05,2,138770.37,IN_TRANSIT,2026-02-24 06:00:00
R02122,Textiles,OWNER_028,Singapore,Kandla,Singapore,3458.14,3,109328.84,IN_TRANSIT,2026-02-24 06:00:00
R00164,Chemicals,OWNER_078,Chennai,Kandla,Chennai,3347.51,7,30064.97,IN_TRANSIT,2026-02-24 07:00:00
R02014,Textiles,OWNER_081,Chennai,Rotterdam,Chennai,1057.96,7,175664.47,IN_TRANSIT,2026-02-24 09:00:00
R02741,Machinery,OWNER_060,Dubai,Kandla,Dubai,1794.9,7,174117.91,IN_TRANSIT,2026-02-24 11:00:00
R02627,Machinery,OWNER_052,Kochi,Chennai,Kochi,894.93,5,110832.97,IN_TRANSIT,2026-02-24 11:00:00
R01674,Chemicals,OWNER_026,Kochi,Rotterdam,Kochi,1672.99,1,121945.58,IN_TRANSIT,2026-02-24 11:00:00
R00182,Food,OWNER_066,Dubai,Kandla,Dubai,2412.64,5,105947.17,IN_TRANSIT,2026-02-24 12:00:00
R01305,Electronics,OWNER_023,Dubai,Rotterdam,Dubai,3247.7,5,590592.85,IN_TRANSIT,2026-02-24 12:00:00
R02548,Textiles,OWNER_090,Colombo,Rotterdam,Colombo,1482.14,4,56223.04,IN_TRANSIT,2026-02-24 13:00:00
R00825,Electronics,OWNER_088,Colombo,Singapore,Colombo,1473.35,5,38039.98,IN_TRANSIT,2026-02-24 14:00:00
R01629,Textiles,OWNER_100,Colombo,Rotterdam,Colombo,2378.82,4,298673.79,IN_TRANSIT,2026-02-24 14:00:00
R01822,Food,OWNER_076,Chennai,Mumbai,Chennai,2735.72,1,80329.53,IN_TRANSIT,2026-02-24 14:00:00
R00352,Chemicals,OWNER_052,Singapore,Chennai,Singapore,1846.49,7,82277.9,IN_TRANSIT,2026-02-24 15:00:00
R02893,Food,OWNER_052,Chennai,Singapore,Chennai,889.65,1,24455.31,IN_TRANSIT,2026-02-24 17:00:00
R00013,Food,OWNER_004,Mumbai,Singapore,Mumbai,1338.72,7,62752.68,IN_TRANSIT,2026-02-24 17:00:00
R01603,Chemicals,OWNER_088,Kandla,Mumbai,Kandla,2945.27,5,25893.81,IN_TRANSIT,2026-02-24 18:00:00
R01857,Electronics,OWNER_076,Chennai,Kochi,Chennai,1054.01,7,38266.28,IN_TRANSIT,2026-02-24 22:00:00
R02077,Chemicals,OWNER_028,Colombo,Rotterdam,Colombo,444.98,7,27270.46,IN_TRANSIT,2026-02-25 01:00:00
R01662,Textiles,OWNER_003,Dubai,Chennai,Dubai,4567.71,1,73553.62,IN_TRANSIT,2026-02-25 06:00:00
R01978,Food,OWNER_080,Chennai,Rotterdam,Chennai,1731.3,4,84480.68,IN_TRANSIT,2026-02-25 07:00:00
R00524,Electronics,OWNER_043,Kandla,Kochi,Kandla,1898.86,7,63940.02,IN_TRANSIT,2026-02-25 07:00:00
R00826,Chemicals,OWNER_092,Colombo,Kandla,Colombo,3217.75,1,42502.58,IN_TRANSIT,2026-02-25 08:00:00
R00160,Food,OWNER_005,Rotterdam,Kandla,Rotterdam,2788.54,3,33335.71,IN_TRANSIT,2026-02-25 09:00:00
R01096,Machinery,OWNER_080,Kandla,Rotterdam,Kandla,970.54,2,67330.54,IN_TRANSIT,2026-02-25 10:00:00
R01568,Chemicals,OWNER_045,Mumbai,Singapore,Mumbai,1843.32,2,61018.46,IN_TRANSIT,2026-02-25 12:00:00
R00659,Machinery,OWNER_021,Colombo,Chennai,Colombo,2897.81,7,97793.21,IN_TRANSIT,2026-02-25 15:00:00
R00360,Electronics,OWNER_042,Colombo,Mumbai,Colombo,1875.57,4,88991.56,IN_TRANSIT,2026-02-25 19:00:00
R01446,Chemicals,OWNER_056,Dubai,Chennai,Dubai,2449.5,6,222850.74,IN_TRANSIT,2026-02-25 19:00:00
R02648,Electronics,OWNER_087,Kochi,Singapore,Kochi,1146.14,5,75829.71,IN_TRANSIT,2026-02-25 20:00:00
R00732,Chemicals,OWNER_012,Chennai,Dubai,Chennai,1072.02,3,32997.32,IN_TRANSIT,2026-02-25 22:00:00
R00703,Electronics,OWNER_041,Colombo,Singapore,Colombo,1695.51,4,90583.94,IN_TRANSIT,2026-02-25 23:00:00
R01809,Electronics,OWNER_100,Colombo,Kandla,Colombo,565.97,1,62433.73,IN_TRANSIT,2026-02-26 03:00:00
R01150,Chemicals,OWNER_033,Kandla,Singapore,Kandla,2070.68,5,134446.34,IN_TRANSIT,2026-02-26 04:00:00
R02222,Electronics,OWNER_002,Colombo,Kandla,Colombo,1283.0,4,150404.99,IN_TRANSIT,2026-02-26 08:00:00
R02986,Food,OWNER_028,Singapore,Chennai,Singapore,643.64,6,24496.88,IN_TRANSIT,2026-02-26 08:00:00
R02325,Machinery,OWNER_011,Kochi,Dubai,Kochi,4434.85,3,483163.22,IN_TRANSIT,2026-02-26 10:00:00
R02299,Electronics,OWNER_095,Colombo,Rotterdam,Colombo,786.01,6,82977.63,IN_TRANSIT,2026-02-26 12:00:00
R02490,Food,OWNER_013,Dubai,Mumbai,Dubai,1452.78,3,39653.47,IN_TRANSIT,2026-02-26 14:00:00
R00708,Machinery,OWNER_025,Mumbai,Kandla,Mumbai,2632.79,4,65484.08,IN_TRANSIT,2026-02-26 16:00:00
R02570,Food,OWNER_068,Rotterdam,Dubai,Rotterdam,2014.27,5,71154.72,IN_TRANSIT,2026-02-26 20:00:00
R01812,Machinery,OWNER_097,Colombo,Dubai,Colombo,620.37,1,42705.58,IN_TRANSIT,2026-02-27 01:00:00
R01221,Chemicals,OWNER_065,Colombo,Dubai,Colombo,938.97,3,148253.85,IN_TRANSIT,2026-02-27 02:00:00
R00454,Chemicals,OWNER_037,Dubai,Mumbai,Dubai,834.83,2,41680.81,IN_TRANSIT,2026-02-27 02:00:00
R01552,Food,OWNER_099,Chennai,Colombo,Chennai,1561.31,5,28932.4,IN_TRANSIT,2026-02-27 06:00:00
R02762,Machinery,OWNER_079,Colombo,Kochi,Colombo,2041.96,4,30827.58,IN_TRANSIT,2026-02-27 06:00:00
R01411,Electronics,OWNER_056,Dubai,Singapore,Dubai,1484.77,3,16720.69,IN_TRANSIT,2026-02-27 07:00:00
R00048,Textiles,OWNER_093,Singapore,Chennai,Singapore,2996.71,2,103550.31,IN_TRANSIT,2026-02-27 08:00:00
R00876,Electronics,OWNER_087,Chennai,Mumbai,Chennai,3245.05,1,140169.28,IN_TRANSIT,2026-02-27 11:00:00
R01607,Chemicals,OWNER_018,Kochi,Kandla,Kochi,1489.68,3,51098.14,IN_TRANSIT,2026-02-27 11:00:00
R02221,Electronics,OWNER_084,Mumbai,Kochi,Mumbai,2436.56,5,55255.66,IN_TRANSIT,2026-02-27 12:00:00
R02092,Chemicals,OWNER_077,Rotterdam,Chennai,Rotterdam,1451.8,5,48606.02,IN_TRANSIT,2026-02-27 12:00:00
R00770,Machinery,OWNER_050,Dubai,Rotterdam,Dubai,2682.72,6,77569.17,IN_TRANSIT,2026-02-27 12:00:00
R01214,Electronics,OWNER_026,Rotterdam,Mumbai,Rotterdam,1799.32,2,18173.95,IN_TRANSIT,2026-02-27 14:00:00
R02979,Food,OWNER_077,Singapore,Chennai,Singapore,657.67,2,198233.7,IN_TRANSIT,2026-02-27 14:00:00
R02932,Electronics,OWNER_004,Dubai,Chennai,Dubai,2169.97,2,275650.56,IN_TRANSIT,2026-02-27 15:00:00
R01600,Textiles,OWNER_057,Rotterdam,Colombo,Rotterdam,1979.3,2,29627.48,IN_TRANSIT,2026-02-27 17:00:00
R00054,Chemicals,OWNER_058,Dubai,Chennai,Dubai,1870.77,6,57887.86,IN_TRANSIT,2026-02-27 17:00:00
R01761,Chemicals,OWNER_003,Rotterdam,Colombo,Rotterdam,663.54,5,14545.64,IN_TRANSIT,2026-02-27 18:00:00
R00339,Food,OWNER_055,Kandla,Colombo,Kandla,2633.66,2,87174.57,IN_TRANSIT,2026-02-27 18:00:00
R01561,Chemicals,OWNER_038,Kandla,Chennai,Kandla,951.9,1,235772.63,IN_TRANSIT,2026-02-27 20:00:00
R01495,Machinery,OWNER_048,Dubai,Rotterdam,Dubai,831.04,4,69388.94,IN_TRANSIT,2026-02-27 20:00:00
R02428,Textiles,OWNER_082,Singapore,Kandla,Singapore,1962.84,4,108830.32,IN_TRANSIT,2026-02-27 20:00:00
R02728,Textiles,OWNER_013,Kandla,Colombo,Kandla,2190.7,4,185949.83,IN_TRANSIT,2026-02-28 02:00:00
R02235,Textiles,OWNER_057,Mumbai,Colombo,Mumbai,1915.6,3,39305.06,IN_TRANSIT,2026-02-28 03:00:00
R00833,Machinery,OWNER_029,Dubai,Kochi,Dubai,1619.59,4,40176.96,IN_TRANSIT,2026-02-28 03:00:00
R02631,Textiles,OWNER_048,Colombo,Dubai,Colombo,1372.99,4,112400.18,IN_TRANSIT,2026-02-28 04:00:00
R00739,Textiles,OWNER_060,Rotterdam,Chennai,Rotterdam,7748.39,3,57181.05,IN_TRANSIT,2026-02-28 04:00:00
R02335,Textiles,OWNER_033,Kandla,Mumbai,Kandla,1563.78,6,52459.9,IN_TRANSIT,2026-02-28 05:00:00
R00887,Electronics,OWNER_082,Colombo,Rotterdam,Colombo,3133.83,5,52006.89,IN_TRANSIT,2026-02-28 07:00:00
R01140,Chemicals,OWNER_005,Colombo,Kandla,Colombo,2178.27,7,43947.22,IN_TRANSIT,2026-02-28 07:00:00
R02210,Machinery,OWNER_053,Dubai,Kandla,Dubai,2249.8,5,122979.76,IN_TRANSIT,2026-02-28 09:00:00
R02283,Electronics,OWNER_020,Singapore,Chennai,Singapore,1445.87,2,88327.48,IN_TRANSIT,2026-02-28 10:00:00
R01622,Food,OWNER_095,Singapore,Colombo,Singapore,606.91,6,18372.78,IN_TRANSIT,2026-02-28 10:00:00
R00368,Electronics,OWNER_098,Mumbai,Colombo,Mumbai,1914.31,5,100068.35,IN_TRANSIT,2026-02-28 10:00:00
R02214,Electronics,OWNER_006,Dubai,Mumbai,Dubai,780.27,2,30158.62,IN_TRANSIT,2026-02-28 11:00:00
R00590,Electronics,OWNER_094,Chennai,Kandla,Chennai,775.76,7,61997.13,IN_TRANSIT,2026-02-28 12:00:00
R02904,Chemicals,OWNER_090,Singapore,Kandla,Singapore,1165.66,5,196014.31,IN_TRANSIT,2026-02-28 15:00:00
R00208,Electronics,OWNER_031,Rotterdam,Chennai,Rotterdam,950.88,4,104846.62,IN_TRANSIT,2026-02-28 15:00:00
R02611,Chemicals,OWNER_002,Rotterdam,Colombo,Rotterdam,1584.22,4,54614.11,IN_TRANSIT,2026-02-28 17:00:00
R01942,Chemicals,OWNER_061,Dubai,Rotterdam,Dubai,1064.05,2,20836.24,IN_TRANSIT,2026-02-28 17:00:00
R01198,Food,OWNER_006,Chennai,Rotterdam,Chennai,2011.06,3,32762.78,IN_TRANSIT,2026-02-28 18:00:00
R01272,Textiles,OWNER_042,Chennai,Colombo,Chennai,1654.86,4,27726.56,IN_TRANSIT,2026-02-28 22:00:00
R01632,Machinery,OWNER_088,Kochi,Singapore,Kochi,2822.02,3,19163.26,IN_TRANSIT,2026-03-01 04:00:00
R02792,Electronics,OWNER_029,Rotterdam,Dubai,Rotterdam,638.67,2,72291.06,IN_TRANSIT,2026-03-01 07:00:00
R01955,Electronics,OWNER_008,Chennai,Dubai,Chennai,4254.05,1,37258.38,IN_TRANSIT,2026-03-01 08:00:00
R00435,Machinery,OWNER_094,Dubai,Kandla,Dubai,5016.56,7,55170.74,IN_TRANSIT,2026-03-01 08:00:00
R02773,Chemicals,OWNER_096,Dubai,Colombo,Dubai,2406.84,2,321874.71,IN_TRANSIT,2026-03-01 09:00:00
R02947,Chemicals,OWNER_012,Colombo,Dubai,Colombo,1515.03,1,10061.4,IN_TRANSIT,2026-03-01 10:00:00
R01856,Electronics,OWNER_034,Singapore,Kochi,Singapore,1597.0,7,28434.77,IN_TRANSIT,2026-03-01 11:00:00
R00581,Chemicals,OWNER_028,Kandla,Dubai,Kandla,3112.4,1,302966.0,IN_TRANSIT,2026-03-01 12:00:00
R02995,Food,OWNER_024,Kochi,Dubai,Kochi,1756.6,5,73324.02,IN_TRANSIT,2026-03-01 15:00:00
R00420,Textiles,OWNER_013,Mumbai,Kochi,Mumbai,1267.43,2,14953.27,IN_TRANSIT,2026-03-01 15:00:00
R02800,Food,OWNER_074,Mumbai,Singapore,Mumbai,2916.78,5,97760.76,IN_TRANSIT,2026-03-01 17:00:00
R01353,Food,OWNER_051,Singapore,Dubai,Singapore,2028.19,4,72213.11,IN_TRANSIT,2026-03-01 19:00:00
R02390,Textiles,OWNER_097,Dubai,Chennai,Dubai,1630.29,7,115622.62,IN_TRANSIT,2026-03-01 23:00:00
R00136,Textiles,OWNER_075,Chennai,Colombo,Chennai,2977.25,3,29374.18,IN_TRANSIT,2026-03-02 00:00:00
R00940,Chemicals,OWNER_016,Rotterdam,Chennai,Rotterdam,958.82,1,40653.53,IN_TRANSIT,2026-03-02 02:00:00
R00978,Electronics,OWNER_013,Kandla,Chennai,Kandla,2253.66,7,509903.94,IN_TRANSIT,2026-03-02 03:00:00
R01511,Textiles,OWNER_012,Kandla,Colombo,Kandla,1383.67,3,41124.63,IN_TRANSIT,2026-03-02 04:00:00
R00467,Textiles,OWNER_017,Singapore,Kochi,Singapore,3813.74,1,88942.51,IN_TRANSIT,2026-03-02 04:00:00
R00016,Electronics,OWNER_011,Rotterdam,Kandla,Rotterdam,831.06,1,107966.68,IN_TRANSIT,2026-03-02 04:00:00
R01803,Textiles,OWNER_030,Singapore,Kandla,Singapore,3536.2,5,62567.3,IN_TRANSIT,2026-03-02 06:00:00
R02700,Machinery,OWNER_008,Mumbai,Singapore,Mumbai,2243.66,6,47883.44,IN_TRANSIT,2026-03-02 07:00:00
R01945,Food,OWNER_089,Chennai,Dubai,Chennai,943.36,3,52799.59,IN_TRANSIT,2026-03-02 08:00:00
R01963,Electronics,OWNER_078,Kochi,Dubai,Kochi,833.29,2,85430.64,IN_TRANSIT,2026-03-02 08:00:00
R01281,Electronics,OWNER_024,Kochi,Singapore,Kochi,1587.41,6,71385.65,IN_TRANSIT,2026-03-02 09:00:00
R00238,Food,OWNER_016,Mumbai,Singapore,Mumbai,488.25,6,138229.54,IN_TRANSIT,2026-03-02 09:00:00
R01544,Food,OWNER_036,Kochi,Dubai,Kochi,1044.82,5,23356.66,IN_TRANSIT,2026-03-02 10:00:00
R01923,Chemicals,OWNER_027,Kochi,Chennai,Kochi,1276.42,1,131077.11,IN_TRANSIT,2026-03-02 10:00:00
R00942,Textiles,OWNER_008,Singapore,Kochi,Singapore,8124.91,1,34281.11,IN_TRANSIT,2026-03-02 11:00:00
R01608,Chemicals,OWNER_072,Dubai,Colombo,Dubai,1458.02,2,191381.11,IN_TRANSIT,2026-03-02 13:00:00
R01081,Food,OWNER_067,Chennai,Colombo,Chennai,4628.41,4,71014.14,IN_TRANSIT,2026-03-02 13:00:00
R01283,Machinery,OWNER_015,Singapore,Colombo,Singapore,2045.49,4,51521.97,IN_TRANSIT,2026-03-02 17:00:00
R00555,Electronics,OWNER_062,Mumbai,Rotterdam,Mumbai,3601.89,6,132151.59,IN_TRANSIT,2026-03-02 17:00:00
R01772,Chemicals,OWNER_035,Dubai,Kandla,Dubai,2461.14,2,71436.9,IN_TRANSIT,2026-03-02 19:00:00
R02148,Machinery,OWNER_030,Dubai,Colombo,Dubai,1561.96,2,28992.28,IN_TRANSIT,2026-03-02 21:00:00
R01199,Food,OWNER_063,Singapore,Chennai,Singapore,460.08,1,59988.59,IN_TRANSIT,2026-03-03 00:00:00
R01514,Textiles,OWNER_014,Singapore,Mumbai,Singapore,5668.82,7,31072.95,IN_TRANSIT,2026-03-03 01:00:00
R00171,Machinery,OWNER_054,Singapore,Colombo,Singapore,4386.24,3,56708.24,IN_TRANSIT,2026-03-03 01:00:00
R02550,Chemicals,OWNER_012,Kochi,Singapore,Kochi,5025.43,7,162373.47,IN_TRANSIT,2026-03-03 02:00:00
R00459,Chemicals,OWNER_025,Mumbai,Kochi,Mumbai,2099.32,7,140400.29,IN_TRANSIT,2026-03-03 03:00:00
R00222,Textiles,OWNER_048,Rotterdam,Kochi,Rotterdam,813.87,5,34848.78,IN_TRANSIT,2026-03-03 05:00:00
R02439,Machinery,OWNER_011,Colombo,Mumbai,Colombo,2649.13,7,21189.08,IN_TRANSIT,2026-03-03 05:00:00
R00603,Food,OWNER_083,Singapore,Colombo,Singapore,2337.51,2,70888.01,IN_TRANSIT,2026-03-03 05:00:00
R00837,Electronics,OWNER_069,Colombo,Mumbai,Colombo,2183.29,7,22045.94,IN_TRANSIT,2026-03-03 06:00:00
R00994,Chemicals,OWNER_053,Kochi,Rotterdam,Kochi,1471.73,3,59836.67,IN_TRANSIT,2026-03-03 08:00:00
R02951,Textiles,OWNER_053,Colombo,Kandla,Colombo,1529.04,4,31291.4,IN_TRANSIT,2026-03-03 10:00:00
R00654,Machinery,OWNER_078,Kochi,Rotterdam,Kochi,2351.84,7,59093.86,IN_TRANSIT,2026-03-03 10:00:00
R00381,Machinery,OWNER_017,Rotterdam,Singapore,Rotterdam,2314.15,6,63684.92,IN_TRANSIT,2026-03-03 11:00:00
R01210,Machinery,OWNER_090,Mumbai,Singapore,Mumbai,1552.64,4,56694.63,IN_TRANSIT,2026-03-03 13:00:00
R01543,Machinery,OWNER_051,Colombo,Rotterdam,Colombo,815.36,7,17035.99,IN_TRANSIT,2026-03-03 13:00:00
R02587,Chemicals,OWNER_043,Kochi,Colombo,Kochi,937.68,6,109795.07,IN_TRANSIT,2026-03-03 13:00:00
R02495,Food,OWNER_066,Rotterdam,Dubai,Rotterdam,2010.96,1,281206.5,IN_TRANSIT,2026-03-03 14:00:00
R02593,Chemicals,OWNER_093,Colombo,Dubai,Colombo,9059.89,2,29673.56,IN_TRANSIT,2026-03-03 15:00:00
R02147,Food,OWNER_026,Chennai,Singapore,Chennai,1703.43,6,197693.06,IN_TRANSIT,2026-03-03 16:00:00
R02997,Textiles,OWNER_012,Kandla,Singapore,Kandla,1366.07,7,210159.77,IN_TRANSIT,2026-03-03 17:00:00
R00896,Electronics,OWNER_002,Chennai,Kochi,Chennai,3250.42,3,121114.29,IN_TRANSIT,2026-03-03 17:00:00
R02301,Food,OWNER_041,Singapore,Colombo,Singapore,865.63,2,70751.34,IN_TRANSIT,2026-03-03 18:00:00
R01668,Textiles,OWNER_022,Chennai,Colombo,Chennai,2543.64,5,41011.79,IN_TRANSIT,2026-03-03 18:00:00
R01950,Textiles,OWNER_056,Mumbai,Kochi,Mumbai,1261.75,2,84900.77,IN_TRANSIT,2026-03-03 19:00:00
R02012,Electronics,OWNER_035,Dubai,Mumbai,Dubai,1818.5,2,175458.23,IN_TRANSIT,2026-03-03 19:00:00
R01470,Textiles,OWNER_069,Rotterdam,Kandla,Rotterdam,714.73,3,272455.08,IN_TRANSIT,2026-03-03 20:00:00
R00697,Textiles,OWNER_095,Dubai,Colombo,Dubai,1003.07,2,69083.17,IN_TRANSIT,2026-03-03 20:00:00
R02250,Textiles,OWNER_027,Mumbai,Singapore,Mumbai,4276.05,1,152675.74,IN_TRANSIT,2026-03-03 21:00:00
R00822,Textiles,OWNER_016,Singapore,Kochi,Singapore,1539.98,6,24949.55,IN_TRANSIT,2026-03-04 02:00:00
R01122,Textiles,OWNER_064,Dubai,Kochi,Dubai,5259.82,5,97051.82,IN_TRANSIT,2026-03-04 02:00:00
R01898,Food,OWNER_026,Dubai,Colombo,Dubai,5763.3,5,40498.68,IN_TRANSIT,2026-03-04 03:00:00
R01896,Machinery,OWNER_092,Singapore,Rotterdam,Singapore,1517.97,1,111807.28,IN_TRANSIT,2026-03-04 08:00:00
R00025,Food,OWNER_060,Singapore,Colombo,Singapore,1564.87,2,32452.63,IN_TRANSIT,2026-03-04 10:00:00
R01075,Textiles,OWNER_046,Dubai,Rotterdam,Dubai,2984.46,6,90947.9,IN_TRANSIT,2026-03-04 11:00:00
R02672,Electronics,OWNER_082,Kochi,Colombo,Kochi,1718.05,7,311222.54,IN_TRANSIT,2026-03-04 12:00:00
R00382,Electronics,OWNER_008,Kochi,Rotterdam,Kochi,1591.76,7,55618.86,IN_TRANSIT,2026-03-04 13:00:00
R00158,Food,OWNER_058,Dubai,Colombo,Dubai,1141.71,5,158767.84,IN_TRANSIT,2026-03-04 15:00:00
R02955,Textiles,OWNER_100,Mumbai,Kandla,Mumbai,610.35,7,12453.8,IN_TRANSIT,2026-03-04 22:00:00
R02645,Chemicals,OWNER_026,Kandla,Colombo,Kandla,1577.87,3,96736.6,IN_TRANSIT,2026-03-04 22:00:00
R00317,Chemicals,OWNER_058,Colombo,Dubai,Colombo,1679.82,2,80924.94,IN_TRANSIT,2026-03-04 22:00:00
R01462,Machinery,OWNER_023,Colombo,Rotterdam,Colombo,2627.22,7,23659.31,IN_TRANSIT,2026-03-04 22:00:00
R02532,Food,OWNER_025,Mumbai,Dubai,Mumbai,716.0,2,24273.05,IN_TRANSIT,2026-03-04 23:00:00
R01290,Food,OWNER_036,Chennai,Dubai,Chennai,845.89,6,58052.79,IN_TRANSIT,2026-03-04 23:00:00
R01051,Textiles,OWNER_042,Chennai,Kandla,Chennai,1023.7,3,18267.19,IN_TRANSIT,2026-03-05 03:00:00
R01401,Food,OWNER_095,Kochi,Singapore,Kochi,1791.51,5,67387.27,IN_TRANSIT,2026-03-05 06:00:00
R01790,Electronics,OWNER_079,Rotterdam,Kandla,Rotterdam,3910.69,7,116224.06,IN_TRANSIT,2026-03-05 11:00:00
R01592,Textiles,OWNER_053,Singapore,Rotterdam,Singapore,1303.52,7,48987.82,IN_TRANSIT,2026-03-05 12:00:00
R01696,Food,OWNER_042,Rotterdam,Dubai,Rotterdam,1425.98,6,163724.77,IN_TRANSIT,2026-03-05 13:00:00
R00505,Machinery,OWNER_068,Kochi,Dubai,Kochi,1551.77,3,222716.9,IN_TRANSIT,2026-03-05 14:00:00
R02019,Electronics,OWNER_041,Kochi,Chennai,Kochi,2914.11,6,22623.0,IN_TRANSIT,2026-03-05 15:00:00
R02054,Machinery,OWNER_033,Kochi,Singapore,Kochi,1871.66,3,100089.92,IN_TRANSIT,2026-03-05 16:00:00
R02284,Food,OWNER_012,Kandla,Mumbai,Kandla,2608.76,2,26121.79,IN_TRANSIT,2026-03-05 20:00:00
R00501,Food,OWNER_065,Chennai,Colombo,Chennai,1889.2,1,83244.35,IN_TRANSIT,2026-03-05 20:00:00
R01834,Textiles,OWNER_051,Dubai,Mumbai,Dubai,665.41,4,122493.34,IN_TRANSIT,2026-03-05 20:00:00
R00377,Machinery,OWNER_035,Kandla,Rotterdam,Kandla,6283.54,4,24262.34,IN_TRANSIT,2026-03-05 22:00:00
R01840,Chemicals,OWNER_040,Colombo,Kandla,Colombo,3636.23,1,68197.6,IN_TRANSIT,2026-03-05 22:00:00
R02658,Food,OWNER_077,Rotterdam,Mumbai,Rotterdam,1581.44,2,29533.38,IN_TRANSIT,2026-03-05 22:00:00
R02841,Textiles,OWNER_006,Singapore,Chennai,Singapore,3081.24,1,82537.51,IN_TRANSIT,2026-03-05 23:00:00
R00308,Food,OWNER_066,Kochi,Colombo,Kochi,3922.18,4,41899.55,IN_TRANSIT,2026-03-05 23:00:00
R01467,Machinery,OWNER_042,Rotterdam,Colombo,Rotterdam,1125.97,2,40671.57,IN_TRANSIT,2026-03-06 02:00:00
R01336,Textiles,OWNER_017,Colombo,Rotterdam,Colombo,1605.37,3,38960.59,IN_TRANSIT,2026-03-06 02:00:00
R00700,Food,OWNER_053,Rotterdam,Colombo,Rotterdam,2891.21,7,22432.94,IN_TRANSIT,2026-03-06 06:00:00
R02687,Food,OWNER_018,Rotterdam,Colombo,Rotterdam,3136.16,7,339841.95,IN_TRANSIT,2026-03-06 08:00:00
R02082,Electronics,OWNER_065,Singapore,Mumbai,Singapore,3238.73,6,42536.19,IN_TRANSIT,2026-03-06 09:00:00
R01426,Textiles,OWNER_071,Colombo,Mumbai,Colombo,4725.46,5,41746.29,IN_TRANSIT,2026-03-06 10:00:00
R02661,Textiles,OWNER_047,Dubai,Colombo,Dubai,989.58,7,33793.46,IN_TRANSIT,2026-03-06 11:00:00
R00870,Food,OWNER_045,Kochi,Rotterdam,Kochi,2897.09,2,115876.22,IN_TRANSIT,2026-03-06 11:00:00
R01295,Electronics,OWNER_001,Chennai,Dubai,Chennai,2455.1,7,35864.86,IN_TRANSIT,2026-03-06 12:00:00
R02779,Textiles,OWNER_015,Chennai,Singapore,Chennai,3937.32,5,128351.49,IN_TRANSIT,2026-03-06 13:00:00
R02448,Machinery,OWNER_011,Kandla,Rotterdam,Kandla,1657.68,2,194028.51,IN_TRANSIT,2026-03-06 14:00:00
R02503,Textiles,OWNER_043,Rotterdam,Dubai,Rotterdam,2179.27,5,97607.88,IN_TRANSIT,2026-03-06 14:00:00
R00793,Machinery,OWNER_044,Dubai,Chennai,Dubai,4158.32,4,104911.23,IN_TRANSIT,2026-03-06 16:00:00
R01367,Electronics,OWNER_001,Mumbai,Singapore,Mumbai,809.85,4,40291.48,IN_TRANSIT,2026-03-06 16:00:00
R02971,Chemicals,OWNER_028,Dubai,Rotterdam,Dubai,1845.58,7,17223.19,IN_TRANSIT,2026-03-06 17:00:00
R01848,Electronics,OWNER_025,Rotterdam,Kandla,Rotterdam,649.14,2,18920.45,IN_TRANSIT,2026-03-06 20:00:00
R01414,Electronics,OWNER_042,Chennai,Kochi,Chennai,432.13,5,219603.07,IN_TRANSIT,2026-03-06 21:00:00
R01378,Electronics,OWNER_071,Singapore,Dubai,Singapore,395.88,1,30193.51,IN_TRANSIT,2026-03-06 23:00:00
R01739,Textiles,OWNER_095,Chennai,Colombo,Chennai,2365.76,7,21704.82,IN_TRANSIT,2026-03-06 23:00:00
R01464,Food,OWNER_056,Chennai,Rotterdam,Chennai,1951.97,3,116631.48,IN_TRANSIT,2026-03-07 03:00:00
R01357,Food,OWNER_002,Kochi,Dubai,Kochi,4308.87,4,32261.83,IN_TRANSIT,2026-03-07 06:00:00
R00028,Chemicals,OWNER_001,Kandla,Kochi,Kandla,1630.9,7,31935.61,IN_TRANSIT,2026-03-07 11:00:00
R01164,Food,OWNER_012,Singapore,Mumbai,Singapore,1267.51,3,240126.35,IN_TRANSIT,2026-03-07 13:00:00
R01094,Electronics,OWNER_094,Kandla,Dubai,Kandla,2548.38,1,94011.47,IN_TRANSIT,2026-03-07 14:00:00
R02973,Food,OWNER_082,Dubai,Mumbai,Dubai,2817.77,3,197535.63,IN_TRANSIT,2026-03-07 15:00:00
R01633,Food,OWNER_061,Chennai,Rotterdam,Chennai,852.24,1,81363.47,IN_TRANSIT,2026-03-07 16:00:00
R01806,Textiles,OWNER_023,Kochi,Mumbai,Kochi,2709.77,7,19673.97,IN_TRANSIT,2026-03-07 16:00:00
R00856,Textiles,OWNER_056,Chennai,Kochi,Chennai,1148.41,1,31994.84,IN_TRANSIT,2026-03-07 17:00:00
R02882,Machinery,OWNER_003,Kochi,Mumbai,Kochi,852.9,7,28441.69,IN_TRANSIT,2026-03-07 17:00:00
R02553,Textiles,OWNER_092,Colombo,Dubai,Colombo,1498.43,1,62377.69,IN_TRANSIT,2026-03-07 20:00:00
R01895,Food,OWNER_006,Colombo,Singapore,Colombo,1110.75,6,115090.08,IN_TRANSIT,2026-03-07 20:00:00
R02609,Chemicals,OWNER_067,Singapore,Colombo,Singapore,3810.17,7,76155.55,IN_TRANSIT,2026-03-07 21:00:00
R00695,Chemicals,OWNER_040,Kochi,Kandla,Kochi,3867.39,2,104496.91,IN_TRANSIT,2026-03-08 00:00:00
R02351,Electronics,OWNER_048,Singapore,Mumbai,Singapore,5534.79,7,77062.27,IN_TRANSIT,2026-03-08 02:00:00
R00057,Machinery,OWNER_037,Chennai,Singapore,Chennai,1460.39,4,31498.06,IN_TRANSIT,2026-03-08 03:00:00
R02803,Machinery,OWNER_051,Dubai,Rotterdam,Dubai,1301.15,3,32823.69,IN_TRANSIT,2026-03-08 06:00:00
R01273,Chemicals,OWNER_043,Kandla,Chennai,Kandla,1809.27,1,18678.39,IN_TRANSIT,2026-03-08 10:00:00
R00272,Machinery,OWNER_005,Kandla,Dubai,Kandla,746.83,6,23348.57,IN_TRANSIT,2026-03-08 11:00:00
R02341,Food,OWNER_007,Kandla,Mumbai,Kandla,1537.78,1,586295.53,IN_TRANSIT,2026-03-08 12:00:00
R01574,Electronics,OWNER_059,Rotterdam,Dubai,Rotterdam,1467.6,1,44653.6,IN_TRANSIT,2026-03-08 12:00:00
R02531,Textiles,OWNER_053,Kandla,Singapore,Kandla,5997.45,4,71736.18,IN_TRANSIT,2026-03-08 15:00:00
R01392,Food,OWNER_073,Mumbai,Kandla,Mumbai,4761.51,3,50619.78,IN_TRANSIT,2026-03-08 17:00:00
R01466,Textiles,OWNER_095,Kandla,Rotterdam,Kandla,507.62,5,293261.54,IN_TRANSIT,2026-03-08 18:00:00
R02630,Food,OWNER_086,Rotterdam,Chennai,Rotterdam,3658.11,1,51575.85,IN_TRANSIT,2026-03-08 20:00:00
R01136,Chemicals,OWNER_051,Kandla,Kochi,Kandla,5369.8,6,97178.13,IN_TRANSIT,2026-03-08 21:00:00
R02497,Electronics,OWNER_051,Colombo,Rotterdam,Colombo,1883.28,7,12153.88,IN_TRANSIT,2026-03-08 22:00:00
R00718,Electronics,OWNER_060,Mumbai,Rotterdam,Mumbai,820.51,4,23604.35,IN_TRANSIT,2026-03-08 23:00:00
R02218,Food,OWNER_009,Rotterdam,Dubai,Rotterdam,3817.6,6,74815.22,IN_TRANSIT,2026-03-09 01:00:00
R01379,Electronics,OWNER_004,Singapore,Kochi,Singapore,2252.99,1,46165.32,IN_TRANSIT,2026-03-09 03:00:00
R02974,Chemicals,OWNER_036,Kochi,Chennai,Kochi,4198.74,5,71681.4,IN_TRANSIT,2026-03-09 03:00:00
R02861,Textiles,OWNER_089,Rotterdam,Kandla,Rotterdam,2320.47,7,82317.21,IN_TRANSIT,2026-03-09 04:00:00
R01964,Chemicals,OWNER_089,Dubai,Rotterdam,Dubai,1554.87,2,891747.55,IN_TRANSIT,2026-03-09 05:00:00
R02689,Chemicals,OWNER_035,Chennai,Mumbai,Chennai,2067.18,5,348078.27,IN_TRANSIT,2026-03-09 05:00:00
R01456,Electronics,OWNER_004,Kochi,Rotterdam,Kochi,1254.12,1,72719.35,IN_TRANSIT,2026-03-09 05:00:00
R01173,Textiles,OWNER_059,Kochi,Chennai,Kochi,2313.62,1,199678.11,IN_TRANSIT,2026-03-09 08:00:00
R01868,Machinery,OWNER_026,Kochi,Kandla,Kochi,1136.0,4,141386.59,IN_TRANSIT,2026-03-09 11:00:00
R01838,Electronics,OWNER_075,Kandla,Singapore,Kandla,3032.27,1,165611.65,IN_TRANSIT,2026-03-09 11:00:00
R01818,Chemicals,OWNER_053,Rotterdam,Kochi,Rotterdam,590.8,2,112621.47,IN_TRANSIT,2026-03-09 13:00:00
R01532,Food,OWNER_070,Chennai,Colombo,Chennai,1608.56,6,130558.98,IN_TRANSIT,2026-03-09 19:00:00
R00421,Textiles,OWNER_083,Singapore,Dubai,Singapore,2164.67,6,97773.36,IN_TRANSIT,2026-03-09 19:00:00
R01055,Chemicals,OWNER_034,Chennai,Mumbai,Chennai,2095.33,5,103215.61,IN_TRANSIT,2026-03-09 20:00:00
R01154,Food,OWNER_007,Chennai,Singapore,Chennai,1549.22,6,63778.68,IN_TRANSIT,2026-03-09 21:00:00
R00464,Electronics,OWNER_066,Mumbai,Rotterdam,Mumbai,1821.0,4,230681.95,IN_TRANSIT,2026-03-09 21:00:00
R02805,Machinery,OWNER_060,Dubai,Rotterdam,Dubai,1692.36,7,61042.54,IN_TRANSIT,2026-03-10 00:00:00
R00547,Machinery,OWNER_079,Mumbai,Singapore,Mumbai,1120.38,3,20333.81,IN_TRANSIT,2026-03-10 00:00:00
R01577,Food,OWNER_049,Mumbai,Singapore,Mumbai,1593.05,1,122644.79,IN_TRANSIT,2026-03-10 02:00:00
R01564,Textiles,OWNER_093,Kandla,Kochi,Kandla,1251.14,7,29944.88,IN_TRANSIT,2026-03-10 07:00:00
R00549,Textiles,OWNER_093,Singapore,Dubai,Singapore,1953.6,4,39049.81,IN_TRANSIT,2026-03-10 08:00:00
R01912,Chemicals,OWNER_007,Rotterdam,Dubai,Rotterdam,590.59,4,47611.49,IN_TRANSIT,2026-03-10 13:00:00
R02072,Electronics,OWNER_094,Dubai,Kochi,Dubai,1126.92,5,56432.88,IN_TRANSIT,2026-03-10 15:00:00
R02303,Food,OWNER_041,Colombo,Kandla,Colombo,755.05,4,125930.24,IN_TRANSIT,2026-03-10 16:00:00
R01044,Chemicals,OWNER_087,Colombo,Kochi,Colombo,496.65,7,21765.57,IN_TRANSIT,2026-03-10 22:00:00
R00396,Food,OWNER_027,Colombo,Kandla,Colombo,979.71,1,154701.93,IN_TRANSIT,2026-03-10 23:00:00
R01212,Chemicals,OWNER_063,Kandla,Mumbai,Kandla,970.67,6,73455.32,IN_TRANSIT,2026-03-10 23:00:00
R01425,Food,OWNER_066,Singapore,Chennai,Singapore,5661.94,2,46589.71,IN_TRANSIT,2026-03-11 00:00:00
R01556,Food,OWNER_084,Mumbai,Colombo,Mumbai,997.63,2,123535.53,IN_TRANSIT,2026-03-11 01:00:00
R01759,Electronics,OWNER_058,Singapore,Kandla,Singapore,1244.03,6,105929.46,IN_TRANSIT,2026-03-11 01:00:00
R01642,Electronics,OWNER_096,Kandla,Mumbai,Kandla,5026.94,2,108513.14,IN_TRANSIT,2026-03-11 02:00:00
R01593,Electronics,OWNER_041,Rotterdam,Dubai,Rotterdam,1658.42,6,76552.18,IN_TRANSIT,2026-03-11 03:00:00
R02191,Machinery,OWNER_065,Colombo,Singapore,Colombo,601.54,1,83112.07,IN_TRANSIT,2026-03-11 04:00:00
R02154,Food,OWNER_018,Mumbai,Colombo,Mumbai,923.77,7,40769.76,IN_TRANSIT,2026-03-11 05:00:00
R01223,Chemicals,OWNER_040,Mumbai,Singapore,Mumbai,1201.73,2,30780.61,IN_TRANSIT,2026-03-11 07:00:00
R00219,Food,OWNER_028,Singapore,Kandla,Singapore,2371.69,2,144892.68,IN_TRANSIT,2026-03-11 08:00:00
R01105,Food,OWNER_014,Colombo,Mumbai,Colombo,4221.66,4,53316.56,IN_TRANSIT,2026-03-11 14:00:00
R00645,Electronics,OWNER_083,Chennai,Kandla,Chennai,1759.58,6,173416.68,IN_TRANSIT,2026-03-11 15:00:00
R01449,Chemicals,OWNER_073,Dubai,Kochi,Dubai,3922.9,7,25601.34,IN_TRANSIT,2026-03-11 15:00:00
R02821,Electronics,OWNER_004,Kochi,Mumbai,Kochi,1251.77,3,74561.38,IN_TRANSIT,2026-03-11 15:00:00
R01349,Machinery,OWNER_053,Kochi,Dubai,Kochi,1035.59,4,61087.58,IN_TRANSIT,2026-03-11 17:00:00
R02183,Food,OWNER_012,Chennai,Kochi,Chennai,4882.31,4,102918.92,IN_TRANSIT,2026-03-11 17:00:00
R01643,Electronics,OWNER_056,Kochi,Dubai,Kochi,5670.15,3,63409.34,IN_TRANSIT,2026-03-11 18:00:00
R02105,Electronics,OWNER_073,Mumbai,Kandla,Mumbai,1314.43,6,84641.78,IN_TRANSIT,2026-03-11 19:00:00
R00256,Machinery,OWNER_097,Mumbai,Kandla,Mumbai,4711.9,7,195014.1,IN_TRANSIT,2026-03-11 20:00:00
R00486,Textiles,OWNER_007,Chennai,Rotterdam,Chennai,3793.85,7,192132.4,IN_TRANSIT,2026-03-11 22:00:00
R00626,Textiles,OWNER_049,Dubai,Mumbai,Dubai,588.58,3,38694.66,IN_TRANSIT,2026-03-12 01:00:00
R00482,Machinery,OWNER_031,Colombo,Dubai,Colombo,1221.78,5,53434.89,IN_TRANSIT,2026-03-12 02:00:00
R02936,Electronics,OWNER_018,Chennai,Mumbai,Chennai,914.23,2,38386.26,IN_TRANSIT,2026-03-12 04:00:00
R02385,Electronics,OWNER_083,Dubai,Kochi,Dubai,2896.62,7,35189.86,IN_TRANSIT,2026-03-12 04:00:00
R00558,Chemicals,OWNER_013,Colombo,Chennai,Colombo,2347.85,4,39745.16,IN_TRANSIT,2026-03-12 05:00:00
R02849,Chemicals,OWNER_069,Mumbai,Chennai,Mumbai,1062.14,1,74517.33,IN_TRANSIT,2026-03-12 06:00:00
R00647,Electronics,OWNER_049,Colombo,Rotterdam,Colombo,1607.12,3,113176.41,IN_TRANSIT,2026-03-12 06:00:00
R02994,Textiles,OWNER_060,Kandla,Kochi,Kandla,3510.57,3,117075.97,IN_TRANSIT,2026-03-12 07:00:00
R01738,Chemicals,OWNER_089,Dubai,Rotterdam,Dubai,1558.0,6,20851.76,IN_TRANSIT,2026-03-12 09:00:00
R02848,Food,OWNER_004,Dubai,Mumbai,Dubai,2051.49,5,41748.23,IN_TRANSIT,2026-03-12 10:00:00
R00106,Electronics,OWNER_001,Kandla,Dubai,Kandla,2923.74,3,64362.17,IN_TRANSIT,2026-03-12 11:00:00
R00631,Machinery,OWNER_086,Colombo,Dubai,Colombo,1975.92,7,73599.63,IN_TRANSIT,2026-03-12 13:00:00
R00976,Food,OWNER_051,Kandla,Mumbai,Kandla,2318.94,3,32996.42,IN_TRANSIT,2026-03-12 15:00:00
R02528,Food,OWNER_017,Colombo,Rotterdam,Colombo,3943.52,7,132147.14,IN_TRANSIT,2026-03-12 15:00:00
R01475,Chemicals,OWNER_097,Chennai,Colombo,Chennai,1214.96,2,108151.84,IN_TRANSIT,2026-03-12 17:00:00
R00215,Electronics,OWNER_088,Chennai,Kochi,Chennai,4709.89,7,23525.79,IN_TRANSIT,2026-03-12 17:00:00
R01499,Chemicals,OWNER_022,Dubai,Colombo,Dubai,4312.57,6,18375.98,IN_TRANSIT,2026-03-12 18:00:00
R00487,Chemicals,OWNER_088,Kochi,Mumbai,Kochi,1235.99,5,68164.2,IN_TRANSIT,2026-03-12 19:00:00
R00116,Chemicals,OWNER_039,Dubai,Rotterdam,Dubai,1213.08,1,233501.34,IN_TRANSIT,2026-03-12 19:00:00
R01213,Electronics,OWNER_038,Kandla,Kochi,Kandla,1179.1,1,120875.87,IN_TRANSIT,2026-03-12 20:00:00
R01590,Food,OWNER_021,Rotterdam,Chennai,Rotterdam,2347.57,4,141619.45,IN_TRANSIT,2026-03-12 21:00:00
R01191,Machinery,OWNER_002,Mumbai,Kandla,Mumbai,4914.78,7,86208.77,IN_TRANSIT,2026-03-12 22:00:00
R00133,Textiles,OWNER_042,Kandla,Colombo,Kandla,1792.08,3,31950.32,IN_TRANSIT,2026-03-12 22:00:00
R02832,Chemicals,OWNER_033,Rotterdam,Mumbai,Rotterdam,1428.61,7,196663.87,IN_TRANSIT,2026-03-13 01:00:00
R02614,Chemicals,OWNER_084,Rotterdam,Kochi,Rotterdam,2987.52,3,99693.74,IN_TRANSIT,2026-03-13 02:00:00
R02485,Textiles,OWNER_061,Colombo,Rotterdam,Colombo,2135.44,6,413385.84,IN_TRANSIT,2026-03-13 03:00:00
R00990,Textiles,OWNER_094,Mumbai,Colombo,Mumbai,1741.64,3,51873.68,IN_TRANSIT,2026-03-13 03:00:00
R01121,Electronics,OWNER_029,Rotterdam,Dubai,Rotterdam,1288.87,2,82815.57,IN_TRANSIT,2026-03-13 05:00:00
R01266,Food,OWNER_075,Singapore,Mumbai,Singapore,2930.23,2,69721.58,IN_TRANSIT,2026-03-13 06:00:00
R01257,Food,OWNER_010,Singapore,Dubai,Singapore,1129.84,2,48966.33,IN_TRANSIT,2026-03-13 06:00:00
R02134,Food,OWNER_008,Dubai,Chennai,Dubai,1185.27,5,25502.84,IN_TRANSIT,2026-03-13 09:00:00
R00764,Food,OWNER_071,Colombo,Kochi,Colombo,2204.96,1,65062.84,IN_TRANSIT,2026-03-13 12:00:00
R01706,Textiles,OWNER_015,Singapore,Kochi,Singapore,1955.62,4,354859.01,IN_TRANSIT,2026-03-13 13:00:00
R02334,Machinery,OWNER_037,Mumbai,Singapore,Mumbai,1015.63,4,398213.2,IN_TRANSIT,2026-03-13 14:00:00
R01230,Electronics,OWNER_078,Kandla,Dubai,Kandla,965.31,5,19364.69,IN_TRANSIT,2026-03-13 14:00:00
R00608,Electronics,OWNER_038,Kandla,Rotterdam,Kandla,2591.7,4,45871.76,IN_TRANSIT,2026-03-13 15:00:00
R02102,Textiles,OWNER_035,Singapore,Kandla,Singapore,2507.94,3,167595.88,IN_TRANSIT,2026-03-13 21:00:00
R01862,Chemicals,OWNER_018,Dubai,Chennai,Dubai,5796.76,3,81237.55,IN_TRANSIT,2026-03-13 22:00:00
R02722,Food,OWNER_012,Colombo,Kandla,Colombo,2377.04,2,223602.48,IN_TRANSIT,2026-03-13 23:00:00
R02084,Textiles,OWNER_026,Dubai,Singapore,Dubai,1662.6,5,33423.97,IN_TRANSIT,2026-03-13 23:00:00
R02044,Chemicals,OWNER_091,Kochi,Kandla,Kochi,3617.1,7,96416.18,IN_TRANSIT,2026-03-14 02:00:00
R00426,Electronics,OWNER_058,Kochi,Rotterdam,Kochi,2167.88,6,218606.31,IN_TRANSIT,2026-03-14 04:00:00
R00950,Electronics,OWNER_088,Chennai,Kandla,Chennai,279.99,7,49624.42,IN_TRANSIT,2026-03-14 04:00:00
R02608,Food,OWNER_055,Colombo,Singapore,Colombo,2342.15,2,55993.97,IN_TRANSIT,2026-03-14 08:00:00
R00871,Chemicals,OWNER_018,Kochi,Colombo,Kochi,2587.96,6,46689.79,IN_TRANSIT,2026-03-14 09:00:00
R01902,Chemicals,OWNER_053,Singapore,Mumbai,Singapore,864.62,7,38368.16,IN_TRANSIT,2026-03-14 12:00:00
R01297,Chemicals,OWNER_027,Mumbai,Chennai,Mumbai,702.38,3,53059.27,IN_TRANSIT,2026-03-14 12:00:00
R02324,Textiles,OWNER_039,Mumbai,Rotterdam,Mumbai,2586.46,3,147638.43,IN_TRANSIT,2026-03-14 14:00:00
R00744,Textiles,OWNER_043,Colombo,Singapore,Colombo,1339.34,7,116985.6,IN_TRANSIT,2026-03-14 19:00:00
R02079,Food,OWNER_006,Singapore,Kochi,Singapore,568.08,5,61088.13,IN_TRANSIT,2026-03-14 20:00:00
R02165,Textiles,OWNER_082,Kochi,Mumbai,Kochi,520.16,7,27744.61,IN_TRANSIT,2026-03-14 20:00:00
R01702,Textiles,OWNER_029,Mumbai,Kandla,Mumbai,1355.85,5,70494.58,IN_TRANSIT,2026-03-14 22:00:00
R02992,Chemicals,OWNER_079,Colombo,Mumbai,Colombo,1043.01,1,529881.62,IN_TRANSIT,2026-03-14 23:00:00
R00868,Machinery,OWNER_018,Kochi,Kandla,Kochi,1115.4,4,66381.74,IN_TRANSIT,2026-03-15 01:00:00
R02953,Electronics,OWNER_028,Rotterdam,Singapore,Rotterdam,3212.15,2,67640.06,IN_TRANSIT,2026-03-15 03:00:00
R01388,Textiles,OWNER_005,Dubai,Kochi,Dubai,1216.3,1,87938.39,IN_TRANSIT,2026-03-15 03:00:00
R02804,Machinery,OWNER_097,Colombo,Kochi,Colombo,631.79,3,34188.95,IN_TRANSIT,2026-03-15 04:00:00
R00469,Chemicals,OWNER_095,Mumbai,Kochi,Mumbai,2470.45,4,56588.88,IN_TRANSIT,2026-03-15 05:00:00
R01332,Textiles,OWNER_055,Kochi,Mumbai,Kochi,1896.63,3,48074.09,IN_TRANSIT,2026-03-15 05:00:00
R00924,Machinery,OWNER_070,Rotterdam,Singapore,Rotterdam,1528.94,5,57550.11,IN_TRANSIT,2026-03-15 06:00:00
R01190,Machinery,OWNER_031,Kochi,Dubai,Kochi,4053.72,6,59287.18,IN_TRANSIT,2026-03-15 07:00:00
R02035,Chemicals,OWNER_031,Chennai,Kochi,Chennai,3872.58,2,74701.4,IN_TRANSIT,2026-03-15 08:00:00
R01237,Textiles,OWNER_014,Dubai,Singapore,Dubai,590.36,6,30667.03,IN_TRANSIT,2026-03-15 09:00:00
R00187,Machinery,OWNER_045,Kandla,Rotterdam,Kandla,1811.56,6,124999.3,IN_TRANSIT,2026-03-15 11:00:00
R02598,Food,OWNER_027,Colombo,Singapore,Colombo,2470.82,1,79079.35,IN_TRANSIT,2026-03-15 15:00:00
R01508,Chemicals,OWNER_073,Mumbai,Dubai,Mumbai,3689.22,6,96740.39,IN_TRANSIT,2026-03-15 17:00:00
R01611,Food,OWNER_075,Dubai,Colombo,Dubai,1918.12,1,196597.78,IN_TRANSIT,2026-03-15 20:00:00
R00750,Chemicals,OWNER_004,Mumbai,Kochi,Mumbai,1183.41,1,44235.1,IN_TRANSIT,2026-03-15 22:00:00
R01851,Machinery,OWNER_038,Rotterdam,Mumbai,Rotterdam,1267.97,5,47505.18,IN_TRANSIT,2026-03-15 22:00:00
R02954,Food,OWNER_014,Singapore,Rotterdam,Singapore,2221.7,6,106428.06,IN_TRANSIT,2026-03-15 23:00:00
R02862,Machinery,OWNER_052,Chennai,Colombo,Chennai,1613.81,1,131990.26,IN_TRANSIT,2026-03-15 23:00:00
R02203,Electronics,OWNER_033,Dubai,Chennai,Dubai,1650.02,6,52160.75,IN_TRANSIT,2026-03-16 02:00:00
R00087,Electronics,OWNER_041,Kandla,Dubai,Kandla,643.41,7,29914.32,IN_TRANSIT,2026-03-16 03:00:00
R02907,Electronics,OWNER_021,Kandla,Mumbai,Kandla,617.98,6,59212.87,IN_TRANSIT,2026-03-16 04:00:00
R01407,Chemicals,OWNER_064,Dubai,Chennai,Dubai,847.52,1,72126.01,IN_TRANSIT,2026-03-16 05:00:00
R01618,Textiles,OWNER_098,Singapore,Dubai,Singapore,6508.2,3,41818.1,IN_TRANSIT,2026-03-16 05:00:00
R01011,Electronics,OWNER_058,Rotterdam,Singapore,Rotterdam,4721.71,7,153224.63,IN_TRANSIT,2026-03-16 11:00:00
R02045,Electronics,OWNER_011,Singapore,Kochi,Singapore,2206.75,1,507245.72,IN_TRANSIT,2026-03-16 16:00:00
R02116,Electronics,OWNER_076,Chennai,Kochi,Chennai,4531.27,1,116261.27,IN_TRANSIT,2026-03-17 00:00:00
R01843,Chemicals,OWNER_001,Mumbai,Dubai,Mumbai,920.09,2,194493.34,IN_TRANSIT,2026-03-17 03:00:00
R02492,Electronics,OWNER_071,Kandla,Rotterdam,Kandla,4006.5,5,94992.26,IN_TRANSIT,2026-03-17 03:00:00
R01997,Food,OWNER_039,Kochi,Colombo,Kochi,7354.78,3,31468.04,IN_TRANSIT,2026-03-17 05:00:00
R01345,Electronics,OWNER_061,Kandla,Singapore,Kandla,699.5,2,32422.0,IN_TRANSIT,2026-03-17 07:00:00
R02654,Machinery,OWNER_065,Kochi,Mumbai,Kochi,2961.84,5,418282.13,IN_TRANSIT,2026-03-17 07:00:00
R02411,Machinery,OWNER_010,Mumbai,Chennai,Mumbai,1543.1,6,135877.56,IN_TRANSIT,2026-03-17 10:00:00
R01500,Food,OWNER_064,Dubai,Kochi,Dubai,1057.9,3,66945.68,IN_TRANSIT,2026-03-17 10:00:00
R01202,Textiles,OWNER_072,Kandla,Colombo,Kandla,1952.19,7,15090.74,IN_TRANSIT,2026-03-17 10:00:00
R01492,Chemicals,OWNER_093,Kandla,Colombo,Kandla,892.98,5,121449.02,IN_TRANSIT,2026-03-17 11:00:00
R02272,Machinery,OWNER_041,Kochi,Singapore,Kochi,2295.65,4,81350.81,IN_TRANSIT,2026-03-17 11:00:00
R01750,Food,OWNER_068,Mumbai,Chennai,Mumbai,920.68,1,83694.97,IN_TRANSIT,2026-03-17 11:00:00
R01874,Food,OWNER_007,Singapore,Rotterdam,Singapore,1591.32,3,593943.06,IN_TRANSIT,2026-03-17 13:00:00
R00290,Textiles,OWNER_097,Mumbai,Rotterdam,Mumbai,848.73,2,83253.68,IN_TRANSIT,2026-03-17 15:00:00
R00805,Food,OWNER_042,Singapore,Colombo,Singapore,1351.39,2,96951.87,IN_TRANSIT,2026-03-17 18:00:00
R01017,Food,OWNER_018,Kandla,Singapore,Kandla,1312.3,2,30560.76,IN_TRANSIT,2026-03-17 19:00:00
R01882,Machinery,OWNER_092,Kochi,Singapore,Kochi,1717.94,5,72598.8,IN_TRANSIT,2026-03-17 19:00:00
R00846,Chemicals,OWNER_078,Kandla,Dubai,Kandla,1008.57,6,10397.6,IN_TRANSIT,2026-03-17 19:00:00
R01909,Electronics,OWNER_027,Colombo,Kandla,Colombo,1245.84,2,101537.95,IN_TRANSIT,2026-03-17 19:00:00
R01583,Electronics,OWNER_080,Dubai,Kochi,Dubai,3704.28,1,86672.61,IN_TRANSIT,2026-03-17 20:00:00
R00668,Machinery,OWNER_099,Mumbai,Kochi,Mumbai,1146.11,5,96622.07,IN_TRANSIT,2026-03-17 21:00:00
R01513,Food,OWNER_050,Kochi,Kandla,Kochi,2102.66,2,102185.5,IN_TRANSIT,2026-03-18 03:00:00
R02702,Food,OWNER_087,Colombo,Kochi,Colombo,884.71,3,62346.07,IN_TRANSIT,2026-03-18 03:00:00
R01781,Machinery,OWNER_001,Singapore,Mumbai,Singapore,1430.55,3,46742.2,IN_TRANSIT,2026-03-18 05:00:00
R01881,Machinery,OWNER_027,Chennai,Singapore,Chennai,3624.78,4,28373.46,IN_TRANSIT,2026-03-18 06:00:00
R02897,Food,OWNER_051,Kochi,Colombo,Kochi,1092.96,6,201498.91,IN_TRANSIT,2026-03-18 06:00:00
R00373,Electronics,OWNER_094,Mumbai,Rotterdam,Mumbai,1825.38,7,81141.02,IN_TRANSIT,2026-03-18 06:00:00
R01457,Electronics,OWNER_054,Rotterdam,Chennai,Rotterdam,1066.05,3,45985.22,IN_TRANSIT,2026-03-18 08:00:00
R00096,Textiles,OWNER_078,Colombo,Kochi,Colombo,655.49,5,57649.76,IN_TRANSIT,2026-03-18 09:00:00
R01751,Electronics,OWNER_016,Kochi,Dubai,Kochi,774.96,3,573331.23,IN_TRANSIT,2026-03-18 10:00:00
R01115,Machinery,OWNER_040,Rotterdam,Singapore,Rotterdam,1189.82,6,12559.02,IN_TRANSIT,2026-03-18 10:00:00
R02347,Chemicals,OWNER_058,Kandla,Kochi,Kandla,2859.4,2,76599.66,IN_TRANSIT,2026-03-18 13:00:00
R00828,Chemicals,OWNER_008,Singapore,Mumbai,Singapore,1878.84,5,43791.16,IN_TRANSIT,2026-03-18 13:00:00
R01243,Food,OWNER_027,Dubai,Rotterdam,Dubai,521.82,4,245934.4,IN_TRANSIT,2026-03-18 14:00:00
R02579,Electronics,OWNER_089,Colombo,Chennai,Colombo,1699.09,2,365998.04,IN_TRANSIT,2026-03-18 15:00:00
R01860,Electronics,OWNER_022,Colombo,Chennai,Colombo,1975.43,5,97448.69,IN_TRANSIT,2026-03-18 17:00:00
R00748,Textiles,OWNER_006,Singapore,Mumbai,Singapore,1271.51,1,115575.19,IN_TRANSIT,2026-03-18 17:00:00
R01323,Machinery,OWNER_022,Mumbai,Kandla,Mumbai,1973.53,4,144406.82,IN_TRANSIT,2026-03-18 17:00:00
R02395,Chemicals,OWNER_079,Kochi,Dubai,Kochi,2205.51,5,87280.23,IN_TRANSIT,2026-03-18 20:00:00
R02844,Electronics,OWNER_050,Rotterdam,Kochi,Rotterdam,4099.29,6,111916.74,IN_TRANSIT,2026-03-18 21:00:00
R02319,Machinery,OWNER_080,Kochi,Singapore,Kochi,2551.24,6,140991.84,IN_TRANSIT,2026-03-18 21:00:00
R02924,Electronics,OWNER_071,Colombo,Dubai,Colombo,1829.5,6,27880.51,IN_TRANSIT,2026-03-18 21:00:00
R02588,Textiles,OWNER_092,Chennai,Kandla,Chennai,1927.15,3,63239.17,IN_TRANSIT,2026-03-18 22:00:00
R01404,Chemicals,OWNER_067,Kochi,Singapore,Kochi,3808.42,2,80397.33,IN_TRANSIT,2026-03-18 22:00:00
R02404,Food,OWNER_062,Rotterdam,Kandla,Rotterdam,1011.2,1,85707.0,IN_TRANSIT,2026-03-18 23:00:00
R02361,Chemicals,OWNER_029,Kochi,Colombo,Kochi,1811.21,1,178153.38,IN_TRANSIT,2026-03-18 23:00:00
R02083,Food,OWNER_085,Mumbai,Singapore,Mumbai,5437.03,6,95302.92,IN_TRANSIT,2026-03-19 00:00:00
R00969,Textiles,OWNER_079,Rotterdam,Kandla,Rotterdam,3085.44,1,81832.75,IN_TRANSIT,2026-03-19 00:00:00
R00152,Machinery,OWNER_094,Mumbai,Kandla,Mumbai,2213.75,1,53019.02,IN_TRANSIT,2026-03-19 01:00:00
R00642,Machinery,OWNER_053,Kochi,Singapore,Kochi,1829.79,5,49062.48,IN_TRANSIT,2026-03-19 01:00:00
R00869,Electronics,OWNER_002,Kandla,Rotterdam,Kandla,3646.16,6,137899.12,IN_TRANSIT,2026-03-19 01:00:00
R01980,Food,OWNER_044,Rotterdam,Colombo,Rotterdam,3024.44,2,184261.86,IN_TRANSIT,2026-03-19 02:00:00
R02828,Food,OWNER_084,Kochi,Chennai,Kochi,1612.5,6,125001.78,IN_TRANSIT,2026-03-19 04:00:00
R01510,Textiles,OWNER_039,Kochi,Chennai,Kochi,7490.27,4,173132.82,IN_TRANSIT,2026-03-19 04:00:00
R01013,Textiles,OWNER_071,Kochi,Singapore,Kochi,3217.46,4,125052.82,IN_TRANSIT,2026-03-19 05:00:00
R00050,Machinery,OWNER_052,Colombo,Mumbai,Colombo,2000.25,5,96897.12,IN_TRANSIT,2026-03-19 06:00:00
R01953,Food,OWNER_029,Chennai,Rotterdam,Chennai,1982.39,5,50813.5,IN_TRANSIT,2026-03-19 09:00:00
R00707,Machinery,OWNER_022,Kandla,Dubai,Kandla,964.04,2,63432.99,IN_TRANSIT,2026-03-19 11:00:00
R01040,Textiles,OWNER_002,Dubai,Singapore,Dubai,4018.76,1,100896.68,IN_TRANSIT,2026-03-19 15:00:00
R00072,Textiles,OWNER_097,Mumbai,Dubai,Mumbai,1079.02,4,103954.57,IN_TRANSIT,2026-03-19 15:00:00
R02158,Textiles,OWNER_005,Dubai,Chennai,Dubai,2067.91,4,70552.69,IN_TRANSIT,2026-03-19 18:00:00
R01152,Food,OWNER_062,Singapore,Kandla,Singapore,1836.31,2,57622.79,IN_TRANSIT,2026-03-19 19:00:00
R00291,Food,OWNER_026,Mumbai,Kochi,Mumbai,1567.19,5,72377.37,IN_TRANSIT,2026-03-19 20:00:00
R01149,Textiles,OWNER_021,Colombo,Kandla,Colombo,1207.26,1,66323.26,IN_TRANSIT,2026-03-19 20:00:00
R02949,Textiles,OWNER_083,Mumbai,Kandla,Mumbai,871.66,2,92114.3,IN_TRANSIT,2026-03-19 21:00:00
R00513,Machinery,OWNER_044,Colombo,Chennai,Colombo,4807.49,6,109192.58,IN_TRANSIT,2026-03-19 22:00:00
R01147,Food,OWNER_028,Colombo,Mumbai,Colombo,1111.38,1,240952.06,IN_TRANSIT,2026-03-19 23:00:00
R02872,Food,OWNER_076,Kandla,Chennai,Kandla,3053.7,1,39913.08,IN_TRANSIT,2026-03-20 00:00:00
R00040,Electronics,OWNER_057,Colombo,Dubai,Colombo,1319.87,7,56266.89,IN_TRANSIT,2026-03-20 02:00:00
R00265,Chemicals,OWNER_023,Dubai,Chennai,Dubai,2767.03,7,58880.04,IN_TRANSIT,2026-03-20 06:00:00
R01871,Electronics,OWNER_050,Rotterdam,Colombo,Rotterdam,4435.31,5,68438.33,IN_TRANSIT,2026-03-20 07:00:00
R01205,Chemicals,OWNER_090,Chennai,Mumbai,Chennai,1183.53,1,101801.35,IN_TRANSIT,2026-03-20 10:00:00
R02927,Electronics,OWNER_099,Kochi,Rotterdam,Kochi,1921.46,4,109799.97,IN_TRANSIT,2026-03-20 11:00:00
R02941,Electronics,OWNER_042,Kandla,Dubai,Kandla,1807.3,6,60156.45,IN_TRANSIT,2026-03-20 12:00:00
R00209,Chemicals,OWNER_078,Mumbai,Chennai,Mumbai,1604.05,3,301665.18,IN_TRANSIT,2026-03-20 12:00:00
R01846,Electronics,OWNER_011,Singapore,Dubai,Singapore,1735.3,3,78291.87,IN_TRANSIT,2026-03-20 14:00:00
R01014,Food,OWNER_088,Singapore,Rotterdam,Singapore,3056.01,2,138233.23,IN_TRANSIT,2026-03-20 18:00:00
R00842,Machinery,OWNER_011,Chennai,Colombo,Chennai,3024.42,3,26753.3,IN_TRANSIT,2026-03-20 19:00:00
R01185,Chemicals,OWNER_070,Kochi,Rotterdam,Kochi,970.39,6,24215.22,IN_TRANSIT,2026-03-20 20:00:00
R01616,Electronics,OWNER_024,Kochi,Mumbai,Kochi,1817.58,3,21562.77,IN_TRANSIT,2026-03-20 22:00:00
R01126,Textiles,OWNER_010,Colombo,Kochi,Colombo,2996.74,1,129206.98,IN_TRANSIT,2026-03-20 22:00:00
R00001,Machinery,OWNER_086,Mumbai,Colombo,Mumbai,3332.13,2,25803.27,IN_TRANSIT,2026-03-20 23:00:00
R01330,Chemicals,OWNER_091,Mumbai,Colombo,Mumbai,3498.82,7,33683.32,IN_TRANSIT,2026-03-21 01:00:00
R00583,Textiles,OWNER_012,Kochi,Kandla,Kochi,1523.46,3,41832.25,IN_TRANSIT,2026-03-21 01:00:00
R01854,Electronics,OWNER_031,Kandla,Dubai,Kandla,4081.52,1,250628.55,IN_TRANSIT,2026-03-21 02:00:00
R01636,Chemicals,OWNER_093,Chennai,Singapore,Chennai,2442.84,6,28237.26,IN_TRANSIT,2026-03-21 04:00:00
R02679,Chemicals,OWNER_025,Dubai,Chennai,Dubai,2224.47,6,261320.71,IN_TRANSIT,2026-03-21 06:00:00
R01431,Textiles,OWNER_001,Chennai,Rotterdam,Chennai,2605.03,6,115188.3,IN_TRANSIT,2026-03-21 06:00:00
R01917,Machinery,OWNER_091,Colombo,Kochi,Colombo,958.49,7,24682.39,IN_TRANSIT,2026-03-21 07:00:00
R01771,Textiles,OWNER_077,Mumbai,Chennai,Mumbai,3628.97,4,76484.18,IN_TRANSIT,2026-03-21 08:00:00
R00883,Machinery,OWNER_027,Kandla,Colombo,Kandla,2877.72,2,25724.89,IN_TRANSIT,2026-03-21 13:00:00
R00729,Machinery,OWNER_076,Mumbai,Colombo,Mumbai,1761.53,5,492420.76,IN_TRANSIT,2026-03-21 15:00:00
R00997,Textiles,OWNER_025,Singapore,Rotterdam,Singapore,1193.4,4,92028.03,IN_TRANSIT,2026-03-21 20:00:00
R02188,Chemicals,OWNER_019,Dubai,Rotterdam,Dubai,3345.78,6,51868.77,IN_TRANSIT,2026-03-21 22:00:00
R00508,Electronics,OWNER_048,Kochi,Colombo,Kochi,1946.95,4,173374.23,IN_TRANSIT,2026-03-21 22:00:00
R01716,Food,OWNER_073,Kochi,Mumbai,Kochi,1757.24,5,31958.3,IN_TRANSIT,2026-03-22 01:00:00
R00253,Chemicals,OWNER_007,Singapore,Kochi,Singapore,586.06,3,53973.62,IN_TRANSIT,2026-03-22 02:00:00
R01352,Chemicals,OWNER_027,Chennai,Rotterdam,Chennai,1124.62,6,58457.64,IN_TRANSIT,2026-03-22 04:00:00
R00388,Food,OWNER_004,Colombo,Rotterdam,Colombo,1136.85,1,135604.72,IN_TRANSIT,2026-03-22 04:00:00
R00553,Chemicals,OWNER_041,Rotterdam,Kandla,Rotterdam,823.42,2,140865.11,IN_TRANSIT,2026-03-22 06:00:00
R00596,Textiles,OWNER_088,Kochi,Mumbai,Kochi,777.66,7,119667.01,IN_TRANSIT,2026-03-22 06:00:00
R01728,Textiles,OWNER_068,Singapore,Rotterdam,Singapore,1409.85,6,82181.73,IN_TRANSIT,2026-03-22 07:00:00
R01296,Textiles,OWNER_085,Singapore,Colombo,Singapore,2862.86,4,20249.66,IN_TRANSIT,2026-03-22 09:00:00
R00148,Machinery,OWNER_014,Dubai,Singapore,Dubai,2331.63,3,17511.87,IN_TRANSIT,2026-03-22 11:00:00
R02462,Electronics,OWNER_006,Rotterdam,Mumbai,Rotterdam,2086.15,2,167516.34,IN_TRANSIT,2026-03-22 13:00:00
R01866,Food,OWNER_048,Colombo,Kandla,Colombo,2189.58,7,15926.78,IN_TRANSIT,2026-03-22 14:00:00
R01585,Electronics,OWNER_080,Mumbai,Chennai,Mumbai,503.22,1,16475.78,IN_TRANSIT,2026-03-22 16:00:00
R00107,Machinery,OWNER_031,Singapore,Rotterdam,Singapore,705.37,4,90185.92,IN_TRANSIT,2026-03-22 16:00:00
R00099,Chemicals,OWNER_040,Singapore,Chennai,Singapore,4655.38,6,89911.67,IN_TRANSIT,2026-03-22 16:00:00
R00584,Chemicals,OWNER_025,Rotterdam,Mumbai,Rotterdam,2806.8,2,43656.69,IN_TRANSIT,2026-03-22 17:00:00
R00710,Textiles,OWNER_030,Rotterdam,Mumbai,Rotterdam,10728.7,5,146252.96,IN_TRANSIT,2026-03-22 17:00:00
R00080,Electronics,OWNER_082,Dubai,Mumbai,Dubai,1015.07,6,54917.46,IN_TRANSIT,2026-03-22 18:00:00
R02247,Machinery,OWNER_028,Kochi,Colombo,Kochi,1237.23,4,30247.0,IN_TRANSIT,2026-03-22 21:00:00
R01287,Machinery,OWNER_067,Kochi,Kandla,Kochi,1760.11,7,120210.7,IN_TRANSIT,2026-03-23 02:00:00
R01292,Electronics,OWNER_013,Dubai,Colombo,Dubai,817.05,2,30629.48,IN_TRANSIT,2026-03-23 04:00:00
R02967,Electronics,OWNER_011,Kandla,Dubai,Kandla,1797.15,3,91026.68,IN_TRANSIT,2026-03-23 04:00:00
R00284,Machinery,OWNER_077,Rotterdam,Kochi,Rotterdam,847.98,4,364763.44,IN_TRANSIT,2026-03-23 05:00:00
R00506,Machinery,OWNER_061,Singapore,Colombo,Singapore,569.84,1,165315.12,IN_TRANSIT,2026-03-23 05:00:00
R01012,Chemicals,OWNER_054,Kochi,Kandla,Kochi,1406.41,4,90703.26,IN_TRANSIT,2026-03-23 07:00:00
R01634,Chemicals,OWNER_067,Rotterdam,Mumbai,Rotterdam,495.48,3,31920.61,IN_TRANSIT,2026-03-23 08:00:00
R01125,Machinery,OWNER_044,Kandla,Chennai,Kandla,1066.29,7,97704.22,IN_TRANSIT,2026-03-23 09:00:00
R02128,Food,OWNER_100,Chennai,Kandla,Chennai,1383.41,5,137507.74,IN_TRANSIT,2026-03-23 10:00:00
R00324,Food,OWNER_066,Colombo,Dubai,Colombo,1180.11,7,46513.09,IN_TRANSIT,2026-03-23 10:00:00
R00401,Food,OWNER_042,Kandla,Rotterdam,Kandla,819.92,4,76218.44,IN_TRANSIT,2026-03-23 10:00:00
R01763,Electronics,OWNER_054,Colombo,Kandla,Colombo,1808.82,7,46794.94,IN_TRANSIT,2026-03-23 11:00:00
R01225,Food,OWNER_072,Singapore,Mumbai,Singapore,1650.47,2,227549.9,IN_TRANSIT,2026-03-23 13:00:00
R00557,Food,OWNER_055,Chennai,Colombo,Chennai,2312.57,3,47806.79,IN_TRANSIT,2026-03-23 15:00:00
R01052,Textiles,OWNER_050,Mumbai,Dubai,Mumbai,1009.84,2,311456.25,IN_TRANSIT,2026-03-23 15:00:00
R00141,Chemicals,OWNER_061,Chennai,Rotterdam,Chennai,5769.61,1,35007.57,IN_TRANSIT,2026-03-23 19:00:00
R01547,Chemicals,OWNER_070,Singapore,Rotterdam,Singapore,2110.04,3,46395.13,IN_TRANSIT,2026-03-23 22:00:00
R00886,Textiles,OWNER_080,Colombo,Chennai,Colombo,2911.68,1,67712.71,IN_TRANSIT,2026-03-23 23:00:00
R02854,Machinery,OWNER_022,Singapore,Dubai,Singapore,730.51,5,32506.09,IN_TRANSIT,2026-03-23 23:00:00
R00973,Textiles,OWNER_094,Rotterdam,Chennai,Rotterdam,953.34,4,21901.42,IN_TRANSIT,2026-03-23 23:00:00
R02483,Textiles,OWNER_052,Mumbai,Kochi,Mumbai,2073.32,3,115893.05,IN_TRANSIT,2026-03-24 02:00:00
R01416,Machinery,OWNER_068,Dubai,Colombo,Dubai,1382.29,1,75123.46,IN_TRANSIT,2026-03-24 03:00:00
R00257,Chemicals,OWNER_039,Kochi,Dubai,Kochi,578.9,2,198591.7,IN_TRANSIT,2026-03-24 03:00:00
R01565,Machinery,OWNER_069,Dubai,Kochi,Dubai,755.09,2,129568.05,IN_TRANSIT,2026-03-24 05:00:00
R02991,Textiles,OWNER_004,Mumbai,Colombo,Mumbai,1512.43,2,64532.98,IN_TRANSIT,2026-03-24 08:00:00
R00140,Electronics,OWNER_090,Mumbai,Singapore,Mumbai,1011.78,6,73803.47,IN_TRANSIT,2026-03-24 09:00:00
R00083,Machinery,OWNER_079,Kandla,Rotterdam,Kandla,1598.77,7,97688.34,IN_TRANSIT,2026-03-24 12:00:00
R01321,Food,OWNER_033,Rotterdam,Mumbai,Rotterdam,1000.72,6,61773.53,IN_TRANSIT,2026-03-24 13:00:00
R00082,Food,OWNER_042,Singapore,Chennai,Singapore,1220.17,2,47709.21,IN_TRANSIT,2026-03-24 14:00:00
R00011,Machinery,OWNER_057,Chennai,Colombo,Chennai,1511.95,2,36582.86,IN_TRANSIT,2026-03-24 14:00:00
R02642,Food,OWNER_044,Colombo,Mumbai,Colombo,1978.58,6,38651.77,IN_TRANSIT,2026-03-24 14:00:00
R02213,Textiles,OWNER_021,Singapore,Kochi,Singapore,4856.53,7,79250.37,IN_TRANSIT,2026-03-24 14:00:00
R00504,Food,OWNER_023,Dubai,Kandla,Dubai,5557.05,7,50520.18,IN_TRANSIT,2026-03-24 16:00:00
R02975,Food,OWNER_005,Rotterdam,Kochi,Rotterdam,4363.64,6,129413.79,IN_TRANSIT,2026-03-24 21:00:00
R00283,Food,OWNER_009,Colombo,Kochi,Colombo,1618.49,5,119829.51,IN_TRANSIT,2026-03-24 23:00:00
R00205,Electronics,OWNER_043,Rotterdam,Kandla,Rotterdam,2667.58,3,30397.93,IN_TRANSIT,2026-03-25 00:00:00
R01277,Chemicals,OWNER_023,Colombo,Chennai,Colombo,903.79,3,40680.55,IN_TRANSIT,2026-03-25 03:00:00
R00233,Textiles,OWNER_066,Singapore,Colombo,Singapore,1128.33,3,135889.29,IN_TRANSIT,2026-03-25 03:00:00
R00867,Machinery,OWNER_082,Mumbai,Kochi,Mumbai,681.79,1,45508.72,IN_TRANSIT,2026-03-25 06:00:00
R01792,Machinery,OWNER_076,Singapore,Chennai,Singapore,1280.45,1,225415.63,IN_TRANSIT,2026-03-25 07:00:00
R02029,Chemicals,OWNER_024,Rotterdam,Colombo,Rotterdam,6113.93,4,91602.96,IN_TRANSIT,2026-03-25 08:00:00
R02379,Electronics,OWNER_093,Colombo,Rotterdam,Colombo,1038.79,5,269783.85,IN_TRANSIT,2026-03-25 09:00:00
R01294,Electronics,OWNER_018,Dubai,Kochi,Dubai,2842.77,4,173848.09,IN_TRANSIT,2026-03-25 11:00:00
R02066,Machinery,OWNER_035,Dubai,Kochi,Dubai,2393.76,6,6499.11,IN_TRANSIT,2026-03-25 11:00:00
R00357,Machinery,OWNER_095,Kandla,Chennai,Kandla,4191.36,1,263915.24,IN_TRANSIT,2026-03-25 12:00:00
R02370,Food,OWNER_013,Kochi,Singapore,Kochi,1516.44,3,272929.33,IN_TRANSIT,2026-03-25 13:00:00
R00570,Textiles,OWNER_078,Mumbai,Colombo,Mumbai,1003.76,7,82723.91,IN_TRANSIT,2026-03-25 20:00:00
R01858,Food,OWNER_086,Kandla,Kochi,Kandla,1074.56,3,12473.88,IN_TRANSIT,2026-03-25 22:00:00
R01774,Electronics,OWNER_085,Chennai,Kochi,Chennai,1939.8,7,157104.56,IN_TRANSIT,2026-03-26 01:00:00
R00159,Electronics,OWNER_020,Singapore,Rotterdam,Singapore,1844.95,3,73953.23,IN_TRANSIT,2026-03-26 04:00:00
R02032,Machinery,OWNER_006,Chennai,Dubai,Chennai,2797.48,3,86989.52,IN_TRANSIT,2026-03-26 05:00:00
R00434,Chemicals,OWNER_039,Singapore,Dubai,Singapore,436.51,6,82459.69,IN_TRANSIT,2026-03-26 05:00:00
R00297,Electronics,OWNER_021,Mumbai,Colombo,Mumbai,1475.82,3,109805.21,IN_TRANSIT,2026-03-26 06:00:00
R00228,Chemicals,OWNER_009,Rotterdam,Mumbai,Rotterdam,2612.39,5,47115.53,IN_TRANSIT,2026-03-26 07:00:00
R02266,Chemicals,OWNER_094,Kandla,Singapore,Kandla,1498.65,3,35459.98,IN_TRANSIT,2026-03-26 08:00:00
R00034,Textiles,OWNER_003,Colombo,Mumbai,Colombo,1384.23,6,177199.41,IN_TRANSIT,2026-03-26 12:00:00
R00007,Food,OWNER_019,Kandla,Colombo,Kandla,1678.97,5,37813.26,IN_TRANSIT,2026-03-26 12:00:00
R00230,Electronics,OWNER_066,Kandla,Colombo,Kandla,2702.21,3,253090.93,IN_TRANSIT,2026-03-26 15:00:00
R00850,Food,OWNER_047,Mumbai,Kandla,Mumbai,3180.06,2,54845.24,IN_TRANSIT,2026-03-26 15:00:00
R02382,Chemicals,OWNER_045,Kandla,Rotterdam,Kandla,1518.77,1,45257.66,IN_TRANSIT,2026-03-26 19:00:00
R01813,Food,OWNER_064,Mumbai,Kandla,Mumbai,2602.41,7,118432.85,IN_TRANSIT,2026-03-26 19:00:00
R01424,Food,OWNER_008,Kandla,Rotterdam,Kandla,1563.08,4,10541.32,IN_TRANSIT,2026-03-26 19:00:00
R01384,Textiles,OWNER_043,Chennai,Colombo,Chennai,1952.07,5,6547.87,IN_TRANSIT,2026-03-26 20:00:00
R01074,Textiles,OWNER_017,Rotterdam,Chennai,Rotterdam,937.14,1,332280.6,IN_TRANSIT,2026-03-26 20:00:00
R02581,Food,OWNER_027,Kandla,Rotterdam,Kandla,3049.29,6,315041.9,IN_TRANSIT,2026-03-26 21:00:00
R00791,Electronics,OWNER_085,Chennai,Kandla,Chennai,3036.95,4,52666.11,IN_TRANSIT,2026-03-26 21:00:00
R02172,Machinery,OWNER_030,Chennai,Colombo,Chennai,830.74,4,63407.53,IN_TRANSIT,2026-03-26 22:00:00
R01362,Machinery,OWNER_028,Rotterdam,Colombo,Rotterdam,4036.21,1,70775.42,IN_TRANSIT,2026-03-26 22:00:00
R02230,Chemicals,OWNER_001,Dubai,Singapore,Dubai,1158.33,2,13043.27,IN_TRANSIT,2026-03-26 23:00:00
R02316,Textiles,OWNER_074,Singapore,Chennai,Singapore,1265.24,4,84540.61,IN_TRANSIT,2026-03-27 01:00:00
R00541,Chemicals,OWNER_066,Singapore,Colombo,Singapore,1113.23,6,187690.18,IN_TRANSIT,2026-03-27 02:00:00
R01648,Chemicals,OWNER_070,Colombo,Chennai,Colombo,2619.17,2,112446.24,IN_TRANSIT,2026-03-27 03:00:00
R00216,Food,OWNER_095,Singapore,Colombo,Singapore,678.74,3,33252.11,IN_TRANSIT,2026-03-27 04:00:00
R00027,Chemicals,OWNER_027,Chennai,Singapore,Chennai,1065.91,4,44816.09,IN_TRANSIT,2026-03-27 05:00:00
R00312,Electronics,OWNER_046,Rotterdam,Singapore,Rotterdam,1274.23,3,89175.18,IN_TRANSIT,2026-03-27 09:00:00
R01617,Food,OWNER_038,Chennai,Rotterdam,Chennai,4515.27,6,71398.43,IN_TRANSIT,2026-03-27 10:00:00
R02874,Electronics,OWNER_087,Singapore,Chennai,Singapore,1202.25,7,71588.17,IN_TRANSIT,2026-03-27 11:00:00
R02784,Textiles,OWNER_011,Mumbai,Dubai,Mumbai,1002.35,4,203156.25,IN_TRANSIT,2026-03-27 12:00:00
R00562,Food,OWNER_016,Mumbai,Singapore,Mumbai,1312.96,2,85877.77,IN_TRANSIT,2026-03-27 13:00:00
R02093,Food,OWNER_072,Kochi,Colombo,Kochi,636.46,2,75466.97,IN_TRANSIT,2026-03-27 16:00:00
R01298,Textiles,OWNER_070,Chennai,Kandla,Chennai,4724.86,4,108073.16,IN_TRANSIT,2026-03-27 17:00:00
R00966,Chemicals,OWNER_042,Colombo,Dubai,Colombo,1511.79,6,98097.34,IN_TRANSIT,2026-03-27 18:00:00
R02524,Electronics,OWNER_014,Colombo,Singapore,Colombo,1637.97,7,26616.43,IN_TRANSIT,2026-03-27 19:00:00
R00589,Chemicals,OWNER_034,Mumbai,Kandla,Mumbai,717.42,4,78354.84,IN_TRANSIT,2026-03-27 20:00:00
R00738,Electronics,OWNER_075,Dubai,Singapore,Dubai,1185.31,6,26832.14,IN_TRANSIT,2026-03-27 22:00:00
R01695,Food,OWNER_052,Rotterdam,Kochi,Rotterdam,2063.77,3,482260.54,IN_TRANSIT,2026-03-28 02:00:00
R02796,Machinery,OWNER_003,Chennai,Kandla,Chennai,1346.09,7,101715.86,IN_TRANSIT,2026-03-28 02:00:00
R00771,Electronics,OWNER_081,Rotterdam,Kochi,Rotterdam,901.37,1,101513.64,IN_TRANSIT,2026-03-28 03:00:00
R01506,Electronics,OWNER_022,Mumbai,Kochi,Mumbai,2465.38,4,160162.35,IN_TRANSIT,2026-03-28 03:00:00
R00250,Chemicals,OWNER_067,Mumbai,Kandla,Mumbai,1123.29,1,152168.58,IN_TRANSIT,2026-03-28 03:00:00
R02136,Textiles,OWNER_061,Mumbai,Chennai,Mumbai,1443.02,7,115395.68,IN_TRANSIT,2026-03-28 06:00:00
R02853,Textiles,OWNER_042,Colombo,Kochi,Colombo,1490.15,6,63669.89,IN_TRANSIT,2026-03-28 13:00:00
R02551,Machinery,OWNER_060,Chennai,Dubai,Chennai,433.49,1,109467.82,IN_TRANSIT,2026-03-28 14:00:00
R02963,Chemicals,OWNER_072,Colombo,Singapore,Colombo,1839.66,6,368307.46,IN_TRANSIT,2026-03-28 15:00:00
R02916,Electronics,OWNER_038,Dubai,Singapore,Dubai,1039.98,5,63645.67,IN_TRANSIT,2026-03-28 15:00:00
R02429,Textiles,OWNER_006,Singapore,Colombo,Singapore,1499.37,3,173116.96,IN_TRANSIT,2026-03-28 17:00:00
R00442,Machinery,OWNER_086,Mumbai,Kochi,Mumbai,2650.91,5,51182.07,IN_TRANSIT,2026-03-28 18:00:00
R00348,Food,OWNER_036,Mumbai,Chennai,Mumbai,490.23,1,90525.69,IN_TRANSIT,2026-03-28 18:00:00
R00755,Machinery,OWNER_092,Dubai,Colombo,Dubai,2952.83,5,76825.22,IN_TRANSIT,2026-03-29 04:00:00
R01869,Textiles,OWNER_066,Kochi,Dubai,Kochi,937.76,7,166511.99,IN_TRANSIT,2026-03-29 08:00:00
R01927,Electronics,OWNER_076,Singapore,Chennai,Singapore,3509.89,4,17039.8,IN_TRANSIT,2026-03-29 08:00:00
R02200,Food,OWNER_029,Kandla,Chennai,Kandla,642.26,1,68980.0,IN_TRANSIT,2026-03-29 11:00:00
R02418,Textiles,OWNER_011,Rotterdam,Mumbai,Rotterdam,675.84,5,19728.11,IN_TRANSIT,2026-03-29 11:00:00
R01119,Food,OWNER_005,Colombo,Chennai,Colombo,1631.26,4,53061.2,IN_TRANSIT,2026-03-29 11:00:00
R02040,Textiles,OWNER_099,Dubai,Kandla,Dubai,2082.36,7,177702.24,IN_TRANSIT,2026-03-29 12:00:00
R02407,Machinery,OWNER_039,Rotterdam,Kandla,Rotterdam,844.43,2,183150.66,IN_TRANSIT,2026-03-29 12:00:00
R02990,Electronics,OWNER_008,Singapore,Rotterdam,Singapore,3545.09,7,44676.99,IN_TRANSIT,2026-03-29 13:00:00
R02697,Textiles,OWNER_082,Mumbai,Chennai,Mumbai,3114.4,2,24604.34,IN_TRANSIT,2026-03-29 14:00:00
R02559,Food,OWNER_084,Mumbai,Kochi,Mumbai,936.14,6,139247.19,IN_TRANSIT,2026-03-29 17:00:00
R01833,Electronics,OWNER_080,Kandla,Mumbai,Kandla,3184.72,7,55076.68,IN_TRANSIT,2026-03-29 18:00:00
R00066,Food,OWNER_073,Dubai,Mumbai,Dubai,1247.49,3,140226.04,IN_TRANSIT,2026-03-29 20:00:00
R00544,Food,OWNER_045,Dubai,Kandla,Dubai,2379.4,5,130721.35,IN_TRANSIT,2026-03-29 22:00:00
R00862,Machinery,OWNER_047,Colombo,Kochi,Colombo,1432.11,1,115102.29,IN_TRANSIT,2026-03-30 00:00:00
R00979,Food,OWNER_079,Colombo,Kochi,Colombo,1759.25,7,100494.94,IN_TRANSIT,2026-03-30 02:00:00
R02604,Chemicals,OWNER_013,Singapore,Dubai,Singapore,1489.11,7,81342.05,IN_TRANSIT,2026-03-30 04:00:00
R02308,Food,OWNER_086,Singapore,Kochi,Singapore,1232.51,6,83192.02,IN_TRANSIT,2026-03-30 04:00:00
R01699,Food,OWNER_013,Kandla,Singapore,Kandla,538.49,7,24012.33,IN_TRANSIT,2026-03-30 04:00:00
R02780,Textiles,OWNER_027,Dubai,Kandla,Dubai,3158.91,1,24446.78,IN_TRANSIT,2026-03-30 06:00:00
R01451,Chemicals,OWNER_009,Kochi,Dubai,Kochi,3452.21,4,100344.74,IN_TRANSIT,2026-03-30 13:00:00
R00065,Textiles,OWNER_060,Colombo,Rotterdam,Colombo,1231.25,6,20634.6,IN_TRANSIT,2026-03-30 14:00:00
R02363,Textiles,OWNER_077,Kochi,Dubai,Kochi,2004.98,4,50911.19,IN_TRANSIT,2026-03-30 15:00:00
R01063,Textiles,OWNER_005,Rotterdam,Singapore,Rotterdam,1661.73,4,94820.92,IN_TRANSIT,2026-03-30 15:00:00
R00022,Food,OWNER_067,Chennai,Mumbai,Chennai,1833.91,4,263398.43,IN_TRANSIT,2026-03-30 16:00:00
R02802,Electronics,OWNER_060,Mumbai,Rotterdam,Mumbai,2261.79,4,173759.41,IN_TRANSIT,2026-03-30 16:00:00
R01575,Chemicals,OWNER_073,Colombo,Kochi,Colombo,1811.91,5,101050.14,IN_TRANSIT,2026-03-30 17:00:00
R01206,Machinery,OWNER_004,Kochi,Chennai,Kochi,857.72,6,36084.64,IN_TRANSIT,2026-03-30 18:00:00
R02707,Chemicals,OWNER_018,Singapore,Colombo,Singapore,2252.23,2,51818.36,IN_TRANSIT,2026-03-30 19:00:00
R01669,Machinery,OWNER_003,Mumbai,Kandla,Mumbai,1850.72,7,229207.69,IN_TRANSIT,2026-03-30 20:00:00
R02742,Machinery,OWNER_028,Kochi,Colombo,Kochi,5081.76,1,222587.67,IN_TRANSIT,2026-03-30 20:00:00
R01253,Machinery,OWNER_055,Chennai,Dubai,Chennai,6947.96,7,59207.08,IN_TRANSIT,2026-03-30 22:00:00
R01883,Food,OWNER_030,Kandla,Singapore,Kandla,2422.0,2,111546.68,IN_TRANSIT,2026-03-30 23:00:00
R00379,Machinery,OWNER_013,Dubai,Mumbai,Dubai,11583.48,5,76345.8,IN_TRANSIT,2026-03-31 00:00:00
R02847,Food,OWNER_022,Singapore,Chennai,Singapore,928.04,6,23447.31,IN_TRANSIT,2026-03-31 01:00:00
R02180,Chemicals,OWNER_027,Singapore,Colombo,Singapore,894.79,7,43384.5,IN_TRANSIT,2026-03-31 05:00:00
R00122,Chemicals,OWNER_022,Mumbai,Singapore,Mumbai,1614.51,4,277703.73,IN_TRANSIT,2026-03-31 05:00:00
R00394,Chemicals,OWNER_058,Chennai,Mumbai,Chennai,1438.72,6,89245.58,IN_TRANSIT,2026-03-31 10:00:00
R01821,Food,OWNER_067,Chennai,Dubai,Chennai,1097.99,2,82530.71,IN_TRANSIT,2026-03-31 10:00:00
R02985,Machinery,OWNER_031,Rotterdam,Kandla,Rotterdam,991.42,7,192900.22,IN_TRANSIT,2026-03-31 10:00:00
R01085,Food,OWNER_066,Mumbai,Kochi,Mumbai,4277.31,3,367415.08,IN_TRANSIT,2026-03-31 18:00:00
R00229,Machinery,OWNER_050,Rotterdam,Dubai,Rotterdam,409.47,7,94997.69,IN_TRANSIT,2026-03-31 18:00:00
R02580,Chemicals,OWNER_076,Kandla,Mumbai,Kandla,1819.01,5,60349.01,IN_TRANSIT,2026-03-31 19:00:00
R02541,Textiles,OWNER_011,Kandla,Singapore,Kandla,2316.76,5,219172.36,IN_TRANSIT,2026-03-31 23:00:00
R01241,Chemicals,OWNER_003,Chennai,Mumbai,Chennai,1446.03,6,242767.98,IN_TRANSIT,2026-04-01 00:00:00
R02039,Machinery,OWNER_099,Dubai,Kandla,Dubai,2214.79,6,88482.54,IN_TRANSIT,2026-04-01 00:00:00
R00927,Machinery,OWNER_006,Kandla,Colombo,Kandla,1376.77,6,48613.05,IN_TRANSIT,2026-04-01 00:00:00
R01270,Food,OWNER_018,Singapore,Chennai,Singapore,4940.3,1,77733.8,IN_TRANSIT,2026-04-01 01:00:00
R02168,Textiles,OWNER_046,Singapore,Mumbai,Singapore,9022.35,1,132788.29,IN_TRANSIT,2026-04-01 02:00:00
R02616,Machinery,OWNER_006,Chennai,Singapore,Chennai,222.24,7,37240.91,IN_TRANSIT,2026-04-01 03:00:00
R02164,Chemicals,OWNER_067,Dubai,Singapore,Dubai,1893.68,3,109010.63,IN_TRANSIT,2026-04-01 03:00:00
R00017,Chemicals,OWNER_016,Dubai,Chennai,Dubai,2416.91,4,67589.75,IN_TRANSIT,2026-04-01 04:00:00
R02738,Electronics,OWNER_011,Rotterdam,Mumbai,Rotterdam,673.58,4,157291.29,IN_TRANSIT,2026-04-01 05:00:00
R02392,Machinery,OWNER_001,Singapore,Mumbai,Singapore,3847.54,2,95224.46,IN_TRANSIT,2026-04-01 06:00:00
R02264,Machinery,OWNER_033,Mumbai,Kandla,Mumbai,1726.0,4,47144.87,IN_TRANSIT,2026-04-01 06:00:00
R01093,Food,OWNER_044,Rotterdam,Kandla,Rotterdam,2880.76,1,268229.51,IN_TRANSIT,2026-04-01 09:00:00
R01962,Textiles,OWNER_063,Kochi,Dubai,Kochi,3318.62,7,22632.33,IN_TRANSIT,2026-04-01 11:00:00
R00305,Food,OWNER_051,Chennai,Colombo,Chennai,3866.87,7,41969.11,IN_TRANSIT,2026-04-01 12:00:00
R01529,Food,OWNER_053,Kochi,Mumbai,Kochi,4312.5,3,55618.89,IN_TRANSIT,2026-04-01 13:00:00
R00915,Textiles,OWNER_030,Rotterdam,Kandla,Rotterdam,3768.68,2,68737.41,IN_TRANSIT,2026-04-01 13:00:00
R01128,Electronics,OWNER_026,Chennai,Mumbai,Chennai,1045.42,7,162555.43,IN_TRANSIT,2026-04-01 20:00:00
R01405,Chemicals,OWNER_023,Kandla,Chennai,Kandla,1791.95,7,53297.51,IN_TRANSIT,2026-04-01 21:00:00
R02993,Chemicals,OWNER_089,Chennai,Colombo,Chennai,643.45,3,101094.72,IN_TRANSIT,2026-04-01 23:00:00
R01973,Chemicals,OWNER_039,Dubai,Singapore,Dubai,6575.28,7,130046.77,IN_TRANSIT,2026-04-01 23:00:00
R01548,Machinery,OWNER_045,Singapore,Rotterdam,Singapore,2425.09,7,50148.15,IN_TRANSIT,2026-04-02 01:00:00
R01689,Food,OWNER_035,Colombo,Mumbai,Colombo,542.53,2,158150.93,IN_TRANSIT,2026-04-02 06:00:00
R00110,Food,OWNER_081,Mumbai,Dubai,Mumbai,1049.06,4,88287.93,IN_TRANSIT,2026-04-02 06:00:00
R01434,Machinery,OWNER_014,Kandla,Chennai,Kandla,2213.72,2,58312.41,IN_TRANSIT,2026-04-02 06:00:00
R00262,Chemicals,OWNER_087,Colombo,Kochi,Colombo,652.52,5,200536.16,IN_TRANSIT,2026-04-02 08:00:00
R01084,Machinery,OWNER_008,Dubai,Kandla,Dubai,1334.42,1,107592.73,IN_TRANSIT,2026-04-02 09:00:00
R02988,Electronics,OWNER_098,Rotterdam,Mumbai,Rotterdam,828.64,4,115777.83,IN_TRANSIT,2026-04-02 09:00:00
R01050,Food,OWNER_050,Kochi,Dubai,Kochi,2101.71,4,144312.48,IN_TRANSIT,2026-04-02 09:00:00
R01742,Machinery,OWNER_003,Colombo,Mumbai,Colombo,850.66,4,25886.39,IN_TRANSIT,2026-04-02 12:00:00
R02509,Chemicals,OWNER_006,Kochi,Dubai,Kochi,2271.61,7,35186.18,IN_TRANSIT,2026-04-02 14:00:00
R01807,Electronics,OWNER_005,Dubai,Kochi,Dubai,2158.13,3,330563.26,IN_TRANSIT,2026-04-02 15:00:00
R01391,Electronics,OWNER_019,Mumbai,Kochi,Mumbai,680.68,5,98917.11,IN_TRANSIT,2026-04-02 16:00:00
R02506,Chemicals,OWNER_035,Kochi,Singapore,Kochi,2065.86,5,98325.6,IN_TRANSIT,2026-04-02 19:00:00
R01440,Chemicals,OWNER_042,Dubai,Colombo,Dubai,2665.12,7,55953.58,IN_TRANSIT,2026-04-02 21:00:00
R01507,Textiles,OWNER_063,Colombo,Kochi,Colombo,1543.12,2,121479.85,IN_TRANSIT,2026-04-02 22:00:00
R00783,Machinery,OWNER_082,Colombo,Mumbai,Colombo,1845.01,1,29823.65,IN_TRANSIT,2026-04-03 00:00:00
R00677,Food,OWNER_046,Colombo,Mumbai,Colombo,1819.3,5,18260.42,IN_TRANSIT,2026-04-03 01:00:00
R02043,Machinery,OWNER_086,Kochi,Kandla,Kochi,2202.42,2,101339.47,IN_TRANSIT,2026-04-03 03:00:00
R00789,Electronics,OWNER_017,Mumbai,Colombo,Mumbai,894.48,2,319749.49,IN_TRANSIT,2026-04-03 04:00:00
R00397,Textiles,OWNER_026,Mumbai,Rotterdam,Mumbai,2908.72,3,30931.87,IN_TRANSIT,2026-04-03 04:00:00
R00491,Chemicals,OWNER_081,Kandla,Singapore,Kandla,938.8,5,55386.64,IN_TRANSIT,2026-04-03 05:00:00
R01018,Textiles,OWNER_011,Mumbai,Kochi,Mumbai,1294.99,5,27439.41,IN_TRANSIT,2026-04-03 08:00:00
R02513,Chemicals,OWNER_040,Rotterdam,Dubai,Rotterdam,2406.63,2,276766.91,IN_TRANSIT,2026-04-03 12:00:00
R02989,Chemicals,OWNER_091,Chennai,Mumbai,Chennai,3227.28,5,36063.62,IN_TRANSIT,2026-04-03 13:00:00
R00798,Food,OWNER_024,Dubai,Kochi,Dubai,1135.35,2,79230.32,IN_TRANSIT,2026-04-03 14:00:00
R00330,Chemicals,OWNER_034,Dubai,Mumbai,Dubai,3977.36,4,177608.3,IN_TRANSIT,2026-04-03 15:00:00
R00367,Food,OWNER_035,Chennai,Mumbai,Chennai,1070.54,6,99965.46,IN_TRANSIT,2026-04-03 17:00:00
R01264,Machinery,OWNER_019,Dubai,Mumbai,Dubai,2066.63,4,152715.44,IN_TRANSIT,2026-04-03 19:00:00
R00615,Textiles,OWNER_026,Colombo,Dubai,Colombo,1767.74,6,53210.62,IN_TRANSIT,2026-04-03 20:00:00
R02337,Textiles,OWNER_027,Kochi,Kandla,Kochi,1146.38,7,70224.97,IN_TRANSIT,2026-04-03 20:00:00
R01025,Food,OWNER_091,Rotterdam,Singapore,Rotterdam,2674.53,7,69415.86,IN_TRANSIT,2026-04-03 20:00:00
R01104,Textiles,OWNER_048,Singapore,Kandla,Singapore,4876.08,2,103778.51,IN_TRANSIT,2026-04-03 21:00:00
R02236,Food,OWNER_060,Chennai,Dubai,Chennai,2017.32,3,74999.43,IN_TRANSIT,2026-04-03 23:00:00
R00918,Food,OWNER_099,Rotterdam,Mumbai,Rotterdam,879.19,3,56047.2,IN_TRANSIT,2026-04-04 05:00:00
R01844,Electronics,OWNER_027,Singapore,Mumbai,Singapore,3275.74,1,138120.06,IN_TRANSIT,2026-04-04 06:00:00
R01928,Chemicals,OWNER_089,Kandla,Kochi,Kandla,969.14,6,50569.93,IN_TRANSIT,2026-04-04 10:00:00
R00092,Chemicals,OWNER_039,Chennai,Kochi,Chennai,2692.21,4,124550.71,IN_TRANSIT,2026-04-04 11:00:00
R02838,Food,OWNER_097,Mumbai,Kandla,Mumbai,1083.06,6,280033.1,IN_TRANSIT,2026-04-04 11:00:00
R01047,Food,OWNER_091,Mumbai,Dubai,Mumbai,2119.12,4,91945.93,IN_TRANSIT,2026-04-04 11:00:00
R00641,Textiles,OWNER_030,Kandla,Chennai,Kandla,2585.78,7,119204.25,IN_TRANSIT,2026-04-04 11:00:00
R01472,Chemicals,OWNER_023,Kochi,Dubai,Kochi,663.76,5,377609.43,IN_TRANSIT,2026-04-04 13:00:00
R02432,Food,OWNER_017,Singapore,Kandla,Singapore,1143.2,7,115616.37,IN_TRANSIT,2026-04-04 13:00:00
R00245,Machinery,OWNER_047,Mumbai,Rotterdam,Mumbai,3919.69,5,46695.2,IN_TRANSIT,2026-04-04 16:00:00
R01201,Chemicals,OWNER_038,Singapore,Kochi,Singapore,1097.54,6,164130.84,IN_TRANSIT,2026-04-04 18:00:00
R00635,Food,OWNER_087,Dubai,Colombo,Dubai,6558.19,5,76970.86,IN_TRANSIT,2026-04-04 18:00:00
R02038,Chemicals,OWNER_100,Rotterdam,Chennai,Rotterdam,1828.54,6,27089.69,IN_TRANSIT,2026-04-04 19:00:00
R02518,Chemicals,OWNER_084,Colombo,Rotterdam,Colombo,1769.17,7,18825.44,IN_TRANSIT,2026-04-04 19:00:00
R02473,Food,OWNER_013,Singapore,Mumbai,Singapore,2316.53,3,185720.14,IN_TRANSIT,2026-04-04 20:00:00
R01873,Machinery,OWNER_002,Kandla,Rotterdam,Kandla,3326.13,4,85476.78,IN_TRANSIT,2026-04-04 21:00:00
R01196,Machinery,OWNER_038,Mumbai,Rotterdam,Mumbai,3396.27,2,58629.97,IN_TRANSIT,2026-04-04 21:00:00
R01653,Electronics,OWNER_098,Kandla,Rotterdam,Kandla,5086.37,1,297028.47,IN_TRANSIT,2026-04-04 23:00:00
R02018,Electronics,OWNER_033,Mumbai,Chennai,Mumbai,1382.5,3,75380.0,IN_TRANSIT,2026-04-05 00:00:00
R02695,Chemicals,OWNER_006,Mumbai,Kochi,Mumbai,1430.4,1,91452.16,IN_TRANSIT,2026-04-05 00:00:00
R02138,Machinery,OWNER_083,Kochi,Singapore,Kochi,2063.86,6,115055.79,IN_TRANSIT,2026-04-05 00:00:00
R02500,Electronics,OWNER_002,Dubai,Kochi,Dubai,2239.0,4,159038.23,IN_TRANSIT,2026-04-05 05:00:00
R02791,Textiles,OWNER_054,Rotterdam,Singapore,Rotterdam,2188.5,7,352294.64,IN_TRANSIT,2026-04-05 09:00:00
R00534,Electronics,OWNER_033,Dubai,Kochi,Dubai,1194.11,2,43021.75,IN_TRANSIT,2026-04-05 09:00:00
R00683,Food,OWNER_093,Chennai,Kandla,Chennai,814.52,4,35838.44,IN_TRANSIT,2026-04-05 11:00:00
R01240,Food,OWNER_038,Mumbai,Dubai,Mumbai,764.11,4,266290.8,IN_TRANSIT,2026-04-05 12:00:00
R02412,Textiles,OWNER_084,Mumbai,Kochi,Mumbai,1493.13,2,45746.17,IN_TRANSIT,2026-04-05 13:00:00
R00150,Textiles,OWNER_076,Chennai,Rotterdam,Chennai,4174.56,5,176307.29,IN_TRANSIT,2026-04-05 13:00:00
R00108,Food,OWNER_072,Mumbai,Chennai,Mumbai,4309.26,7,198463.4,IN_TRANSIT,2026-04-05 15:00:00
R02889,Food,OWNER_022,Rotterdam,Chennai,Rotterdam,1871.84,7,147097.82,IN_TRANSIT,2026-04-05 17:00:00
R02472,Textiles,OWNER_010,Dubai,Kandla,Dubai,3611.36,1,43175.99,IN_TRANSIT,2026-04-05 20:00:00
R01887,Machinery,OWNER_018,Kochi,Colombo,Kochi,1322.37,6,16818.45,IN_TRANSIT,2026-04-05 21:00:00
R00614,Chemicals,OWNER_045,Colombo,Singapore,Colombo,2644.96,4,76980.66,IN_TRANSIT,2026-04-05 22:00:00
R01159,Food,OWNER_067,Mumbai,Kandla,Mumbai,1466.58,2,76209.67,IN_TRANSIT,2026-04-06 00:00:00
R00935,Machinery,OWNER_066,Mumbai,Singapore,Mumbai,1895.74,5,31610.92,IN_TRANSIT,2026-04-06 02:00:00
R01239,Textiles,OWNER_036,Kandla,Mumbai,Kandla,1498.07,5,56380.15,IN_TRANSIT,2026-04-06 02:00:00
R00766,Food,OWNER_043,Dubai,Kochi,Dubai,586.02,2,53277.3,IN_TRANSIT,2026-04-06 02:00:00
R00329,Food,OWNER_061,Colombo,Kochi,Colombo,4677.56,1,78932.73,IN_TRANSIT,2026-04-06 03:00:00
R01350,Machinery,OWNER_027,Chennai,Kandla,Chennai,1211.72,7,83375.07,IN_TRANSIT,2026-04-06 03:00:00
R01537,Food,OWNER_051,Rotterdam,Kandla,Rotterdam,779.55,5,153516.04,IN_TRANSIT,2026-04-06 04:00:00
R00275,Electronics,OWNER_089,Rotterdam,Kandla,Rotterdam,2240.52,2,38269.59,IN_TRANSIT,2026-04-06 06:00:00
R00630,Food,OWNER_037,Chennai,Rotterdam,Chennai,1432.62,1,30191.99,IN_TRANSIT,2026-04-06 06:00:00
R01550,Chemicals,OWNER_059,Rotterdam,Kandla,Rotterdam,1698.44,3,234532.88,IN_TRANSIT,2026-04-06 09:00:00
R02268,Electronics,OWNER_005,Rotterdam,Dubai,Rotterdam,992.32,3,209213.22,IN_TRANSIT,2026-04-06 11:00:00
R00375,Chemicals,OWNER_098,Kochi,Colombo,Kochi,1311.92,5,53234.87,IN_TRANSIT,2026-04-06 12:00:00
R00554,Chemicals,OWNER_007,Kandla,Dubai,Kandla,6489.77,6,21199.52,IN_TRANSIT,2026-04-06 14:00:00
R00709,Food,OWNER_059,Mumbai,Rotterdam,Mumbai,1707.61,5,321377.13,IN_TRANSIT,2026-04-06 15:00:00
R02231,Electronics,OWNER_018,Mumbai,Chennai,Mumbai,7940.65,5,84994.18,IN_TRANSIT,2026-04-06 15:00:00
R00104,Food,OWNER_069,Rotterdam,Kandla,Rotterdam,1708.53,6,57201.39,IN_TRANSIT,2026-04-06 15:00:00
R01141,Textiles,OWNER_071,Singapore,Mumbai,Singapore,2579.95,5,8659.97,IN_TRANSIT,2026-04-06 16:00:00
R02364,Food,OWNER_022,Dubai,Kochi,Dubai,2398.87,3,95946.95,IN_TRANSIT,2026-04-06 16:00:00
R00234,Electronics,OWNER_031,Mumbai,Kandla,Mumbai,3461.89,2,79057.5,IN_TRANSIT,2026-04-06 18:00:00
R02394,Textiles,OWNER_067,Colombo,Kandla,Colombo,1609.58,2,64991.44,IN_TRANSIT,2026-04-06 20:00:00
R02223,Electronics,OWNER_047,Chennai,Colombo,Chennai,466.7,4,62123.97,IN_TRANSIT,2026-04-06 23:00:00
R02075,Machinery,OWNER_040,Rotterdam,Kochi,Rotterdam,1485.12,5,32967.8,IN_TRANSIT,2026-04-07 00:00:00
R02383,Food,OWNER_026,Chennai,Mumbai,Chennai,2365.16,3,62838.9,IN_TRANSIT,2026-04-07 01:00:00
R02312,Chemicals,OWNER_084,Chennai,Rotterdam,Chennai,3064.52,3,61298.27,IN_TRANSIT,2026-04-07 02:00:00
R02170,Food,OWNER_075,Kandla,Dubai,Kandla,662.86,7,19926.08,IN_TRANSIT,2026-04-07 05:00:00
R00797,Chemicals,OWNER_002,Colombo,Rotterdam,Colombo,1774.65,5,119423.99,IN_TRANSIT,2026-04-07 05:00:00
R02824,Textiles,OWNER_020,Kandla,Rotterdam,Kandla,2676.37,6,59049.53,IN_TRANSIT,2026-04-07 06:00:00
R02228,Machinery,OWNER_095,Mumbai,Singapore,Mumbai,1520.01,2,113749.23,IN_TRANSIT,2026-04-07 08:00:00
R01079,Machinery,OWNER_100,Kandla,Mumbai,Kandla,3301.54,5,71130.74,IN_TRANSIT,2026-04-07 09:00:00
R01102,Machinery,OWNER_075,Rotterdam,Kochi,Rotterdam,705.26,2,197463.65,IN_TRANSIT,2026-04-07 10:00:00
R00055,Textiles,OWNER_052,Dubai,Chennai,Dubai,4705.42,6,60507.33,IN_TRANSIT,2026-04-07 11:00:00
R01553,Food,OWNER_006,Mumbai,Kochi,Mumbai,2500.2,3,135455.95,IN_TRANSIT,2026-04-07 12:00:00
R01280,Chemicals,OWNER_050,Kandla,Dubai,Kandla,1378.69,6,56038.52,IN_TRANSIT,2026-04-07 12:00:00
R00370,Electronics,OWNER_080,Mumbai,Rotterdam,Mumbai,3750.86,3,67822.17,IN_TRANSIT,2026-04-07 12:00:00
R00173,Chemicals,OWNER_044,Singapore,Kochi,Singapore,1899.25,3,104679.57,IN_TRANSIT,2026-04-07 13:00:00
R00765,Food,OWNER_066,Colombo,Dubai,Colombo,1411.76,7,16767.05,IN_TRANSIT,2026-04-07 15:00:00
R00784,Food,OWNER_035,Rotterdam,Mumbai,Rotterdam,2088.89,7,71570.29,IN_TRANSIT,2026-04-07 16:00:00
R00480,Electronics,OWNER_077,Colombo,Kochi,Colombo,4524.92,2,68168.06,IN_TRANSIT,2026-04-07 17:00:00
R00332,Food,OWNER_071,Mumbai,Kandla,Mumbai,1461.55,1,64960.98,IN_TRANSIT,2026-04-07 23:00:00
R00212,Food,OWNER_072,Chennai,Rotterdam,Chennai,400.32,4,14746.53,IN_TRANSIT,2026-04-07 23:00:00
R02474,Electronics,OWNER_075,Mumbai,Rotterdam,Mumbai,3329.72,2,37709.37,IN_TRANSIT,2026-04-08 00:00:00
R01300,Chemicals,OWNER_088,Rotterdam,Singapore,Rotterdam,2055.01,5,59288.69,IN_TRANSIT,2026-04-08 00:00:00
R00616,Machinery,OWNER_054,Rotterdam,Mumbai,Rotterdam,2482.93,1,30848.22,IN_TRANSIT,2026-04-08 04:00:00
R01393,Textiles,OWNER_084,Mumbai,Dubai,Mumbai,1471.34,4,22059.17,IN_TRANSIT,2026-04-08 04:00:00
R00737,Chemicals,OWNER_093,Kandla,Mumbai,Kandla,1482.97,1,118363.6,IN_TRANSIT,2026-04-08 05:00:00
R01066,Electronics,OWNER_071,Kochi,Chennai,Kochi,1317.35,1,274194.63,IN_TRANSIT,2026-04-08 05:00:00
R01786,Food,OWNER_097,Colombo,Rotterdam,Colombo,3359.62,6,123325.29,IN_TRANSIT,2026-04-08 07:00:00
R01744,Textiles,OWNER_064,Kandla,Dubai,Kandla,2079.06,3,67524.68,IN_TRANSIT,2026-04-08 07:00:00
R00084,Textiles,OWNER_042,Singapore,Chennai,Singapore,3618.06,5,56095.42,IN_TRANSIT,2026-04-08 10:00:00
R00302,Textiles,OWNER_010,Chennai,Colombo,Chennai,1987.95,5,72140.41,IN_TRANSIT,2026-04-08 11:00:00
R00364,Machinery,OWNER_027,Dubai,Mumbai,Dubai,1935.36,2,284153.35,IN_TRANSIT,2026-04-08 12:00:00
R01302,Chemicals,OWNER_087,Dubai,Rotterdam,Dubai,3691.53,1,25994.8,IN_TRANSIT,2026-04-08 12:00:00
R02263,Textiles,OWNER_086,Kandla,Chennai,Kandla,1099.18,2,36345.36,IN_TRANSIT,2026-04-08 13:00:00
R02968,Textiles,OWNER_095,Chennai,Kochi,Chennai,1137.48,4,20319.44,IN_TRANSIT,2026-04-08 13:00:00
R01215,Food,OWNER_086,Singapore,Colombo,Singapore,2654.96,4,32571.63,IN_TRANSIT,2026-04-08 16:00:00
R00720,Machinery,OWNER_072,Colombo,Rotterdam,Colombo,2781.21,1,21636.75,IN_TRANSIT,2026-04-08 16:00:00
R00816,Machinery,OWNER_096,Rotterdam,Dubai,Rotterdam,4371.32,6,184438.81,IN_TRANSIT,2026-04-08 19:00:00
R01008,Textiles,OWNER_060,Dubai,Kochi,Dubai,1026.87,3,298406.87,IN_TRANSIT,2026-04-08 22:00:00
R02245,Chemicals,OWNER_042,Dubai,Mumbai,Dubai,1119.32,3,49605.11,IN_TRANSIT,2026-04-09 00:00:00
R02626,Food,OWNER_069,Mumbai,Colombo,Mumbai,2264.63,5,25046.93,IN_TRANSIT,2026-04-09 00:00:00
R02767,Food,OWNER_017,Mumbai,Rotterdam,Mumbai,1561.0,4,44322.29,IN_TRANSIT,2026-04-09 08:00:00
R02536,Chemicals,OWNER_013,Kandla,Kochi,Kandla,4107.22,3,60428.29,IN_TRANSIT,2026-04-09 09:00:00
R02721,Chemicals,OWNER_033,Dubai,Kandla,Dubai,2073.4,5,145614.6,IN_TRANSIT,2026-04-09 09:00:00
R01325,Machinery,OWNER_029,Rotterdam,Singapore,Rotterdam,1833.26,2,124304.55,IN_TRANSIT,2026-04-09 10:00:00
R00705,Food,OWNER_082,Kochi,Rotterdam,Kochi,1487.42,1,195943.87,IN_TRANSIT,2026-04-09 11:00:00
R01364,Textiles,OWNER_062,Mumbai,Singapore,Mumbai,1582.5,6,40917.32,IN_TRANSIT,2026-04-09 11:00:00
R01746,Textiles,OWNER_023,Colombo,Rotterdam,Colombo,1016.57,7,105687.39,IN_TRANSIT,2026-04-09 11:00:00
R02198,Textiles,OWNER_023,Colombo,Kochi,Colombo,1072.11,3,174858.41,IN_TRANSIT,2026-04-09 12:00:00
R00314,Machinery,OWNER_041,Kandla,Colombo,Kandla,8463.3,6,18211.86,IN_TRANSIT,2026-04-09 13:00:00
R00142,Food,OWNER_012,Chennai,Kandla,Chennai,4073.6,5,121576.25,IN_TRANSIT,2026-04-09 16:00:00
R00425,Food,OWNER_043,Chennai,Dubai,Chennai,1312.13,7,73917.19,IN_TRANSIT,2026-04-09 16:00:00
R01453,Machinery,OWNER_070,Rotterdam,Chennai,Rotterdam,2022.58,3,60641.47,IN_TRANSIT,2026-04-09 22:00:00
R00724,Electronics,OWNER_043,Chennai,Rotterdam,Chennai,2787.2,4,73866.23,IN_TRANSIT,2026-04-10 00:00:00
R00600,Food,OWNER_021,Kochi,Chennai,Kochi,2040.18,6,183414.06,IN_TRANSIT,2026-04-10 01:00:00
R00277,Chemicals,OWNER_071,Kandla,Chennai,Kandla,1436.77,3,94678.1,IN_TRANSIT,2026-04-10 01:00:00
R02357,Textiles,OWNER_031,Kochi,Dubai,Kochi,1216.18,2,29383.2,IN_TRANSIT,2026-04-10 06:00:00
R00706,Textiles,OWNER_018,Kandla,Kochi,Kandla,1531.06,3,144841.0,IN_TRANSIT,2026-04-10 06:00:00
R02282,Textiles,OWNER_061,Kochi,Singapore,Kochi,1338.63,2,84798.14,IN_TRANSIT,2026-04-10 08:00:00
R00203,Textiles,OWNER_051,Chennai,Kochi,Chennai,3031.18,6,43267.46,IN_TRANSIT,2026-04-10 09:00:00
R02619,Electronics,OWNER_061,Singapore,Dubai,Singapore,1452.87,5,31643.34,IN_TRANSIT,2026-04-10 10:00:00
R00627,Machinery,OWNER_041,Kochi,Rotterdam,Kochi,1004.73,5,16537.83,IN_TRANSIT,2026-04-10 10:00:00
R00925,Machinery,OWNER_005,Chennai,Singapore,Chennai,642.96,1,102718.5,IN_TRANSIT,2026-04-10 11:00:00
R02001,Chemicals,OWNER_024,Kochi,Singapore,Kochi,1553.61,7,123582.68,IN_TRANSIT,2026-04-10 11:00:00
R00069,Chemicals,OWNER_094,Dubai,Mumbai,Dubai,2062.14,5,73801.98,IN_TRANSIT,2026-04-10 12:00:00
R01068,Machinery,OWNER_056,Singapore,Mumbai,Singapore,2020.11,2,208635.42,IN_TRANSIT,2026-04-10 14:00:00
R01808,Food,OWNER_049,Colombo,Rotterdam,Colombo,3469.94,2,115938.36,IN_TRANSIT,2026-04-10 15:00:00
R01469,Electronics,OWNER_005,Kochi,Mumbai,Kochi,1647.93,3,118106.18,IN_TRANSIT,2026-04-10 16:00:00
R00900,Electronics,OWNER_021,Kandla,Singapore,Kandla,7330.17,7,78948.92,IN_TRANSIT,2026-04-10 16:00:00
R01528,Food,OWNER_036,Kochi,Rotterdam,Kochi,2130.8,6,70501.58,IN_TRANSIT,2026-04-10 16:00:00
R00957,Electronics,OWNER_062,Dubai,Mumbai,Dubai,1172.78,4,68605.15,IN_TRANSIT,2026-04-10 17:00:00
R00325,Textiles,OWNER_063,Kandla,Chennai,Kandla,7894.87,2,77368.52,IN_TRANSIT,2026-04-10 18:00:00
R01369,Chemicals,OWNER_038,Rotterdam,Colombo,Rotterdam,2037.94,5,22357.92,IN_TRANSIT,2026-04-10 19:00:00
R02330,Electronics,OWNER_032,Kandla,Dubai,Kandla,1140.74,4,38735.01,IN_TRANSIT,2026-04-10 20:00:00
R02197,Electronics,OWNER_096,Kandla,Mumbai,Kandla,3877.31,3,59326.56,IN_TRANSIT,2026-04-10 21:00:00
R01977,Electronics,OWNER_050,Mumbai,Rotterdam,Mumbai,3450.86,3,47589.64,IN_TRANSIT,2026-04-10 21:00:00
R01588,Food,OWNER_058,Chennai,Colombo,Chennai,420.56,4,40040.37,IN_TRANSIT,2026-04-10 23:00:00
R02454,Food,OWNER_097,Kochi,Kandla,Kochi,3014.81,5,47331.8,IN_TRANSIT,2026-04-11 00:00:00
R01595,Machinery,OWNER_010,Mumbai,Rotterdam,Mumbai,837.1,6,224218.87,IN_TRANSIT,2026-04-11 00:00:00
R01227,Chemicals,OWNER_016,Chennai,Colombo,Chennai,1432.63,3,25113.24,IN_TRANSIT,2026-04-11 00:00:00
R01996,Textiles,OWNER_037,Mumbai,Kandla,Mumbai,1104.81,2,82787.88,IN_TRANSIT,2026-04-11 01:00:00
R00411,Food,OWNER_022,Rotterdam,Mumbai,Rotterdam,7486.16,6,107803.5,IN_TRANSIT,2026-04-11 02:00:00
R02179,Chemicals,OWNER_100,Mumbai,Dubai,Mumbai,2995.47,2,71547.13,IN_TRANSIT,2026-04-11 04:00:00
R00015,Machinery,OWNER_079,Dubai,Kochi,Dubai,2715.23,3,105389.7,IN_TRANSIT,2026-04-11 06:00:00
R00287,Food,OWNER_030,Kochi,Kandla,Kochi,2338.07,2,40967.16,IN_TRANSIT,2026-04-11 06:00:00
R01798,Electronics,OWNER_012,Colombo,Kandla,Colombo,1857.61,7,65709.69,IN_TRANSIT,2026-04-11 06:00:00
R02840,Electronics,OWNER_065,Kochi,Rotterdam,Kochi,1171.31,2,115925.3,IN_TRANSIT,2026-04-11 08:00:00
R00690,Electronics,OWNER_055,Dubai,Mumbai,Dubai,1167.44,6,50047.89,IN_TRANSIT,2026-04-11 08:00:00
R02525,Chemicals,OWNER_037,Mumbai,Kandla,Mumbai,1921.37,6,100626.42,IN_TRANSIT,2026-04-11 09:00:00
R01676,Chemicals,OWNER_023,Mumbai,Rotterdam,Mumbai,1002.58,7,141281.94,IN_TRANSIT,2026-04-11 11:00:00
R00488,Food,OWNER_003,Kochi,Dubai,Kochi,1633.25,4,271653.67,IN_TRANSIT,2026-04-11 17:00:00
R02930,Chemicals,OWNER_013,Colombo,Dubai,Colombo,2038.68,1,136787.04,IN_TRANSIT,2026-04-11 17:00:00
R02466,Textiles,OWNER_077,Colombo,Rotterdam,Colombo,797.7,5,73206.31,IN_TRANSIT,2026-04-11 19:00:00
R02302,Electronics,OWNER_050,Colombo,Singapore,Colombo,2191.47,7,626247.72,IN_TRANSIT,2026-04-11 23:00:00
R01259,Chemicals,OWNER_003,Rotterdam,Dubai,Rotterdam,2690.62,7,50921.87,IN_TRANSIT,2026-04-12 00:00:00
R00802,Electronics,OWNER_091,Kandla,Dubai,Kandla,1715.19,4,49620.52,IN_TRANSIT,2026-04-12 02:00:00
R02274,Food,OWNER_086,Colombo,Dubai,Colombo,4001.98,3,99017.08,IN_TRANSIT,2026-04-12 04:00:00
R00129,Textiles,OWNER_011,Chennai,Kochi,Chennai,1341.78,3,94019.9,IN_TRANSIT,2026-04-12 04:00:00
R00566,Electronics,OWNER_008,Dubai,Singapore,Dubai,1812.91,6,89786.83,IN_TRANSIT,2026-04-12 06:00:00
R00235,Food,OWNER_076,Colombo,Chennai,Colombo,1677.27,4,124202.08,IN_TRANSIT,2026-04-12 06:00:00
R02103,Textiles,OWNER_057,Dubai,Singapore,Dubai,3868.21,2,159618.39,IN_TRANSIT,2026-04-12 07:00:00
R02516,Food,OWNER_052,Kochi,Colombo,Kochi,883.87,2,140267.2,IN_TRANSIT,2026-04-12 07:00:00
R00585,Food,OWNER_092,Singapore,Rotterdam,Singapore,995.74,1,171333.56,IN_TRANSIT,2026-04-12 08:00:00
R02106,Food,OWNER_048,Kandla,Singapore,Kandla,2025.41,4,56336.16,IN_TRANSIT,2026-04-12 08:00:00
R02766,Textiles,OWNER_006,Chennai,Rotterdam,Chennai,770.51,7,22756.77,IN_TRANSIT,2026-04-12 08:00:00
R00376,Textiles,OWNER_072,Kochi,Kandla,Kochi,3455.63,5,33025.71,IN_TRANSIT,2026-04-12 08:00:00
R00629,Machinery,OWNER_070,Mumbai,Colombo,Mumbai,5357.37,6,70807.92,IN_TRANSIT,2026-04-12 08:00:00
R00274,Electronics,OWNER_010,Rotterdam,Dubai,Rotterdam,1402.57,7,286267.55,IN_TRANSIT,2026-04-12 09:00:00
R00824,Food,OWNER_099,Mumbai,Chennai,Mumbai,3663.27,6,44641.37,IN_TRANSIT,2026-04-12 10:00:00
R02538,Machinery,OWNER_029,Singapore,Chennai,Singapore,4079.54,5,77842.79,IN_TRANSIT,2026-04-12 11:00:00
R02397,Textiles,OWNER_032,Kandla,Mumbai,Kandla,1765.23,4,21318.58,IN_TRANSIT,2026-04-12 13:00:00
R01127,Chemicals,OWNER_065,Colombo,Mumbai,Colombo,782.06,3,48287.29,IN_TRANSIT,2026-04-12 20:00:00
R00393,Machinery,OWNER_042,Dubai,Kandla,Dubai,3620.98,7,474623.01,IN_TRANSIT,2026-04-12 20:00:00
R01288,Electronics,OWNER_049,Kandla,Kochi,Kandla,5541.43,2,61305.22,IN_TRANSIT,2026-04-12 22:00:00
R02729,Machinery,OWNER_085,Singapore,Kochi,Singapore,2259.9,6,154392.77,IN_TRANSIT,2026-04-12 23:00:00
R00498,Machinery,OWNER_044,Colombo,Singapore,Colombo,1032.47,5,145185.61,IN_TRANSIT,2026-04-13 01:00:00
R00656,Chemicals,OWNER_008,Rotterdam,Kandla,Rotterdam,3302.57,2,59743.89,IN_TRANSIT,2026-04-13 04:00:00
R00258,Food,OWNER_073,Dubai,Kandla,Dubai,1168.24,4,238450.0,IN_TRANSIT,2026-04-13 06:00:00
R01009,Electronics,OWNER_030,Rotterdam,Kochi,Rotterdam,541.09,7,120493.91,IN_TRANSIT,2026-04-13 08:00:00
R00139,Textiles,OWNER_060,Chennai,Kochi,Chennai,539.75,4,153994.26,IN_TRANSIT,2026-04-13 10:00:00
R02934,Chemicals,OWNER_100,Mumbai,Colombo,Mumbai,1207.17,2,44243.44,IN_TRANSIT,2026-04-13 12:00:00
R01586,Chemicals,OWNER_014,Kochi,Chennai,Kochi,5248.46,2,278938.66,IN_TRANSIT,2026-04-13 18:00:00
R02826,Chemicals,OWNER_031,Chennai,Kandla,Chennai,3961.63,2,62716.87,IN_TRANSIT,2026-04-13 19:00:00
R01083,Electronics,OWNER_038,Kochi,Rotterdam,Kochi,3785.62,7,190867.81,IN_TRANSIT,2026-04-13 22:00:00
R01354,Electronics,OWNER_037,Mumbai,Singapore,Mumbai,1509.73,4,9433.92,IN_TRANSIT,2026-04-13 23:00:00
R01861,Machinery,OWNER_100,Kochi,Rotterdam,Kochi,5565.92,1,100133.02,IN_TRANSIT,2026-04-14 00:00:00
R02956,Textiles,OWNER_002,Mumbai,Colombo,Mumbai,431.97,2,60592.41,IN_TRANSIT,2026-04-14 01:00:00
R01099,Food,OWNER_009,Mumbai,Chennai,Mumbai,689.3,5,7919.35,IN_TRANSIT,2026-04-14 02:00:00
R01859,Machinery,OWNER_062,Chennai,Dubai,Chennai,2829.6,3,33179.24,IN_TRANSIT,2026-04-14 03:00:00
R00841,Machinery,OWNER_016,Mumbai,Rotterdam,Mumbai,1155.75,6,304014.53,IN_TRANSIT,2026-04-14 08:00:00
R02543,Textiles,OWNER_094,Kochi,Kandla,Kochi,2406.95,4,71118.97,IN_TRANSIT,2026-04-14 08:00:00
R01785,Food,OWNER_051,Rotterdam,Mumbai,Rotterdam,1969.69,5,48145.9,IN_TRANSIT,2026-04-14 10:00:00
R02486,Chemicals,OWNER_031,Chennai,Colombo,Chennai,690.72,2,62902.79,IN_TRANSIT,2026-04-14 12:00:00
R02291,Textiles,OWNER_094,Chennai,Kandla,Chennai,2684.39,5,67625.39,IN_TRANSIT,2026-04-14 12:00:00
R01175,Food,OWNER_079,Singapore,Rotterdam,Singapore,1551.99,6,73654.87,IN_TRANSIT,2026-04-14 13:00:00
R00922,Machinery,OWNER_069,Colombo,Kochi,Colombo,3095.53,6,20988.0,IN_TRANSIT,2026-04-14 14:00:00
R02481,Chemicals,OWNER_063,Dubai,Chennai,Dubai,1369.54,4,287191.01,IN_TRANSIT,2026-04-14 19:00:00
R01640,Textiles,OWNER_086,Colombo,Mumbai,Colombo,2584.68,1,66371.84,IN_TRANSIT,2026-04-14 20:00:00
R02875,Chemicals,OWNER_074,Rotterdam,Mumbai,Rotterdam,2167.22,6,90914.94,IN_TRANSIT,2026-04-14 20:00:00
R02257,Textiles,OWNER_005,Rotterdam,Kandla,Rotterdam,1347.58,7,47914.92,IN_TRANSIT,2026-04-14 20:00:00
R01796,Chemicals,OWNER_034,Rotterdam,Singapore,Rotterdam,477.29,6,139840.93,IN_TRANSIT,2026-04-14 21:00:00
R02115,Machinery,OWNER_099,Dubai,Kochi,Dubai,1031.6,1,32923.24,IN_TRANSIT,2026-04-14 22:00:00
R02682,Electronics,OWNER_071,Rotterdam,Singapore,Rotterdam,1356.14,1,69591.78,IN_TRANSIT,2026-04-14 23:00:00
R02612,Machinery,OWNER_048,Mumbai,Rotterdam,Mumbai,1300.2,6,45504.12,IN_TRANSIT,2026-04-15 00:00:00
R00670,Food,OWNER_089,Colombo,Rotterdam,Colombo,4013.87,6,121132.48,IN_TRANSIT,2026-04-15 01:00:00
R01981,Electronics,OWNER_034,Kochi,Singapore,Kochi,1362.61,3,66317.63,IN_TRANSIT,2026-04-15 01:00:00
R01655,Textiles,OWNER_050,Mumbai,Dubai,Mumbai,2517.14,7,13994.07,IN_TRANSIT,2026-04-15 02:00:00
R00774,Chemicals,OWNER_091,Rotterdam,Chennai,Rotterdam,3084.85,5,115963.57,IN_TRANSIT,2026-04-15 04:00:00
R01522,Machinery,OWNER_018,Dubai,Singapore,Dubai,2425.88,1,67645.27,IN_TRANSIT,2026-04-15 04:00:00
R00237,Chemicals,OWNER_001,Mumbai,Rotterdam,Mumbai,1224.35,7,97827.26,IN_TRANSIT,2026-04-15 05:00:00
R01143,Textiles,OWNER_041,Dubai,Colombo,Dubai,1097.66,2,9082.53,IN_TRANSIT,2026-04-15 05:00:00
R02119,Textiles,OWNER_043,Dubai,Chennai,Dubai,5433.79,3,63955.33,IN_TRANSIT,2026-04-15 06:00:00
R01448,Textiles,OWNER_028,Dubai,Kandla,Dubai,1365.36,7,382887.66,IN_TRANSIT,2026-04-15 07:00:00
R02256,Textiles,OWNER_092,Rotterdam,Kochi,Rotterdam,1201.12,6,33140.65,IN_TRANSIT,2026-04-15 09:00:00
R01172,Electronics,OWNER_033,Chennai,Kandla,Chennai,2012.33,6,59949.72,IN_TRANSIT,2026-04-15 10:00:00
R01863,Textiles,OWNER_022,Colombo,Chennai,Colombo,1727.53,6,34912.05,IN_TRANSIT,2026-04-15 11:00:00
R02298,Electronics,OWNER_040,Kochi,Kandla,Kochi,723.5,2,107828.03,IN_TRANSIT,2026-04-15 12:00:00
R00039,Machinery,OWNER_020,Colombo,Dubai,Colombo,1455.09,1,25308.25,IN_TRANSIT,2026-04-15 14:00:00
R01236,Textiles,OWNER_039,Rotterdam,Mumbai,Rotterdam,2635.84,7,21705.22,IN_TRANSIT,2026-04-15 15:00:00
R00483,Textiles,OWNER_051,Rotterdam,Kochi,Rotterdam,3310.14,6,275378.25,IN_TRANSIT,2026-04-15 18:00:00
R01800,Textiles,OWNER_067,Dubai,Rotterdam,Dubai,532.25,5,150446.69,IN_TRANSIT,2026-04-15 19:00:00
R02387,Electronics,OWNER_036,Chennai,Rotterdam,Chennai,1617.87,7,43240.18,IN_TRANSIT,2026-04-15 20:00:00
R02279,Machinery,OWNER_053,Kandla,Rotterdam,Kandla,1604.15,6,206234.99,IN_TRANSIT,2026-04-16 02:00:00
R02504,Electronics,OWNER_097,Mumbai,Colombo,Mumbai,1337.11,2,418496.43,IN_TRANSIT,2026-04-16 02:00:00
R02156,Machinery,OWNER_051,Colombo,Singapore,Colombo,3070.23,4,311317.74,IN_TRANSIT,2026-04-16 02:00:00
R02825,Textiles,OWNER_091,Rotterdam,Chennai,Rotterdam,1485.69,2,55515.63,IN_TRANSIT,2026-04-16 05:00:00
R00607,Chemicals,OWNER_060,Kandla,Chennai,Kandla,3632.29,5,32118.79,IN_TRANSIT,2026-04-16 07:00:00
R02041,Chemicals,OWNER_057,Kochi,Colombo,Kochi,2014.07,7,206545.74,IN_TRANSIT,2026-04-16 12:00:00
R00514,Electronics,OWNER_008,Rotterdam,Chennai,Rotterdam,1820.78,6,69901.83,IN_TRANSIT,2026-04-16 17:00:00
R02653,Electronics,OWNER_002,Mumbai,Dubai,Mumbai,3064.99,5,31096.89,IN_TRANSIT,2026-04-16 22:00:00
R00740,Food,OWNER_044,Kochi,Singapore,Kochi,3858.71,4,97663.23,IN_TRANSIT,2026-04-17 00:00:00
R00231,Machinery,OWNER_036,Colombo,Dubai,Colombo,1280.32,4,77218.11,IN_TRANSIT,2026-04-17 01:00:00
R00931,Textiles,OWNER_046,Kandla,Rotterdam,Kandla,1095.26,7,29753.07,IN_TRANSIT,2026-04-17 02:00:00
R00186,Machinery,OWNER_073,Kandla,Chennai,Kandla,3088.5,7,69743.11,IN_TRANSIT,2026-04-17 02:00:00
R00543,Machinery,OWNER_012,Kandla,Colombo,Kandla,4114.83,6,57830.84,IN_TRANSIT,2026-04-17 04:00:00
R00775,Machinery,OWNER_081,Chennai,Mumbai,Chennai,2173.59,2,14289.97,IN_TRANSIT,2026-04-17 04:00:00
R01021,Electronics,OWNER_037,Mumbai,Kochi,Mumbai,2810.06,7,38374.41,IN_TRANSIT,2026-04-17 08:00:00
R01116,Textiles,OWNER_098,Kandla,Singapore,Kandla,2329.42,3,57449.14,IN_TRANSIT,2026-04-17 10:00:00
R00995,Machinery,OWNER_011,Rotterdam,Colombo,Rotterdam,1170.77,1,248208.81,IN_TRANSIT,2026-04-17 11:00:00
R01708,Textiles,OWNER_004,Mumbai,Singapore,Mumbai,533.11,2,136143.01,IN_TRANSIT,2026-04-17 13:00:00
R01876,Machinery,OWNER_020,Singapore,Dubai,Singapore,2173.33,1,66723.34,IN_TRANSIT,2026-04-17 14:00:00
R02677,Textiles,OWNER_033,Kochi,Singapore,Kochi,1229.84,1,35478.88,IN_TRANSIT,2026-04-17 17:00:00
R01526,Electronics,OWNER_097,Mumbai,Rotterdam,Mumbai,1170.11,2,63995.22,IN_TRANSIT,2026-04-17 18:00:00
R00806,Electronics,OWNER_037,Rotterdam,Colombo,Rotterdam,436.52,5,158735.16,IN_TRANSIT,2026-04-17 20:00:00
R02491,Machinery,OWNER_003,Mumbai,Singapore,Mumbai,2646.03,4,31398.47,IN_TRANSIT,2026-04-17 20:00:00
R01133,Chemicals,OWNER_003,Mumbai,Chennai,Mumbai,1501.01,3,136679.25,IN_TRANSIT,2026-04-17 20:00:00
R01249,Food,OWNER_076,Mumbai,Kandla,Mumbai,1422.27,5,65174.42,IN_TRANSIT,2026-04-18 00:00:00
R02896,Machinery,OWNER_094,Kochi,Singapore,Kochi,2622.09,7,333858.72,IN_TRANSIT,2026-04-18 01:00:00
R01268,Electronics,OWNER_022,Rotterdam,Colombo,Rotterdam,6165.79,4,72112.12,IN_TRANSIT,2026-04-18 02:00:00
R02914,Machinery,OWNER_008,Singapore,Mumbai,Singapore,1891.72,6,64731.19,IN_TRANSIT,2026-04-18 03:00:00
R00795,Machinery,OWNER_092,Dubai,Kochi,Dubai,1820.12,3,90011.17,IN_TRANSIT,2026-04-18 04:00:00
R02778,Food,OWNER_028,Mumbai,Kandla,Mumbai,2065.18,4,15252.31,IN_TRANSIT,2026-04-18 04:00:00
R02818,Food,OWNER_027,Kandla,Colombo,Kandla,3229.12,1,231623.8,IN_TRANSIT,2026-04-18 05:00:00
R00906,Chemicals,OWNER_038,Rotterdam,Kochi,Rotterdam,1892.93,6,74653.76,IN_TRANSIT,2026-04-18 05:00:00
R02858,Chemicals,OWNER_006,Kandla,Singapore,Kandla,4214.54,3,103775.77,IN_TRANSIT,2026-04-18 05:00:00
R00149,Electronics,OWNER_024,Mumbai,Chennai,Mumbai,3522.03,6,37196.27,IN_TRANSIT,2026-04-18 05:00:00
R00043,Electronics,OWNER_094,Rotterdam,Mumbai,Rotterdam,1499.97,4,45589.58,IN_TRANSIT,2026-04-18 06:00:00
R01969,Textiles,OWNER_066,Dubai,Chennai,Dubai,2200.5,7,26149.98,IN_TRANSIT,2026-04-18 06:00:00
R00621,Textiles,OWNER_027,Kochi,Mumbai,Kochi,988.9,1,26226.33,IN_TRANSIT,2026-04-18 07:00:00
R01599,Textiles,OWNER_055,Chennai,Rotterdam,Chennai,1518.15,3,236997.09,IN_TRANSIT,2026-04-18 13:00:00
R01605,Chemicals,OWNER_078,Mumbai,Singapore,Mumbai,1996.93,3,223537.93,IN_TRANSIT,2026-04-18 17:00:00
R01001,Machinery,OWNER_060,Rotterdam,Singapore,Rotterdam,1276.95,5,217232.02,IN_TRANSIT,2026-04-18 17:00:00
R02601,Food,OWNER_086,Colombo,Mumbai,Colombo,6971.03,5,45832.17,IN_TRANSIT,2026-04-18 21:00:00
R01341,Chemicals,OWNER_093,Chennai,Kochi,Chennai,963.12,5,33770.74,IN_TRANSIT,2026-04-18 21:00:00
R02523,Electronics,OWNER_027,Kandla,Rotterdam,Kandla,1282.07,3,33277.03,IN_TRANSIT,2026-04-18 22:00:00
R01784,Chemicals,OWNER_025,Kandla,Chennai,Kandla,1337.0,6,144176.49,IN_TRANSIT,2026-04-18 23:00:00
R01970,Food,OWNER_079,Rotterdam,Colombo,Rotterdam,1835.19,6,38878.25,IN_TRANSIT,2026-04-19 00:00:00
R01675,Electronics,OWNER_005,Mumbai,Singapore,Mumbai,3579.91,2,152430.73,IN_TRANSIT,2026-04-19 03:00:00
R00571,Electronics,OWNER_070,Dubai,Mumbai,Dubai,3325.23,1,315201.53,IN_TRANSIT,2026-04-19 03:00:00
R00095,Food,OWNER_012,Chennai,Singapore,Chennai,263.24,4,507033.32,IN_TRANSIT,2026-04-19 03:00:00
R01685,Electronics,OWNER_063,Kochi,Mumbai,Kochi,2365.83,7,37902.14,IN_TRANSIT,2026-04-19 05:00:00
R00949,Textiles,OWNER_043,Singapore,Rotterdam,Singapore,1465.37,4,105776.12,IN_TRANSIT,2026-04-19 09:00:00
R00913,Machinery,OWNER_006,Singapore,Rotterdam,Singapore,972.8,6,48180.21,IN_TRANSIT,2026-04-19 11:00:00
R01979,Machinery,OWNER_041,Kochi,Rotterdam,Kochi,2647.05,2,111245.48,IN_TRANSIT,2026-04-19 12:00:00
R02206,Electronics,OWNER_051,Kochi,Mumbai,Kochi,1697.4,2,76915.33,IN_TRANSIT,2026-04-19 15:00:00
R02356,Textiles,OWNER_050,Mumbai,Dubai,Mumbai,1239.46,2,128388.36,IN_TRANSIT,2026-04-19 15:00:00
R00528,Electronics,OWNER_017,Mumbai,Rotterdam,Mumbai,2728.11,5,39076.6,IN_TRANSIT,2026-04-19 16:00:00
R00463,Textiles,OWNER_040,Chennai,Singapore,Chennai,1222.99,6,86939.15,IN_TRANSIT,2026-04-19 17:00:00
R00540,Food,OWNER_093,Kochi,Chennai,Kochi,3242.37,6,138770.3,IN_TRANSIT,2026-04-19 19:00:00
R02502,Electronics,OWNER_036,Chennai,Kochi,Chennai,3504.36,5,82111.25,IN_TRANSIT,2026-04-19 20:00:00
R00045,Chemicals,OWNER_087,Kandla,Singapore,Kandla,7609.69,3,36261.48,IN_TRANSIT,2026-04-20 01:00:00
R00077,Chemicals,OWNER_081,Chennai,Mumbai,Chennai,689.92,3,42505.49,IN_TRANSIT,2026-04-20 01:00:00
R02590,Food,OWNER_053,Singapore,Mumbai,Singapore,3249.78,2,74249.91,IN_TRANSIT,2026-04-20 02:00:00
R01566,Chemicals,OWNER_046,Mumbai,Colombo,Mumbai,1826.66,2,114556.82,IN_TRANSIT,2026-04-20 02:00:00
R02416,Textiles,OWNER_097,Kandla,Mumbai,Kandla,4485.51,6,31589.86,IN_TRANSIT,2026-04-20 02:00:00
R01483,Textiles,OWNER_024,Dubai,Rotterdam,Dubai,1094.06,6,22642.76,IN_TRANSIT,2026-04-20 06:00:00
R01101,Electronics,OWNER_098,Singapore,Mumbai,Singapore,558.19,1,61980.94,IN_TRANSIT,2026-04-20 06:00:00
R00243,Chemicals,OWNER_043,Singapore,Rotterdam,Singapore,297.17,1,28452.73,IN_TRANSIT,2026-04-20 07:00:00
R02278,Food,OWNER_078,Kochi,Singapore,Kochi,2041.03,6,113306.57,IN_TRANSIT,2026-04-20 08:00:00
R00955,Food,OWNER_034,Dubai,Kandla,Dubai,3500.32,4,130759.78,IN_TRANSIT,2026-04-20 12:00:00
R00937,Textiles,OWNER_069,Kandla,Singapore,Kandla,3995.71,2,70327.99,IN_TRANSIT,2026-04-20 12:00:00
R01924,Electronics,OWNER_035,Chennai,Dubai,Chennai,591.95,5,56323.66,IN_TRANSIT,2026-04-20 13:00:00
R00907,Food,OWNER_044,Dubai,Kandla,Dubai,3011.79,6,48513.83,IN_TRANSIT,2026-04-20 15:00:00
R02386,Machinery,OWNER_066,Colombo,Kandla,Colombo,1237.14,4,118936.54,IN_TRANSIT,2026-04-20 15:00:00
R02207,Electronics,OWNER_051,Kandla,Rotterdam,Kandla,1186.33,5,38062.78,IN_TRANSIT,2026-04-20 17:00:00
R02634,Machinery,OWNER_060,Rotterdam,Singapore,Rotterdam,5803.79,6,235308.06,IN_TRANSIT,2026-04-20 18:00:00
R00118,Food,OWNER_026,Mumbai,Dubai,Mumbai,376.79,2,265335.3,IN_TRANSIT,2026-04-20 21:00:00
R00225,Machinery,OWNER_021,Kandla,Rotterdam,Kandla,1602.19,1,8765.98,IN_TRANSIT,2026-04-20 21:00:00
R02131,Electronics,OWNER_052,Kandla,Dubai,Kandla,887.88,6,240440.25,IN_TRANSIT,2026-04-20 22:00:00
R02905,Textiles,OWNER_026,Kandla,Mumbai,Kandla,2434.83,1,202817.17,IN_TRANSIT,2026-04-21 00:00:00
R00818,Food,OWNER_086,Dubai,Kochi,Dubai,1746.64,4,19451.94,IN_TRANSIT,2026-04-21 01:00:00
R02573,Machinery,OWNER_021,Singapore,Colombo,Singapore,1269.4,3,221441.21,IN_TRANSIT,2026-04-21 01:00:00
R00538,Chemicals,OWNER_018,Singapore,Chennai,Singapore,2280.81,5,346513.91,IN_TRANSIT,2026-04-21 03:00:00
R02458,Machinery,OWNER_097,Mumbai,Kandla,Mumbai,12368.62,6,40476.5,IN_TRANSIT,2026-04-21 04:00:00
R02807,Machinery,OWNER_092,Rotterdam,Kandla,Rotterdam,4277.08,6,217535.69,IN_TRANSIT,2026-04-21 05:00:00
R00402,Electronics,OWNER_060,Colombo,Kochi,Colombo,1418.4,1,399079.02,IN_TRANSIT,2026-04-21 05:00:00
R02788,Textiles,OWNER_088,Kochi,Colombo,Kochi,1258.5,4,150888.2,IN_TRANSIT,2026-04-21 09:00:00
R00916,Textiles,OWNER_040,Kochi,Singapore,Kochi,1904.65,4,13359.62,IN_TRANSIT,2026-04-21 10:00:00
R02520,Chemicals,OWNER_057,Kandla,Chennai,Kandla,2784.56,7,169187.91,IN_TRANSIT,2026-04-21 10:00:00
R02512,Food,OWNER_044,Kochi,Mumbai,Kochi,1085.36,4,358246.74,IN_TRANSIT,2026-04-21 14:00:00
R00030,Chemicals,OWNER_098,Kandla,Dubai,Kandla,965.53,2,40938.21,IN_TRANSIT,2026-04-21 15:00:00
R01459,Textiles,OWNER_008,Singapore,Chennai,Singapore,2708.11,6,49824.16,IN_TRANSIT,2026-04-21 17:00:00
R00460,Textiles,OWNER_094,Kochi,Kandla,Kochi,3673.61,3,428700.02,IN_TRANSIT,2026-04-21 19:00:00
R00773,Food,OWNER_013,Kandla,Colombo,Kandla,2321.15,7,54498.24,IN_TRANSIT,2026-04-21 19:00:00
R02583,Textiles,OWNER_072,Mumbai,Kochi,Mumbai,5122.7,5,54110.36,IN_TRANSIT,2026-04-21 20:00:00
R00326,Food,OWNER_056,Singapore,Kandla,Singapore,909.46,5,31523.55,IN_TRANSIT,2026-04-22 03:00:00
R02823,Textiles,OWNER_076,Kochi,Chennai,Kochi,6150.66,6,123020.78,IN_TRANSIT,2026-04-22 06:00:00
R01233,Electronics,OWNER_026,Dubai,Kochi,Dubai,1133.07,2,52328.27,IN_TRANSIT,2026-04-22 07:00:00
R01794,Chemicals,OWNER_081,Chennai,Kochi,Chennai,3125.24,2,27224.4,IN_TRANSIT,2026-04-22 08:00:00
R00218,Textiles,OWNER_029,Kandla,Mumbai,Kandla,1711.02,3,20329.64,IN_TRANSIT,2026-04-22 10:00:00
R01998,Chemicals,OWNER_043,Kochi,Mumbai,Kochi,1395.43,3,88586.91,IN_TRANSIT,2026-04-22 11:00:00
R02435,Food,OWNER_044,Kochi,Colombo,Kochi,1946.93,4,57007.67,IN_TRANSIT,2026-04-22 12:00:00
R00126,Food,OWNER_003,Kochi,Chennai,Kochi,768.21,3,142720.91,IN_TRANSIT,2026-04-22 13:00:00
R00465,Textiles,OWNER_070,Singapore,Kandla,Singapore,5758.84,7,112961.34,IN_TRANSIT,2026-04-22 14:00:00
R01396,Textiles,OWNER_008,Chennai,Singapore,Chennai,1561.56,6,134069.05,IN_TRANSIT,2026-04-22 14:00:00
R02227,Chemicals,OWNER_045,Rotterdam,Dubai,Rotterdam,2163.77,4,76931.79,IN_TRANSIT,2026-04-22 15:00:00
R00594,Food,OWNER_073,Kochi,Mumbai,Kochi,7724.56,5,162993.76,IN_TRANSIT,2026-04-22 15:00:00
R01412,Machinery,OWNER_094,Colombo,Dubai,Colombo,1757.58,3,307698.51,IN_TRANSIT,2026-04-22 16:00:00
R02755,Chemicals,OWNER_089,Chennai,Dubai,Chennai,987.66,2,296215.68,IN_TRANSIT,2026-04-22 16:00:00
R01799,Food,OWNER_018,Mumbai,Kandla,Mumbai,1311.07,7,312201.44,IN_TRANSIT,2026-04-22 16:00:00
R02353,Chemicals,OWNER_010,Dubai,Rotterdam,Dubai,590.09,3,20970.63,IN_TRANSIT,2026-04-22 21:00:00
R01549,Electronics,OWNER_016,Kandla,Singapore,Kandla,3287.47,1,50196.95,IN_TRANSIT,2026-04-22 21:00:00
R02607,Electronics,OWNER_074,Dubai,Singapore,Dubai,2330.43,1,88725.31,IN_TRANSIT,2026-04-22 21:00:00
R02667,Food,OWNER_058,Dubai,Singapore,Dubai,1115.75,4,92179.08,IN_TRANSIT,2026-04-23 00:00:00
R02114,Textiles,OWNER_074,Rotterdam,Singapore,Rotterdam,2861.77,6,40920.98,IN_TRANSIT,2026-04-23 01:00:00
R00884,Chemicals,OWNER_072,Kochi,Rotterdam,Kochi,4014.79,6,37042.98,IN_TRANSIT,2026-04-23 02:00:00
R00835,Textiles,OWNER_085,Kochi,Mumbai,Kochi,910.0,4,65492.72,IN_TRANSIT,2026-04-23 02:00:00
R01925,Machinery,OWNER_030,Kandla,Chennai,Kandla,1196.09,1,166457.5,IN_TRANSIT,2026-04-23 03:00:00
R02220,Machinery,OWNER_100,Singapore,Chennai,Singapore,871.77,7,88229.45,IN_TRANSIT,2026-04-23 03:00:00
R00282,Chemicals,OWNER_048,Kochi,Mumbai,Kochi,1552.81,5,62899.45,IN_TRANSIT,2026-04-23 05:00:00
R02199,Chemicals,OWNER_040,Mumbai,Dubai,Mumbai,1697.65,4,55842.08,IN_TRANSIT,2026-04-23 06:00:00
R01658,Electronics,OWNER_062,Kochi,Dubai,Kochi,761.3,3,69118.15,IN_TRANSIT,2026-04-23 08:00:00
R01908,Machinery,OWNER_040,Colombo,Singapore,Colombo,3103.34,3,112687.23,IN_TRANSIT,2026-04-23 10:00:00
R02814,Textiles,OWNER_082,Kochi,Singapore,Kochi,2221.68,5,36624.97,IN_TRANSIT,2026-04-23 10:00:00
R01187,Electronics,OWNER_045,Kochi,Kandla,Kochi,1895.81,3,56850.62,IN_TRANSIT,2026-04-23 10:00:00
R01717,Machinery,OWNER_058,Colombo,Singapore,Colombo,2058.82,4,19766.39,IN_TRANSIT,2026-04-23 14:00:00
R00646,Food,OWNER_063,Dubai,Mumbai,Dubai,4270.08,3,121622.18,IN_TRANSIT,2026-04-23 15:00:00
R00894,Textiles,OWNER_094,Dubai,Rotterdam,Dubai,1121.93,2,14592.0,IN_TRANSIT,2026-04-23 16:00:00
R01260,Chemicals,OWNER_005,Chennai,Mumbai,Chennai,1403.0,7,96726.86,IN_TRANSIT,2026-04-23 17:00:00
R02850,Food,OWNER_066,Dubai,Chennai,Dubai,1470.45,4,187330.33,IN_TRANSIT,2026-04-23 18:00:00
R00897,Chemicals,OWNER_008,Singapore,Rotterdam,Singapore,1586.41,5,17861.45,IN_TRANSIT,2026-04-23 19:00:00
R02196,Textiles,OWNER_033,Mumbai,Colombo,Mumbai,1895.32,5,394143.54,IN_TRANSIT,2026-04-24 00:00:00
R02478,Food,OWNER_039,Kochi,Singapore,Kochi,3385.68,6,59767.91,IN_TRANSIT,2026-04-24 02:00:00
R02217,Electronics,OWNER_021,Kochi,Kandla,Kochi,733.6,2,39885.8,IN_TRANSIT,2026-04-24 02:00:00
R01534,Machinery,OWNER_002,Kandla,Rotterdam,Kandla,2681.91,2,36345.76,IN_TRANSIT,2026-04-24 03:00:00
R00892,Chemicals,OWNER_094,Colombo,Chennai,Colombo,2959.43,4,43462.93,IN_TRANSIT,2026-04-24 05:00:00
R02735,Electronics,OWNER_015,Kandla,Colombo,Kandla,1202.59,2,77371.77,IN_TRANSIT,2026-04-24 05:00:00
R01261,Electronics,OWNER_060,Colombo,Kandla,Colombo,2123.69,1,47471.14,IN_TRANSIT,2026-04-24 06:00:00
R01691,Machinery,OWNER_052,Kochi,Chennai,Kochi,1924.22,1,30757.18,IN_TRANSIT,2026-04-24 12:00:00
R02948,Food,OWNER_014,Kochi,Chennai,Kochi,1709.2,3,284734.25,IN_TRANSIT,2026-04-24 12:00:00
R01959,Electronics,OWNER_069,Kandla,Chennai,Kandla,3403.41,1,102792.97,IN_TRANSIT,2026-04-24 12:00:00
R00369,Textiles,OWNER_093,Dubai,Colombo,Dubai,7625.09,6,42928.78,IN_TRANSIT,2026-04-24 19:00:00
R00181,Machinery,OWNER_040,Kochi,Chennai,Kochi,2699.79,5,31784.37,IN_TRANSIT,2026-04-24 19:00:00
R02827,Textiles,OWNER_054,Dubai,Mumbai,Dubai,1286.1,1,33866.78,IN_TRANSIT,2026-04-24 23:00:00
R00249,Textiles,OWNER_043,Colombo,Rotterdam,Colombo,2387.66,3,47984.23,IN_TRANSIT,2026-04-25 03:00:00
R01814,Electronics,OWNER_032,Kochi,Colombo,Kochi,1358.24,5,25410.59,IN_TRANSIT,2026-04-25 03:00:00
R02413,Food,OWNER_003,Mumbai,Dubai,Mumbai,1567.31,5,36501.49,IN_TRANSIT,2026-04-25 04:00:00
R01496,Electronics,OWNER_015,Singapore,Kandla,Singapore,1391.89,3,193300.88,IN_TRANSIT,2026-04-25 06:00:00
R01095,Chemicals,OWNER_041,Mumbai,Rotterdam,Mumbai,1493.39,7,286613.42,IN_TRANSIT,2026-04-25 07:00:00
R00592,Food,OWNER_048,Rotterdam,Kochi,Rotterdam,2226.74,1,165496.65,IN_TRANSIT,2026-04-25 08:00:00
R00879,Textiles,OWNER_044,Chennai,Kochi,Chennai,713.96,4,44932.62,IN_TRANSIT,2026-04-25 08:00:00
R01067,Electronics,OWNER_063,Chennai,Rotterdam,Chennai,2644.77,6,177781.9,IN_TRANSIT,2026-04-25 09:00:00
R00132,Textiles,OWNER_078,Colombo,Kandla,Colombo,958.75,1,35296.54,IN_TRANSIT,2026-04-25 09:00:00
R01943,Electronics,OWNER_030,Rotterdam,Colombo,Rotterdam,838.69,4,82600.79,IN_TRANSIT,2026-04-25 10:00:00
R01698,Food,OWNER_043,Dubai,Chennai,Dubai,3196.03,4,47321.42,IN_TRANSIT,2026-04-25 12:00:00
R01893,Chemicals,OWNER_026,Rotterdam,Chennai,Rotterdam,741.39,2,40961.99,IN_TRANSIT,2026-04-25 13:00:00
R01519,Food,OWNER_030,Singapore,Mumbai,Singapore,940.85,3,101385.08,IN_TRANSIT,2026-04-25 15:00:00
R01559,Machinery,OWNER_011,Kandla,Mumbai,Kandla,3948.63,5,86817.48,IN_TRANSIT,2026-04-25 16:00:00
R01551,Electronics,OWNER_053,Singapore,Kochi,Singapore,2038.42,3,104692.11,IN_TRANSIT,2026-04-25 17:00:00
R01712,Textiles,OWNER_099,Colombo,Rotterdam,Colombo,8340.74,6,21367.07,IN_TRANSIT,2026-04-25 17:00:00
R01733,Chemicals,OWNER_050,Rotterdam,Mumbai,Rotterdam,2128.75,6,112635.02,IN_TRANSIT,2026-04-25 17:00:00
R02476,Machinery,OWNER_003,Rotterdam,Chennai,Rotterdam,948.16,2,17725.05,IN_TRANSIT,2026-04-25 18:00:00
R02489,Textiles,OWNER_025,Kandla,Singapore,Kandla,1964.21,2,60231.95,IN_TRANSIT,2026-04-25 18:00:00
R00694,Food,OWNER_052,Singapore,Kandla,Singapore,1354.68,2,134256.6,IN_TRANSIT,2026-04-25 18:00:00
R02761,Electronics,OWNER_029,Mumbai,Colombo,Mumbai,3361.92,6,9014.6,IN_TRANSIT,2026-04-25 21:00:00
R01713,Food,OWNER_075,Rotterdam,Colombo,Rotterdam,1763.06,7,62528.68,IN_TRANSIT,2026-04-25 21:00:00
R00593,Electronics,OWNER_063,Chennai,Rotterdam,Chennai,2857.48,1,164980.35,IN_TRANSIT,2026-04-25 23:00:00
R02127,Textiles,OWNER_001,Dubai,Mumbai,Dubai,1878.09,5,115928.55,IN_TRANSIT,2026-04-25 23:00:00
R01114,Food,OWNER_074,Kochi,Colombo,Kochi,774.89,4,119475.72,IN_TRANSIT,2026-04-26 00:00:00
R00457,Machinery,OWNER_070,Kochi,Singapore,Kochi,1507.12,1,36134.71,IN_TRANSIT,2026-04-26 01:00:00
R01777,Machinery,OWNER_022,Colombo,Chennai,Colombo,2208.93,7,86613.24,IN_TRANSIT,2026-04-26 02:00:00
R00542,Machinery,OWNER_047,Colombo,Singapore,Colombo,573.34,2,228045.76,IN_TRANSIT,2026-04-26 05:00:00
R02290,Food,OWNER_002,Rotterdam,Mumbai,Rotterdam,1399.04,3,78587.53,IN_TRANSIT,2026-04-26 05:00:00
R01037,Chemicals,OWNER_079,Dubai,Chennai,Dubai,2098.85,3,152827.35,IN_TRANSIT,2026-04-26 06:00:00
R01032,Electronics,OWNER_041,Kochi,Rotterdam,Kochi,2486.77,2,243212.81,IN_TRANSIT,2026-04-26 07:00:00
R00986,Food,OWNER_064,Chennai,Singapore,Chennai,3032.73,1,149327.73,IN_TRANSIT,2026-04-26 08:00:00
R02549,Machinery,OWNER_095,Singapore,Kandla,Singapore,946.15,1,93785.46,IN_TRANSIT,2026-04-26 08:00:00
R02060,Food,OWNER_063,Kochi,Chennai,Kochi,827.12,4,52025.08,IN_TRANSIT,2026-04-26 09:00:00
R00443,Textiles,OWNER_080,Dubai,Singapore,Dubai,1029.82,6,92280.35,IN_TRANSIT,2026-04-26 11:00:00
R02586,Electronics,OWNER_085,Colombo,Chennai,Colombo,922.05,1,50933.65,IN_TRANSIT,2026-04-26 12:00:00
R02920,Food,OWNER_076,Mumbai,Singapore,Mumbai,2541.58,7,38602.27,IN_TRANSIT,2026-04-26 13:00:00
R00453,Chemicals,OWNER_047,Mumbai,Singapore,Mumbai,1220.49,7,15783.53,IN_TRANSIT,2026-04-26 14:00:00
R00052,Machinery,OWNER_095,Rotterdam,Chennai,Rotterdam,1101.04,3,30033.56,IN_TRANSIT,2026-04-26 15:00:00
R00489,Chemicals,OWNER_098,Kandla,Chennai,Kandla,909.32,3,83283.96,IN_TRANSIT,2026-04-26 16:00:00
R02380,Electronics,OWNER_076,Mumbai,Chennai,Mumbai,957.12,1,76226.06,IN_TRANSIT,2026-04-26 16:00:00
R01758,Electronics,OWNER_044,Chennai,Dubai,Chennai,287.38,2,121481.79,IN_TRANSIT,2026-04-26 19:00:00
R00003,Machinery,OWNER_083,Chennai,Rotterdam,Chennai,2450.09,4,98223.49,IN_TRANSIT,2026-04-26 21:00:00
R00861,Textiles,OWNER_040,Dubai,Kochi,Dubai,1712.17,1,77373.3,IN_TRANSIT,2026-04-26 22:00:00
R02238,Food,OWNER_006,Kandla,Dubai,Kandla,1320.75,6,91777.32,IN_TRANSIT,2026-04-26 23:00:00
R00988,Electronics,OWNER_061,Kochi,Kandla,Kochi,4592.19,7,109465.64,IN_TRANSIT,2026-04-27 03:00:00
R01059,Food,OWNER_074,Mumbai,Kochi,Mumbai,1269.98,5,25125.4,IN_TRANSIT,2026-04-27 06:00:00
R02743,Textiles,OWNER_086,Dubai,Colombo,Dubai,1000.86,5,74351.33,IN_TRANSIT,2026-04-27 06:00:00
R00796,Electronics,OWNER_072,Kochi,Colombo,Kochi,2235.22,6,75380.51,IN_TRANSIT,2026-04-27 09:00:00
R00874,Textiles,OWNER_070,Kochi,Chennai,Kochi,1467.04,4,31378.44,IN_TRANSIT,2026-04-27 09:00:00
R02028,Electronics,OWNER_012,Kochi,Dubai,Kochi,1655.86,6,63280.41,IN_TRANSIT,2026-04-27 17:00:00
R01638,Textiles,OWNER_007,Chennai,Singapore,Chennai,1410.68,3,29242.55,IN_TRANSIT,2026-04-27 17:00:00
R02280,Food,OWNER_079,Dubai,Chennai,Dubai,718.2,7,15640.92,IN_TRANSIT,2026-04-27 18:00:00
R02475,Textiles,OWNER_016,Rotterdam,Kochi,Rotterdam,1454.82,7,31174.67,IN_TRANSIT,2026-04-27 18:00:00
R02125,Machinery,OWNER_023,Kochi,Kandla,Kochi,2311.56,7,319272.36,IN_TRANSIT,2026-04-27 19:00:00
R02414,Chemicals,OWNER_083,Mumbai,Kandla,Mumbai,1078.59,2,60287.62,IN_TRANSIT,2026-04-28 02:00:00
R02732,Electronics,OWNER_023,Kandla,Singapore,Kandla,1214.44,4,19549.15,IN_TRANSIT,2026-04-28 04:00:00
R02662,Textiles,OWNER_066,Chennai,Colombo,Chennai,821.51,7,100075.76,IN_TRANSIT,2026-04-28 04:00:00
R00365,Food,OWNER_011,Rotterdam,Kandla,Rotterdam,2082.3,4,108113.28,IN_TRANSIT,2026-04-28 05:00:00
R01841,Chemicals,OWNER_077,Mumbai,Colombo,Mumbai,1449.55,4,200350.23,IN_TRANSIT,2026-04-28 05:00:00
R00831,Textiles,OWNER_070,Rotterdam,Singapore,Rotterdam,687.29,7,25690.24,IN_TRANSIT,2026-04-28 07:00:00
R01285,Food,OWNER_040,Chennai,Colombo,Chennai,1975.48,3,349545.58,IN_TRANSIT,2026-04-28 08:00:00
R00163,Food,OWNER_050,Rotterdam,Mumbai,Rotterdam,506.19,2,61281.06,IN_TRANSIT,2026-04-28 10:00:00
R00685,Machinery,OWNER_065,Singapore,Mumbai,Singapore,2454.78,5,65012.91,IN_TRANSIT,2026-04-28 13:00:00
R00947,Electronics,OWNER_051,Colombo,Kochi,Colombo,1297.51,4,107352.3,IN_TRANSIT,2026-04-28 13:00:00
R01098,Textiles,OWNER_089,Dubai,Rotterdam,Dubai,872.17,1,134764.84,IN_TRANSIT,2026-04-28 16:00:00
R00484,Chemicals,OWNER_059,Mumbai,Dubai,Mumbai,2074.45,6,47022.44,IN_TRANSIT,2026-04-28 18:00:00
R01729,Textiles,OWNER_042,Mumbai,Singapore,Mumbai,803.99,6,48801.18,IN_TRANSIT,2026-04-28 19:00:00
R00948,Electronics,OWNER_039,Rotterdam,Mumbai,Rotterdam,983.59,2,73831.71,IN_TRANSIT,2026-04-28 22:00:00
R00893,Food,OWNER_070,Kochi,Colombo,Kochi,529.32,2,15400.51,IN_TRANSIT,2026-04-29 00:00:00
R00875,Machinery,OWNER_014,Chennai,Singapore,Chennai,1495.7,1,12178.61,IN_TRANSIT,2026-04-29 01:00:00
R02315,Chemicals,OWNER_084,Singapore,Dubai,Singapore,4515.03,7,288064.41,IN_TRANSIT,2026-04-29 05:00:00
R00888,Electronics,OWNER_073,Rotterdam,Colombo,Rotterdam,1791.27,2,159403.99,IN_TRANSIT,2026-04-29 10:00:00
R00981,Textiles,OWNER_043,Mumbai,Kochi,Mumbai,4350.93,2,33324.09,IN_TRANSIT,2026-04-29 10:00:00
R01231,Chemicals,OWNER_094,Rotterdam,Mumbai,Rotterdam,888.02,4,219679.77,IN_TRANSIT,2026-04-29 11:00:00
R01171,Machinery,OWNER_003,Kandla,Colombo,Kandla,9575.22,3,51620.57,IN_TRANSIT,2026-04-29 15:00:00
R01587,Machinery,OWNER_033,Singapore,Chennai,Singapore,832.52,6,195366.57,IN_TRANSIT,2026-04-29 16:00:00
R02715,Chemicals,OWNER_098,Kandla,Singapore,Kandla,4534.56,2,61907.27,IN_TRANSIT,2026-04-29 16:00:00
R02451,Textiles,OWNER_064,Kandla,Rotterdam,Kandla,1583.54,7,23970.82,IN_TRANSIT,2026-04-29 16:00:00
R02950,Textiles,OWNER_006,Rotterdam,Kandla,Rotterdam,438.79,7,98812.6,IN_TRANSIT,2026-04-29 18:00:00
R01271,Electronics,OWNER_020,Rotterdam,Chennai,Rotterdam,1989.16,1,174498.21,IN_TRANSIT,2026-04-29 19:00:00
R00730,Textiles,OWNER_035,Singapore,Colombo,Singapore,3436.98,2,14731.58,IN_TRANSIT,2026-04-29 22:00:00
R02359,Chemicals,OWNER_015,Dubai,Chennai,Dubai,2434.11,7,91358.99,IN_TRANSIT,2026-04-29 23:00:00
R01058,Machinery,OWNER_045,Mumbai,Colombo,Mumbai,1827.84,4,930885.53,IN_TRANSIT,2026-04-30 00:00:00
R02724,Chemicals,OWNER_004,Colombo,Rotterdam,Colombo,1713.96,2,60962.06,IN_TRANSIT,2026-04-30 00:00:00
R01626,Electronics,OWNER_080,Kochi,Chennai,Kochi,3973.34,5,184690.32,IN_TRANSIT,2026-04-30 01:00:00
R02837,Electronics,OWNER_093,Dubai,Kandla,Dubai,9792.46,2,65094.5,IN_TRANSIT,2026-04-30 01:00:00
R00890,Food,OWNER_027,Kandla,Colombo,Kandla,1761.91,2,84107.87,IN_TRANSIT,2026-04-30 03:00:00
R02565,Chemicals,OWNER_074,Rotterdam,Kochi,Rotterdam,2065.46,3,227128.45,IN_TRANSIT,2026-04-30 03:00:00
R01184,Textiles,OWNER_013,Dubai,Singapore,Dubai,3863.01,4,26537.9,IN_TRANSIT,2026-04-30 04:00:00
R01226,Machinery,OWNER_015,Dubai,Mumbai,Dubai,2518.13,5,59839.72,IN_TRANSIT,2026-04-30 04:00:00
R00271,Food,OWNER_068,Rotterdam,Kandla,Rotterdam,1128.9,5,105637.08,IN_TRANSIT,2026-04-30 06:00:00
R00041,Textiles,OWNER_096,Mumbai,Kochi,Mumbai,1635.28,7,61139.47,IN_TRANSIT,2026-04-30 07:00:00
R01845,Chemicals,OWNER_071,Chennai,Dubai,Chennai,2383.36,4,47914.5,IN_TRANSIT,2026-04-30 08:00:00
R02961,Textiles,OWNER_095,Mumbai,Colombo,Mumbai,2185.27,5,22220.63,IN_TRANSIT,2026-04-30 09:00:00
R00044,Electronics,OWNER_029,Colombo,Kochi,Colombo,1181.81,6,13123.62,IN_TRANSIT,2026-04-30 10:00:00
R02104,Electronics,OWNER_040,Singapore,Rotterdam,Singapore,1217.59,7,36306.6,IN_TRANSIT,2026-04-30 10:00:00
R02437,Electronics,OWNER_014,Chennai,Mumbai,Chennai,2791.04,3,150479.94,IN_TRANSIT,2026-04-30 10:00:00
R02398,Food,OWNER_019,Colombo,Kandla,Colombo,1001.56,7,30717.78,IN_TRANSIT,2026-04-30 11:00:00
R00984,Machinery,OWNER_007,Dubai,Rotterdam,Dubai,5208.8,1,368822.78,IN_TRANSIT,2026-04-30 11:00:00
R02652,Chemicals,OWNER_092,Chennai,Dubai,Chennai,2220.46,4,131709.95,IN_TRANSIT,2026-04-30 12:00:00
R01444,Chemicals,OWNER_100,Chennai,Mumbai,Chennai,2332.78,4,80135.91,IN_TRANSIT,2026-04-30 14:00:00
R02906,Chemicals,OWNER_017,Singapore,Dubai,Singapore,2538.8,4,35077.13,IN_TRANSIT,2026-04-30 14:00:00
R02366,Electronics,OWNER_076,Colombo,Kandla,Colombo,770.58,3,45660.15,IN_TRANSIT,2026-04-30 16:00:00
R00427,Chemicals,OWNER_069,Rotterdam,Mumbai,Rotterdam,1499.09,6,436921.58,IN_TRANSIT,2026-04-30 17:00:00
R00471,Electronics,OWNER_036,Dubai,Chennai,Dubai,1685.21,7,13793.84,IN_TRANSIT,2026-04-30 21:00:00
R00687,Food,OWNER_063,Chennai,Mumbai,Chennai,2843.15,2,151597.22,IN_TRANSIT,2026-04-30 21:00:00
R01516,Machinery,OWNER_073,Singapore,Mumbai,Singapore,780.16,6,31996.28,IN_TRANSIT,2026-04-30 22:00:00
R01914,Electronics,OWNER_050,Rotterdam,Colombo,Rotterdam,1073.95,3,36923.85,IN_TRANSIT,2026-05-01 01:00:00
R01165,Chemicals,OWNER_075,Kandla,Kochi,Kandla,535.6,1,79982.84,IN_TRANSIT,2026-05-01 02:00:00
R00714,Electronics,OWNER_006,Singapore,Chennai,Singapore,2606.75,3,74163.66,IN_TRANSIT,2026-05-01 04:00:00
R01828,Electronics,OWNER_029,Kandla,Mumbai,Kandla,1760.15,3,248192.98,IN_TRANSIT,2026-05-01 05:00:00
R02124,Electronics,OWNER_062,Mumbai,Rotterdam,Mumbai,1784.2,2,77695.2,IN_TRANSIT,2026-05-01 08:00:00
R02908,Chemicals,OWNER_047,Singapore,Colombo,Singapore,1529.98,1,35168.25,IN_TRANSIT,2026-05-01 09:00:00
R01890,Chemicals,OWNER_028,Chennai,Mumbai,Chennai,3067.58,3,164431.17,IN_TRANSIT,2026-05-01 09:00:00
R00731,Electronics,OWNER_055,Rotterdam,Kochi,Rotterdam,1054.93,5,213673.31,IN_TRANSIT,2026-05-01 10:00:00
R01515,Electronics,OWNER_044,Rotterdam,Singapore,Rotterdam,5483.27,1,46773.34,IN_TRANSIT,2026-05-01 10:00:00
R00698,Machinery,OWNER_015,Kochi,Chennai,Kochi,978.07,3,215635.57,IN_TRANSIT,2026-05-01 11:00:00
R01697,Textiles,OWNER_057,Dubai,Chennai,Dubai,5017.21,1,35887.44,IN_TRANSIT,2026-05-01 12:00:00
R02293,Machinery,OWNER_039,Dubai,Chennai,Dubai,867.08,1,55515.98,IN_TRANSIT,2026-05-01 14:00:00
R00669,Chemicals,OWNER_044,Kandla,Singapore,Kandla,1018.18,6,69487.6,IN_TRANSIT,2026-05-01 14:00:00
R01880,Electronics,OWNER_095,Rotterdam,Kandla,Rotterdam,1333.04,1,102235.39,IN_TRANSIT,2026-05-01 16:00:00
R02477,Food,OWNER_002,Colombo,Kochi,Colombo,1528.5,6,43274.58,IN_TRANSIT,2026-05-01 16:00:00
R01356,Food,OWNER_048,Kandla,Singapore,Kandla,1885.54,6,537787.22,IN_TRANSIT,2026-05-01 18:00:00
R01363,Food,OWNER_030,Kandla,Rotterdam,Kandla,4346.2,5,126689.38,IN_TRANSIT,2026-05-01 19:00:00
R02737,Food,OWNER_039,Chennai,Kochi,Chennai,834.1,7,84956.22,IN_TRANSIT,2026-05-01 19:00:00
R00938,Machinery,OWNER_027,Singapore,Mumbai,Singapore,1854.52,3,101959.92,IN_TRANSIT,2026-05-01 20:00:00
R02346,Machinery,OWNER_024,Colombo,Kochi,Colombo,1105.45,3,56158.94,IN_TRANSIT,2026-05-01 21:00:00
R02693,Machinery,OWNER_047,Rotterdam,Mumbai,Rotterdam,3213.79,4,100273.5,IN_TRANSIT,2026-05-01 22:00:00
R00240,Electronics,OWNER_044,Mumbai,Kandla,Mumbai,453.06,6,89869.36,IN_TRANSIT,2026-05-01 23:00:00
R00696,Food,OWNER_044,Rotterdam,Chennai,Rotterdam,754.81,1,102363.93,IN_TRANSIT,2026-05-01 23:00:00
R01567,Chemicals,OWNER_078,Colombo,Mumbai,Colombo,4800.77,2,19800.88,IN_TRANSIT,2026-05-02 00:00:00
R00029,Electronics,OWNER_029,Kandla,Mumbai,Kandla,2169.92,6,81163.39,IN_TRANSIT,2026-05-02 00:00:00
R02962,Machinery,OWNER_072,Singapore,Kandla,Singapore,8343.1,1,138858.07,IN_TRANSIT,2026-05-02 00:00:00
R00580,Electronics,OWNER_086,Singapore,Rotterdam,Singapore,1080.28,6,60960.2,IN_TRANSIT,2026-05-02 05:00:00
R02209,Machinery,OWNER_023,Colombo,Mumbai,Colombo,2000.77,6,24278.79,IN_TRANSIT,2026-05-02 07:00:00
R00660,Chemicals,OWNER_054,Rotterdam,Mumbai,Rotterdam,526.55,1,95962.56,IN_TRANSIT,2026-05-02 09:00:00
R01509,Chemicals,OWNER_012,Colombo,Singapore,Colombo,1850.09,6,46185.74,IN_TRANSIT,2026-05-02 10:00:00
R02613,Textiles,OWNER_086,Dubai,Colombo,Dubai,2220.99,2,34676.59,IN_TRANSIT,2026-05-02 10:00:00
R02664,Textiles,OWNER_091,Rotterdam,Kandla,Rotterdam,1969.01,6,32709.0,IN_TRANSIT,2026-05-02 12:00:00
R01727,Textiles,OWNER_015,Kochi,Dubai,Kochi,1097.63,4,58539.6,IN_TRANSIT,2026-05-02 12:00:00
R01576,Textiles,OWNER_011,Kochi,Colombo,Kochi,1356.92,1,252927.24,IN_TRANSIT,2026-05-02 13:00:00
R00768,Electronics,OWNER_085,Chennai,Mumbai,Chennai,760.85,1,25277.1,IN_TRANSIT,2026-05-02 15:00:00
R00860,Textiles,OWNER_054,Chennai,Colombo,Chennai,978.47,5,161702.82,IN_TRANSIT,2026-05-02 18:00:00
R01926,Food,OWNER_088,Colombo,Chennai,Colombo,1947.22,3,120167.03,IN_TRANSIT,2026-05-02 18:00:00
R01904,Chemicals,OWNER_020,Kandla,Singapore,Kandla,722.13,2,107659.19,IN_TRANSIT,2026-05-02 21:00:00
R00024,Electronics,OWNER_018,Dubai,Kochi,Dubai,1192.92,5,34847.59,IN_TRANSIT,2026-05-02 23:00:00
R01438,Machinery,OWNER_058,Singapore,Chennai,Singapore,9495.39,6,30857.21,IN_TRANSIT,2026-05-02 23:00:00
R01933,Electronics,OWNER_084,Dubai,Singapore,Dubai,2447.16,4,93721.45,IN_TRANSIT,2026-05-02 23:00:00
R01376,Electronics,OWNER_099,Kochi,Kandla,Kochi,3876.99,3,36708.11,IN_TRANSIT,2026-05-02 23:00:00
R02099,Electronics,OWNER_052,Kandla,Dubai,Kandla,692.51,6,29212.88,IN_TRANSIT,2026-05-03 00:00:00
R01754,Electronics,OWNER_066,Kandla,Kochi,Kandla,1941.42,4,18994.08,IN_TRANSIT,2026-05-03 01:00:00
R02468,Machinery,OWNER_062,Chennai,Colombo,Chennai,967.98,3,60410.67,IN_TRANSIT,2026-05-03 01:00:00
R00844,Electronics,OWNER_004,Mumbai,Rotterdam,Mumbai,2030.99,1,122237.65,IN_TRANSIT,2026-05-03 01:00:00
R00340,Food,OWNER_081,Rotterdam,Kochi,Rotterdam,1234.28,3,73775.97,IN_TRANSIT,2026-05-03 03:00:00
R00761,Textiles,OWNER_008,Chennai,Mumbai,Chennai,943.89,2,132916.64,IN_TRANSIT,2026-05-03 05:00:00
R00636,Electronics,OWNER_094,Rotterdam,Kandla,Rotterdam,1374.89,2,159991.23,IN_TRANSIT,2026-05-03 05:00:00
R02269,Food,OWNER_092,Kochi,Colombo,Kochi,1876.28,1,13486.97,IN_TRANSIT,2026-05-03 06:00:00
R00120,Electronics,OWNER_068,Colombo,Chennai,Colombo,684.46,3,127945.21,IN_TRANSIT,2026-05-03 06:00:00
R00866,Chemicals,OWNER_056,Kochi,Chennai,Kochi,1205.8,6,44483.98,IN_TRANSIT,2026-05-03 06:00:00
R00661,Textiles,OWNER_025,Rotterdam,Kochi,Rotterdam,2749.74,3,77867.2,IN_TRANSIT,2026-05-03 07:00:00
R00794,Food,OWNER_078,Dubai,Colombo,Dubai,1599.87,6,51292.72,IN_TRANSIT,2026-05-03 11:00:00
R00550,Chemicals,OWNER_079,Kochi,Kandla,Kochi,1705.6,2,251748.47,IN_TRANSIT,2026-05-03 12:00:00
R01312,Textiles,OWNER_027,Kandla,Rotterdam,Kandla,1267.24,7,95254.75,IN_TRANSIT,2026-05-03 13:00:00
R00206,Chemicals,OWNER_091,Singapore,Kandla,Singapore,4218.85,6,143225.58,IN_TRANSIT,2026-05-03 14:00:00
R00840,Electronics,OWNER_067,Kochi,Dubai,Kochi,4055.54,3,81578.84,IN_TRANSIT,2026-05-03 14:00:00
R02078,Textiles,OWNER_050,Rotterdam,Singapore,Rotterdam,3823.76,7,111892.58,IN_TRANSIT,2026-05-03 15:00:00
R01406,Machinery,OWNER_099,Colombo,Rotterdam,Colombo,3144.68,2,72716.25,IN_TRANSIT,2026-05-03 15:00:00
R00758,Textiles,OWNER_008,Rotterdam,Colombo,Rotterdam,375.37,6,203043.74,IN_TRANSIT,2026-05-03 19:00:00
R02867,Electronics,OWNER_078,Colombo,Kandla,Colombo,2521.03,1,189802.96,IN_TRANSIT,2026-05-03 20:00:00
R02771,Textiles,OWNER_090,Rotterdam,Mumbai,Rotterdam,2661.07,5,46637.32,IN_TRANSIT,2026-05-03 21:00:00
R02765,Machinery,OWNER_001,Colombo,Kochi,Colombo,1243.48,1,69285.52,IN_TRANSIT,2026-05-03 21:00:00
R02011,Machinery,OWNER_013,Chennai,Dubai,Chennai,1163.92,2,53910.71,IN_TRANSIT,2026-05-03 22:00:00
R02760,Textiles,OWNER_024,Colombo,Singapore,Colombo,1063.85,2,64220.64,IN_TRANSIT,2026-05-04 00:00:00
R00820,Machinery,OWNER_015,Mumbai,Kochi,Mumbai,2245.18,3,13009.05,IN_TRANSIT,2026-05-04 01:00:00
R02033,Textiles,OWNER_005,Colombo,Singapore,Colombo,1045.67,3,102179.84,IN_TRANSIT,2026-05-04 01:00:00
R00018,Food,OWNER_061,Chennai,Kochi,Chennai,705.83,3,25383.14,IN_TRANSIT,2026-05-04 01:00:00
R01375,Electronics,OWNER_073,Kandla,Rotterdam,Kandla,2949.26,4,12720.44,IN_TRANSIT,2026-05-04 06:00:00
R02070,Textiles,OWNER_081,Kandla,Dubai,Kandla,2970.93,1,159492.36,IN_TRANSIT,2026-05-04 07:00:00
R01048,Food,OWNER_074,Kandla,Colombo,Kandla,1601.97,4,43590.43,IN_TRANSIT,2026-05-04 07:00:00
R02444,Electronics,OWNER_065,Chennai,Colombo,Chennai,547.42,6,163717.2,IN_TRANSIT,2026-05-04 08:00:00
R00323,Food,OWNER_086,Singapore,Kandla,Singapore,1242.59,7,49345.51,IN_TRANSIT,2026-05-04 11:00:00
R02902,Electronics,OWNER_015,Kandla,Dubai,Kandla,2404.74,5,73048.31,IN_TRANSIT,2026-05-04 13:00:00
R00503,Food,OWNER_054,Rotterdam,Dubai,Rotterdam,1004.13,4,319018.54,IN_TRANSIT,2026-05-04 15:00:00
R01317,Electronics,OWNER_008,Singapore,Rotterdam,Singapore,2683.13,3,19601.74,IN_TRANSIT,2026-05-04 16:00:00
R00363,Electronics,OWNER_005,Rotterdam,Chennai,Rotterdam,2111.07,4,51825.28,IN_TRANSIT,2026-05-04 18:00:00
R02797,Electronics,OWNER_011,Kandla,Rotterdam,Kandla,3700.21,7,221625.25,IN_TRANSIT,2026-05-04 20:00:00
R02143,Machinery,OWNER_001,Chennai,Singapore,Chennai,1930.55,4,29715.58,IN_TRANSIT,2026-05-04 22:00:00
R02999,Machinery,OWNER_067,Kochi,Chennai,Kochi,1887.84,5,57528.6,IN_TRANSIT,2026-05-04 23:00:00
R01703,Textiles,OWNER_084,Kochi,Chennai,Kochi,722.11,6,23421.11,IN_TRANSIT,2026-05-04 23:00:00
R01886,Chemicals,OWNER_033,Singapore,Mumbai,Singapore,813.78,6,19774.19,IN_TRANSIT,2026-05-04 23:00:00
R01113,Electronics,OWNER_057,Rotterdam,Kandla,Rotterdam,677.02,2,64076.99,IN_TRANSIT,2026-05-05 01:00:00
R01976,Textiles,OWNER_053,Chennai,Rotterdam,Chennai,2944.53,6,318682.46,IN_TRANSIT,2026-05-05 05:00:00
R00623,Chemicals,OWNER_056,Rotterdam,Colombo,Rotterdam,1798.34,1,120592.16,IN_TRANSIT,2026-05-05 12:00:00
R01024,Chemicals,OWNER_097,Chennai,Kandla,Chennai,429.89,5,114897.28,IN_TRANSIT,2026-05-05 17:00:00
R00359,Food,OWNER_099,Kandla,Mumbai,Kandla,1412.63,4,40065.52,IN_TRANSIT,2026-05-05 17:00:00
R01934,Textiles,OWNER_012,Kochi,Kandla,Kochi,1528.11,4,92539.89,IN_TRANSIT,2026-05-05 19:00:00
R00350,Textiles,OWNER_018,Mumbai,Singapore,Mumbai,1238.88,1,21145.54,IN_TRANSIT,2026-05-06 01:00:00
R02730,Electronics,OWNER_050,Chennai,Kochi,Chennai,1815.31,6,48130.44,IN_TRANSIT,2026-05-06 03:00:00
R02036,Chemicals,OWNER_077,Dubai,Singapore,Dubai,1343.69,2,228445.99,IN_TRANSIT,2026-05-06 04:00:00
R01123,Textiles,OWNER_020,Rotterdam,Singapore,Rotterdam,966.65,3,25192.04,IN_TRANSIT,2026-05-06 05:00:00
R02047,Chemicals,OWNER_052,Rotterdam,Chennai,Rotterdam,4585.02,2,40846.68,IN_TRANSIT,2026-05-06 09:00:00
R02393,Electronics,OWNER_005,Kochi,Kandla,Kochi,1377.01,2,112369.11,IN_TRANSIT,2026-05-06 09:00:00
R00529,Machinery,OWNER_060,Kandla,Kochi,Kandla,2518.93,7,77008.55,IN_TRANSIT,2026-05-06 12:00:00
R02582,Electronics,OWNER_025,Dubai,Kandla,Dubai,921.17,6,46355.04,IN_TRANSIT,2026-05-06 13:00:00
R02577,Chemicals,OWNER_054,Dubai,Singapore,Dubai,2326.5,3,29163.89,IN_TRANSIT,2026-05-06 15:00:00
R02605,Chemicals,OWNER_038,Dubai,Chennai,Dubai,4639.57,2,51553.67,IN_TRANSIT,2026-05-06 16:00:00
R02740,Textiles,OWNER_093,Kochi,Rotterdam,Kochi,4677.44,2,40832.91,IN_TRANSIT,2026-05-06 21:00:00
R01340,Machinery,OWNER_016,Chennai,Mumbai,Chennai,2448.77,6,25592.35,IN_TRANSIT,2026-05-06 21:00:00
R02901,Textiles,OWNER_070,Chennai,Colombo,Chennai,6599.48,3,41503.24,IN_TRANSIT,2026-05-07 02:00:00
R00191,Food,OWNER_096,Colombo,Singapore,Colombo,438.28,6,72859.89,IN_TRANSIT,2026-05-07 06:00:00
R00089,Machinery,OWNER_065,Kandla,Singapore,Kandla,2039.5,5,55747.8,IN_TRANSIT,2026-05-07 08:00:00
R00823,Food,OWNER_100,Mumbai,Kandla,Mumbai,1206.9,1,46138.05,IN_TRANSIT,2026-05-07 16:00:00
R00901,Machinery,OWNER_036,Colombo,Kandla,Colombo,829.35,3,51254.18,IN_TRANSIT,2026-05-07 16:00:00
R00591,Machinery,OWNER_082,Singapore,Dubai,Singapore,3851.71,3,176945.32,IN_TRANSIT,2026-05-07 17:00:00
R01056,Chemicals,OWNER_088,Kochi,Mumbai,Kochi,236.1,2,99337.32,IN_TRANSIT,2026-05-07 17:00:00
R01671,Chemicals,OWNER_078,Mumbai,Kandla,Mumbai,4030.29,2,48531.29,IN_TRANSIT,2026-05-07 21:00:00
R00470,Food,OWNER_050,Singapore,Kandla,Singapore,1476.27,1,368247.95,IN_TRANSIT,2026-05-08 00:00:00
R01304,Electronics,OWNER_074,Kochi,Singapore,Kochi,3457.5,1,110775.02,IN_TRANSIT,2026-05-08 00:00:00
R02925,Food,OWNER_067,Kochi,Mumbai,Kochi,2029.18,6,77149.02,IN_TRANSIT,2026-05-08 05:00:00
R01930,Textiles,OWNER_009,Mumbai,Colombo,Mumbai,1129.27,6,129752.8,IN_TRANSIT,2026-05-08 05:00:00
R01723,Textiles,OWNER_009,Chennai,Kandla,Chennai,7409.96,7,128693.67,IN_TRANSIT,2026-05-08 08:00:00
R02595,Machinery,OWNER_011,Dubai,Kochi,Dubai,2563.02,3,41914.02,IN_TRANSIT,2026-05-08 08:00:00
R01118,Food,OWNER_079,Chennai,Dubai,Chennai,2995.2,5,69717.25,IN_TRANSIT,2026-05-08 09:00:00
R02327,Machinery,OWNER_083,Kochi,Rotterdam,Kochi,1625.93,1,63407.26,IN_TRANSIT,2026-05-08 09:00:00
R01423,Electronics,OWNER_006,Mumbai,Kandla,Mumbai,3350.22,6,187867.06,IN_TRANSIT,2026-05-08 12:00:00
R01533,Textiles,OWNER_021,Colombo,Kandla,Colombo,1184.45,7,62719.48,IN_TRANSIT,2026-05-08 13:00:00
R02965,Electronics,OWNER_047,Chennai,Kandla,Chennai,1189.87,7,72341.46,IN_TRANSIT,2026-05-08 14:00:00
R02270,Machinery,OWNER_016,Kochi,Chennai,Kochi,1430.32,7,320756.98,IN_TRANSIT,2026-05-08 17:00:00
R01313,Textiles,OWNER_076,Colombo,Chennai,Colombo,1618.17,3,197072.7,IN_TRANSIT,2026-05-08 18:00:00
R01775,Chemicals,OWNER_072,Chennai,Rotterdam,Chennai,5016.49,3,25294.79,IN_TRANSIT,2026-05-08 18:00:00
R02712,Electronics,OWNER_100,Colombo,Singapore,Colombo,4861.38,2,69055.7,IN_TRANSIT,2026-05-08 21:00:00
R02624,Chemicals,OWNER_016,Dubai,Rotterdam,Dubai,3086.93,1,76619.63,IN_TRANSIT,2026-05-09 00:00:00
R00864,Food,OWNER_036,Chennai,Colombo,Chennai,1352.92,1,114299.2,IN_TRANSIT,2026-05-09 00:00:00
R00137,Electronics,OWNER_016,Kochi,Rotterdam,Kochi,2582.93,3,91355.61,IN_TRANSIT,2026-05-09 01:00:00
R00741,Electronics,OWNER_073,Singapore,Mumbai,Singapore,2020.54,4,244501.25,IN_TRANSIT,2026-05-09 03:00:00
R00638,Machinery,OWNER_082,Rotterdam,Singapore,Rotterdam,979.41,2,60948.69,IN_TRANSIT,2026-05-09 05:00:00
R00945,Machinery,OWNER_063,Kandla,Kochi,Kandla,3032.01,3,116819.93,IN_TRANSIT,2026-05-09 05:00:00
R00321,Machinery,OWNER_045,Kochi,Singapore,Kochi,3276.42,2,62840.53,IN_TRANSIT,2026-05-09 07:00:00
R01289,Textiles,OWNER_077,Kochi,Singapore,Kochi,4623.11,6,497773.92,IN_TRANSIT,2026-05-09 07:00:00
R02704,Chemicals,OWNER_011,Singapore,Dubai,Singapore,645.27,3,297291.34,IN_TRANSIT,2026-05-09 09:00:00
R02261,Machinery,OWNER_002,Chennai,Mumbai,Chennai,1920.45,6,45381.93,IN_TRANSIT,2026-05-09 11:00:00
R00895,Textiles,OWNER_016,Mumbai,Kandla,Mumbai,2042.35,1,21399.7,IN_TRANSIT,2026-05-09 15:00:00
R01193,Machinery,OWNER_026,Mumbai,Kandla,Mumbai,1847.54,2,267677.8,IN_TRANSIT,2026-05-09 17:00:00
R01983,Machinery,OWNER_057,Kochi,Singapore,Kochi,1993.08,3,25599.1,IN_TRANSIT,2026-05-09 17:00:00
R01203,Food,OWNER_081,Colombo,Kandla,Colombo,7703.01,1,233082.38,IN_TRANSIT,2026-05-09 19:00:00
R02808,Textiles,OWNER_036,Dubai,Colombo,Dubai,1825.53,1,255876.93,IN_TRANSIT,2026-05-09 21:00:00
R01524,Food,OWNER_068,Chennai,Dubai,Chennai,944.54,3,100619.91,IN_TRANSIT,2026-05-09 21:00:00
R00452,Textiles,OWNER_085,Singapore,Kochi,Singapore,2570.19,1,37719.5,IN_TRANSIT,2026-05-09 22:00:00
R02820,Food,OWNER_074,Kochi,Rotterdam,Kochi,2926.15,7,194119.65,IN_TRANSIT,2026-05-10 00:00:00
R02459,Machinery,OWNER_031,Kandla,Singapore,Kandla,2102.52,4,61071.36,IN_TRANSIT,2026-05-10 00:00:00
R01901,Textiles,OWNER_016,Kandla,Dubai,Kandla,3081.82,2,59324.0,IN_TRANSIT,2026-05-10 01:00:00
R01971,Machinery,OWNER_037,Rotterdam,Dubai,Rotterdam,1157.72,5,26328.23,IN_TRANSIT,2026-05-10 02:00:00
R00002,Food,OWNER_052,Mumbai,Dubai,Mumbai,1038.49,1,147785.68,IN_TRANSIT,2026-05-10 03:00:00
R02795,Electronics,OWNER_031,Dubai,Colombo,Dubai,631.77,5,223770.49,IN_TRANSIT,2026-05-10 05:00:00
R00192,Chemicals,OWNER_052,Mumbai,Chennai,Mumbai,1306.05,3,107810.34,IN_TRANSIT,2026-05-10 05:00:00
R02365,Electronics,OWNER_037,Kochi,Colombo,Kochi,12930.23,3,213661.03,IN_TRANSIT,2026-05-10 05:00:00
R01819,Food,OWNER_072,Chennai,Kochi,Chennai,1600.15,7,72160.0,IN_TRANSIT,2026-05-10 06:00:00
R01415,Textiles,OWNER_075,Kandla,Chennai,Kandla,669.08,7,69374.98,IN_TRANSIT,2026-05-10 09:00:00
R01573,Machinery,OWNER_014,Chennai,Kandla,Chennai,1495.48,1,70979.14,IN_TRANSIT,2026-05-10 09:00:00
R02352,Electronics,OWNER_093,Rotterdam,Kandla,Rotterdam,1787.51,1,45906.53,IN_TRANSIT,2026-05-10 10:00:00
R01805,Textiles,OWNER_072,Kochi,Kandla,Kochi,3900.15,4,110970.62,IN_TRANSIT,2026-05-10 17:00:00
R02063,Electronics,OWNER_085,Mumbai,Chennai,Mumbai,2236.02,5,22324.12,IN_TRANSIT,2026-05-10 18:00:00
R02487,Machinery,OWNER_002,Chennai,Rotterdam,Chennai,930.46,4,174924.06,IN_TRANSIT,2026-05-10 20:00:00
R00971,Electronics,OWNER_022,Kandla,Rotterdam,Kandla,4726.38,2,26781.64,IN_TRANSIT,2026-05-10 21:00:00
R01209,Machinery,OWNER_056,Mumbai,Kochi,Mumbai,3824.73,3,22922.09,IN_TRANSIT,2026-05-10 22:00:00
R00672,Chemicals,OWNER_078,Chennai,Kochi,Chennai,753.75,6,21064.16,IN_TRANSIT,2026-05-11 00:00:00
R01320,Food,OWNER_033,Mumbai,Kandla,Mumbai,1258.05,3,1019765.53,IN_TRANSIT,2026-05-11 01:00:00
R01235,Electronics,OWNER_034,Rotterdam,Kochi,Rotterdam,1190.85,6,512888.1,IN_TRANSIT,2026-05-11 02:00:00
R00817,Chemicals,OWNER_069,Singapore,Mumbai,Singapore,941.5,7,83827.93,IN_TRANSIT,2026-05-11 08:00:00
R01741,Electronics,OWNER_015,Dubai,Kandla,Dubai,1560.09,7,28719.81,IN_TRANSIT,2026-05-11 08:00:00
R02470,Textiles,OWNER_033,Kandla,Rotterdam,Kandla,2981.66,3,78999.21,IN_TRANSIT,2026-05-11 08:00:00
R01579,Chemicals,OWNER_057,Singapore,Chennai,Singapore,2202.94,5,36485.1,IN_TRANSIT,2026-05-11 09:00:00
R00891,Chemicals,OWNER_064,Dubai,Kandla,Dubai,2637.02,3,50171.37,IN_TRANSIT,2026-05-11 09:00:00
R01932,Electronics,OWNER_002,Kandla,Rotterdam,Kandla,3544.69,4,213002.87,IN_TRANSIT,2026-05-11 11:00:00
R02763,Textiles,OWNER_061,Kandla,Mumbai,Kandla,1260.9,3,126911.52,IN_TRANSIT,2026-05-11 12:00:00
R00790,Chemicals,OWNER_023,Dubai,Chennai,Dubai,1547.39,1,54034.17,IN_TRANSIT,2026-05-11 14:00:00
R00821,Machinery,OWNER_029,Kandla,Chennai,Kandla,897.37,4,74269.97,IN_TRANSIT,2026-05-11 15:00:00
R01463,Textiles,OWNER_070,Dubai,Kochi,Dubai,1525.1,6,18898.63,IN_TRANSIT,2026-05-11 15:00:00
R00374,Chemicals,OWNER_017,Colombo,Rotterdam,Colombo,2610.64,4,9122.41,IN_TRANSIT,2026-05-11 16:00:00
R02239,Machinery,OWNER_053,Singapore,Rotterdam,Singapore,2891.97,7,100947.75,IN_TRANSIT,2026-05-11 17:00:00
R01740,Textiles,OWNER_034,Rotterdam,Dubai,Rotterdam,1578.18,5,129087.7,IN_TRANSIT,2026-05-11 19:00:00
R00575,Electronics,OWNER_087,Colombo,Mumbai,Colombo,2179.26,5,42898.81,IN_TRANSIT,2026-05-11 20:00:00
R01338,Electronics,OWNER_017,Chennai,Kandla,Chennai,2316.03,5,186539.38,IN_TRANSIT,2026-05-11 21:00:00
R00423,Chemicals,OWNER_029,Singapore,Mumbai,Singapore,3855.34,1,572640.82,IN_TRANSIT,2026-05-12 00:00:00
R01918,Electronics,OWNER_033,Dubai,Kochi,Dubai,6208.23,6,50970.92,IN_TRANSIT,2026-05-12 04:00:00
R02622,Machinery,OWNER_021,Kandla,Chennai,Kandla,1166.32,2,261202.8,IN_TRANSIT,2026-05-12 04:00:00
R02923,Food,OWNER_057,Singapore,Kandla,Singapore,1319.35,4,26518.99,IN_TRANSIT,2026-05-12 05:00:00
R01555,Food,OWNER_065,Rotterdam,Chennai,Rotterdam,613.26,5,68176.39,IN_TRANSIT,2026-05-12 06:00:00
R00829,Electronics,OWNER_021,Colombo,Kochi,Colombo,1468.27,1,35497.37,IN_TRANSIT,2026-05-12 08:00:00
R00674,Chemicals,OWNER_023,Rotterdam,Singapore,Rotterdam,4578.82,2,89801.38,IN_TRANSIT,2026-05-12 09:00:00
R01493,Chemicals,OWNER_035,Colombo,Chennai,Colombo,736.34,3,405041.74,IN_TRANSIT,2026-05-12 14:00:00
R01360,Chemicals,OWNER_062,Rotterdam,Kandla,Rotterdam,454.7,4,76550.21,IN_TRANSIT,2026-05-12 14:00:00
R02819,Machinery,OWNER_033,Dubai,Singapore,Dubai,2094.37,5,78300.25,IN_TRANSIT,2026-05-12 14:00:00
R00155,Machinery,OWNER_079,Mumbai,Dubai,Mumbai,4988.72,4,53968.44,IN_TRANSIT,2026-05-12 14:00:00
R02602,Machinery,OWNER_070,Kandla,Chennai,Kandla,980.82,3,23608.95,IN_TRANSIT,2026-05-12 16:00:00
R02111,Chemicals,OWNER_054,Kochi,Colombo,Kochi,2840.8,3,95605.05,IN_TRANSIT,2026-05-12 18:00:00
R00726,Food,OWNER_026,Chennai,Kochi,Chennai,2339.56,7,86415.27,IN_TRANSIT,2026-05-12 20:00:00
R01088,Electronics,OWNER_065,Colombo,Singapore,Colombo,3006.82,7,253432.23,IN_TRANSIT,2026-05-12 21:00:00
R00188,Food,OWNER_031,Mumbai,Chennai,Mumbai,810.27,1,231849.52,IN_TRANSIT,2026-05-12 22:00:00
R01111,Food,OWNER_081,Dubai,Rotterdam,Dubai,941.75,2,62894.96,IN_TRANSIT,2026-05-12 23:00:00
R02786,Machinery,OWNER_040,Colombo,Kochi,Colombo,1985.16,7,243958.96,IN_TRANSIT,2026-05-13 00:00:00
R00445,Chemicals,OWNER_083,Rotterdam,Chennai,Rotterdam,4367.28,7,44105.13,IN_TRANSIT,2026-05-13 02:00:00
R02069,Chemicals,OWNER_044,Colombo,Singapore,Colombo,937.67,2,76765.42,IN_TRANSIT,2026-05-13 04:00:00
R02368,Electronics,OWNER_047,Colombo,Rotterdam,Colombo,2132.81,4,43349.15,IN_TRANSIT,2026-05-13 06:00:00
R01263,Machinery,OWNER_040,Chennai,Colombo,Chennai,3873.34,4,9450.81,IN_TRANSIT,2026-05-13 06:00:00
R01232,Electronics,OWNER_065,Mumbai,Kandla,Mumbai,557.36,7,352742.96,IN_TRANSIT,2026-05-13 09:00:00
R02021,Textiles,OWNER_013,Chennai,Mumbai,Chennai,1553.87,7,23579.53,IN_TRANSIT,2026-05-13 09:00:00
R02769,Electronics,OWNER_010,Rotterdam,Colombo,Rotterdam,2293.35,7,179845.68,IN_TRANSIT,2026-05-13 10:00:00
R02636,Chemicals,OWNER_079,Chennai,Kochi,Chennai,4120.33,1,56466.82,IN_TRANSIT,2026-05-13 11:00:00
R01142,Chemicals,OWNER_028,Chennai,Singapore,Chennai,544.24,1,56911.88,IN_TRANSIT,2026-05-13 14:00:00
R02866,Chemicals,OWNER_089,Kochi,Singapore,Kochi,3990.79,1,68118.54,IN_TRANSIT,2026-05-13 14:00:00
R02129,Textiles,OWNER_049,Mumbai,Dubai,Mumbai,4093.81,5,49553.24,IN_TRANSIT,2026-05-13 15:00:00
R01701,Food,OWNER_053,Kochi,Dubai,Kochi,5838.65,1,58172.62,IN_TRANSIT,2026-05-13 15:00:00
R01762,Textiles,OWNER_051,Colombo,Kochi,Colombo,2747.18,7,480148.7,IN_TRANSIT,2026-05-13 15:00:00
R01344,Food,OWNER_076,Dubai,Singapore,Dubai,2698.27,5,324484.72,IN_TRANSIT,2026-05-13 17:00:00
R01045,Chemicals,OWNER_088,Chennai,Kochi,Chennai,2334.89,6,136175.91,IN_TRANSIT,2026-05-13 18:00:00
R02998,Chemicals,OWNER_032,Kandla,Rotterdam,Kandla,1342.84,5,103048.67,IN_TRANSIT,2026-05-13 18:00:00
R02641,Machinery,OWNER_056,Kochi,Dubai,Kochi,834.47,4,90352.21,IN_TRANSIT,2026-05-13 19:00:00
R01968,Food,OWNER_061,Chennai,Kochi,Chennai,3102.97,1,223598.72,IN_TRANSIT,2026-05-13 22:00:00
R02571,Electronics,OWNER_024,Kochi,Mumbai,Kochi,6238.28,4,112863.02,IN_TRANSIT,2026-05-13 23:00:00
R00983,Textiles,OWNER_097,Colombo,Chennai,Colombo,2131.77,2,21562.94,IN_TRANSIT,2026-05-13 23:00:00
R00485,Textiles,OWNER_024,Singapore,Kandla,Singapore,1063.25,2,78599.88,IN_TRANSIT,2026-05-14 01:00:00
R02919,Machinery,OWNER_047,Rotterdam,Kochi,Rotterdam,1172.17,7,87127.69,IN_TRANSIT,2026-05-14 02:00:00
R02706,Chemicals,OWNER_024,Rotterdam,Dubai,Rotterdam,5691.66,3,95261.49,IN_TRANSIT,2026-05-14 09:00:00
R01419,Food,OWNER_062,Colombo,Dubai,Colombo,1219.67,5,26211.78,IN_TRANSIT,2026-05-14 09:00:00
R00781,Textiles,OWNER_085,Mumbai,Kandla,Mumbai,3255.81,7,128504.38,IN_TRANSIT,2026-05-14 11:00:00
R00177,Textiles,OWNER_047,Mumbai,Colombo,Mumbai,2425.15,6,28855.53,IN_TRANSIT,2026-05-14 11:00:00
R00578,Food,OWNER_053,Dubai,Colombo,Dubai,1169.94,7,76226.59,IN_TRANSIT,2026-05-14 11:00:00
R02794,Electronics,OWNER_025,Kandla,Rotterdam,Kandla,2316.47,7,162638.84,IN_TRANSIT,2026-05-14 14:00:00
R02142,Food,OWNER_084,Colombo,Kandla,Colombo,883.79,2,27765.01,IN_TRANSIT,2026-05-14 16:00:00
R00166,Food,OWNER_041,Kochi,Colombo,Kochi,1386.51,4,75422.8,IN_TRANSIT,2026-05-14 17:00:00
R01497,Chemicals,OWNER_095,Dubai,Chennai,Dubai,2833.69,6,25892.53,IN_TRANSIT,2026-05-14 17:00:00
R00934,Electronics,OWNER_090,Rotterdam,Singapore,Rotterdam,1124.44,1,74977.46,IN_TRANSIT,2026-05-14 18:00:00
R00006,Food,OWNER_093,Singapore,Kochi,Singapore,1388.29,6,48543.03,IN_TRANSIT,2026-05-14 19:00:00
R01502,Textiles,OWNER_077,Kochi,Mumbai,Kochi,2130.56,4,152965.03,IN_TRANSIT,2026-05-14 20:00:00
R00712,Electronics,OWNER_087,Kandla,Chennai,Kandla,1386.71,7,100292.78,IN_TRANSIT,2026-05-14 20:00:00
R02539,Machinery,OWNER_072,Chennai,Dubai,Chennai,3606.51,6,44488.27,IN_TRANSIT,2026-05-14 21:00:00
R01850,Chemicals,OWNER_090,Colombo,Mumbai,Colombo,847.36,3,62420.05,IN_TRANSIT,2026-05-14 23:00:00
R02966,Chemicals,OWNER_018,Colombo,Kochi,Colombo,3116.8,2,31605.62,IN_TRANSIT,2026-05-14 23:00:00
R02876,Food,OWNER_075,Mumbai,Kandla,Mumbai,751.37,2,64938.51,IN_TRANSIT,2026-05-15 00:00:00
R01797,Textiles,OWNER_014,Kochi,Singapore,Kochi,4023.32,1,473921.4,IN_TRANSIT,2026-05-15 00:00:00
R01279,Textiles,OWNER_028,Colombo,Dubai,Colombo,1229.81,7,404553.62,IN_TRANSIT,2026-05-15 05:00:00
R01659,Food,OWNER_061,Rotterdam,Mumbai,Rotterdam,1879.0,4,14630.97,IN_TRANSIT,2026-05-15 06:00:00
R00184,Food,OWNER_028,Mumbai,Kandla,Mumbai,1485.19,7,49700.38,IN_TRANSIT,2026-05-15 08:00:00
R02890,Electronics,OWNER_093,Singapore,Kandla,Singapore,6145.67,6,54557.8,IN_TRANSIT,2026-05-15 09:00:00
R00035,Textiles,OWNER_027,Colombo,Mumbai,Colombo,815.74,7,273961.36,IN_TRANSIT,2026-05-15 10:00:00
R00762,Textiles,OWNER_050,Kandla,Singapore,Kandla,1573.4,2,33463.25,IN_TRANSIT,2026-05-15 10:00:00
R02259,Chemicals,OWNER_052,Singapore,Kochi,Singapore,1393.77,4,40067.52,IN_TRANSIT,2026-05-15 12:00:00
R00620,Electronics,OWNER_016,Rotterdam,Kochi,Rotterdam,931.94,4,83490.63,IN_TRANSIT,2026-05-15 13:00:00
R02174,Textiles,OWNER_062,Mumbai,Kochi,Mumbai,1085.41,4,68017.14,IN_TRANSIT,2026-05-15 14:00:00
R02534,Food,OWNER_054,Kandla,Singapore,Kandla,1137.2,7,93143.0,IN_TRANSIT,2026-05-15 18:00:00
R02542,Electronics,OWNER_006,Kochi,Kandla,Kochi,4072.53,1,191294.74,IN_TRANSIT,2026-05-15 19:00:00
R02350,Machinery,OWNER_084,Kandla,Chennai,Kandla,3793.39,5,162403.85,IN_TRANSIT,2026-05-15 20:00:00
R02343,Chemicals,OWNER_061,Rotterdam,Mumbai,Rotterdam,1539.56,3,54197.3,IN_TRANSIT,2026-05-15 21:00:00
R02067,Textiles,OWNER_003,Kandla,Mumbai,Kandla,3952.56,5,46696.62,IN_TRANSIT,2026-05-15 22:00:00
R00336,Chemicals,OWNER_001,Chennai,Dubai,Chennai,2476.47,7,59357.71,IN_TRANSIT,2026-05-16 03:00:00
R00759,Textiles,OWNER_020,Mumbai,Dubai,Mumbai,2599.4,4,113289.06,IN_TRANSIT,2026-05-16 04:00:00
R00213,Chemicals,OWNER_012,Singapore,Chennai,Singapore,2458.99,3,165253.34,IN_TRANSIT,2026-05-16 06:00:00
R02809,Machinery,OWNER_051,Colombo,Kandla,Colombo,2344.69,5,40960.77,IN_TRANSIT,2026-05-16 08:00:00
R00814,Machinery,OWNER_078,Mumbai,Chennai,Mumbai,1744.01,4,18805.45,IN_TRANSIT,2026-05-16 08:00:00
R02519,Chemicals,OWNER_016,Kochi,Chennai,Kochi,1119.45,5,73931.59,IN_TRANSIT,2026-05-16 08:00:00
R02584,Chemicals,OWNER_039,Kochi,Rotterdam,Kochi,4147.95,3,66377.09,IN_TRANSIT,2026-05-16 09:00:00
R01458,Electronics,OWNER_081,Mumbai,Kochi,Mumbai,853.94,2,22450.28,IN_TRANSIT,2026-05-16 11:00:00
R01999,Electronics,OWNER_066,Mumbai,Chennai,Mumbai,2535.82,5,170643.08,IN_TRANSIT,2026-05-16 12:00:00
R00161,Machinery,OWNER_089,Mumbai,Chennai,Mumbai,1151.96,4,24990.72,IN_TRANSIT,2026-05-16 15:00:00
R02751,Chemicals,OWNER_016,Mumbai,Dubai,Mumbai,3080.75,2,16844.42,IN_TRANSIT,2026-05-16 18:00:00
R01766,Machinery,OWNER_038,Kochi,Singapore,Kochi,328.96,5,80707.48,IN_TRANSIT,2026-05-17 02:00:00
R02224,Textiles,OWNER_086,Mumbai,Kochi,Mumbai,1253.54,3,115577.45,IN_TRANSIT,2026-05-17 03:00:00
R00595,Chemicals,OWNER_050,Rotterdam,Mumbai,Rotterdam,545.29,1,45543.22,IN_TRANSIT,2026-05-17 03:00:00
R00385,Machinery,OWNER_100,Rotterdam,Chennai,Rotterdam,2996.19,1,50292.89,IN_TRANSIT,2026-05-17 04:00:00
R02388,Machinery,OWNER_073,Kochi,Mumbai,Kochi,1238.07,4,50431.16,IN_TRANSIT,2026-05-17 04:00:00
R00673,Machinery,OWNER_094,Dubai,Kochi,Dubai,1513.08,4,228313.76,IN_TRANSIT,2026-05-17 05:00:00
R02912,Chemicals,OWNER_086,Rotterdam,Kochi,Rotterdam,802.74,6,103889.33,IN_TRANSIT,2026-05-17 08:00:00
R02563,Electronics,OWNER_097,Chennai,Mumbai,Chennai,3081.4,7,91695.06,IN_TRANSIT,2026-05-17 08:00:00
R00704,Food,OWNER_024,Chennai,Dubai,Chennai,3814.95,4,40716.7,IN_TRANSIT,2026-05-17 12:00:00
R00919,Chemicals,OWNER_035,Kochi,Dubai,Kochi,3438.85,1,51169.96,IN_TRANSIT,2026-05-17 14:00:00
R01039,Textiles,OWNER_076,Kochi,Dubai,Kochi,2458.35,3,85118.97,IN_TRANSIT,2026-05-17 17:00:00
R00574,Textiles,OWNER_082,Mumbai,Singapore,Mumbai,1065.89,4,88264.74,IN_TRANSIT,2026-05-17 17:00:00
R02510,Textiles,OWNER_039,Rotterdam,Kandla,Rotterdam,2118.4,5,15930.59,IN_TRANSIT,2026-05-17 18:00:00
R00477,Chemicals,OWNER_058,Singapore,Dubai,Singapore,2438.51,2,78133.53,IN_TRANSIT,2026-05-17 19:00:00
R01523,Food,OWNER_079,Kochi,Dubai,Kochi,1491.45,3,88040.31,IN_TRANSIT,2026-05-18 08:00:00
R01714,Chemicals,OWNER_061,Singapore,Chennai,Singapore,3704.79,3,63303.9,IN_TRANSIT,2026-05-18 09:00:00
R02167,Electronics,OWNER_046,Rotterdam,Kandla,Rotterdam,4834.79,2,60476.65,IN_TRANSIT,2026-05-18 11:00:00
R02219,Machinery,OWNER_100,Dubai,Chennai,Dubai,2288.13,3,66133.61,IN_TRANSIT,2026-05-18 12:00:00
R01602,Machinery,OWNER_017,Kandla,Kochi,Kandla,1700.38,7,60330.97,IN_TRANSIT,2026-05-18 12:00:00
R00413,Electronics,OWNER_020,Kochi,Rotterdam,Kochi,1482.92,2,38376.67,IN_TRANSIT,2026-05-18 13:00:00
R02656,Textiles,OWNER_056,Rotterdam,Kochi,Rotterdam,884.84,7,21624.55,IN_TRANSIT,2026-05-18 13:00:00
R00366,Chemicals,OWNER_001,Kandla,Chennai,Kandla,1534.81,3,38996.17,IN_TRANSIT,2026-05-18 15:00:00
R01615,Chemicals,OWNER_079,Mumbai,Kandla,Mumbai,1028.29,7,240809.93,IN_TRANSIT,2026-05-18 16:00:00
R00810,Textiles,OWNER_077,Rotterdam,Chennai,Rotterdam,1503.91,4,119229.03,IN_TRANSIT,2026-05-18 17:00:00
R02675,Chemicals,OWNER_085,Kochi,Chennai,Kochi,2603.16,3,61880.56,IN_TRANSIT,2026-05-18 18:00:00
R00288,Machinery,OWNER_006,Chennai,Dubai,Chennai,1201.78,6,40827.52,IN_TRANSIT,2026-05-18 19:00:00
R02181,Electronics,OWNER_063,Rotterdam,Colombo,Rotterdam,2072.98,1,124514.09,IN_TRANSIT,2026-05-19 00:00:00
R00387,Food,OWNER_081,Kochi,Chennai,Kochi,3184.45,1,17214.11,IN_TRANSIT,2026-05-19 00:00:00
R01002,Food,OWNER_014,Kandla,Dubai,Kandla,1528.17,4,27760.83,IN_TRANSIT,2026-05-19 01:00:00
R02399,Machinery,OWNER_053,Colombo,Rotterdam,Colombo,1446.12,2,63081.89,IN_TRANSIT,2026-05-19 02:00:00
R02530,Food,OWNER_009,Kandla,Rotterdam,Kandla,2352.11,2,69780.54,IN_TRANSIT,2026-05-19 02:00:00
R01598,Food,OWNER_018,Singapore,Chennai,Singapore,2501.28,7,56109.23,IN_TRANSIT,2026-05-19 04:00:00
R01454,Chemicals,OWNER_002,Dubai,Colombo,Dubai,929.13,5,54816.03,IN_TRANSIT,2026-05-19 08:00:00
R01824,Textiles,OWNER_018,Mumbai,Dubai,Mumbai,563.8,7,31762.22,IN_TRANSIT,2026-05-19 09:00:00
R02306,Electronics,OWNER_089,Kandla,Singapore,Kandla,2215.9,3,27953.88,IN_TRANSIT,2026-05-19 11:00:00
R02676,Machinery,OWNER_066,Rotterdam,Kochi,Rotterdam,2553.31,7,56255.11,IN_TRANSIT,2026-05-19 12:00:00
R00962,Machinery,OWNER_015,Chennai,Kandla,Chennai,1551.97,3,22567.53,IN_TRANSIT,2026-05-19 13:00:00
R01910,Machinery,OWNER_018,Dubai,Kochi,Dubai,1323.22,4,261370.89,IN_TRANSIT,2026-05-19 15:00:00
R00496,Machinery,OWNER_100,Colombo,Dubai,Colombo,4173.24,1,15870.06,IN_TRANSIT,2026-05-19 17:00:00
R01504,Machinery,OWNER_030,Singapore,Dubai,Singapore,1577.29,2,25951.07,IN_TRANSIT,2026-05-19 19:00:00
R02010,Textiles,OWNER_011,Mumbai,Colombo,Mumbai,995.4,3,59062.03,IN_TRANSIT,2026-05-19 19:00:00
R02842,Textiles,OWNER_056,Dubai,Kochi,Dubai,5112.51,2,117179.78,IN_TRANSIT,2026-05-19 20:00:00
R00912,Electronics,OWNER_054,Chennai,Kochi,Chennai,1406.99,6,42846.7,IN_TRANSIT,2026-05-19 20:00:00
R01218,Machinery,OWNER_012,Mumbai,Rotterdam,Mumbai,2008.93,5,101980.08,IN_TRANSIT,2026-05-19 22:00:00
R02770,Textiles,OWNER_090,Mumbai,Rotterdam,Mumbai,5981.93,6,41992.65,IN_TRANSIT,2026-05-19 22:00:00
R02438,Textiles,OWNER_036,Kochi,Chennai,Kochi,1752.49,6,42006.87,IN_TRANSIT,2026-05-20 05:00:00
R02745,Machinery,OWNER_001,Kochi,Colombo,Kochi,1790.98,5,87708.66,IN_TRANSIT,2026-05-20 05:00:00
R02023,Food,OWNER_032,Chennai,Singapore,Chennai,3775.85,3,261997.72,IN_TRANSIT,2026-05-20 06:00:00
R02633,Textiles,OWNER_092,Kochi,Rotterdam,Kochi,1613.51,1,31981.38,IN_TRANSIT,2026-05-20 08:00:00
R01034,Chemicals,OWNER_077,Mumbai,Rotterdam,Mumbai,3319.41,5,100158.85,IN_TRANSIT,2026-05-20 10:00:00
R02567,Electronics,OWNER_037,Dubai,Kandla,Dubai,3182.88,5,57470.22,IN_TRANSIT,2026-05-20 11:00:00
R01445,Electronics,OWNER_071,Kandla,Mumbai,Kandla,959.01,2,44201.96,IN_TRANSIT,2026-05-20 14:00:00
R02091,Machinery,OWNER_022,Chennai,Rotterdam,Chennai,560.89,6,86978.81,IN_TRANSIT,2026-05-20 17:00:00
R01683,Electronics,OWNER_010,Dubai,Kandla,Dubai,743.48,2,66565.48,IN_TRANSIT,2026-05-20 19:00:00
R00533,Electronics,OWNER_015,Chennai,Colombo,Chennai,1396.64,6,38023.26,IN_TRANSIT,2026-05-20 19:00:00
R00349,Machinery,OWNER_082,Chennai,Singapore,Chennai,2573.08,1,39083.52,IN_TRANSIT,2026-05-20 19:00:00
R01480,Textiles,OWNER_046,Colombo,Dubai,Colombo,1348.68,4,85409.61,IN_TRANSIT,2026-05-20 20:00:00
R01940,Machinery,OWNER_039,Kochi,Kandla,Kochi,1192.22,2,58553.69,IN_TRANSIT,2026-05-20 21:00:00
R01065,Textiles,OWNER_012,Kochi,Mumbai,Kochi,8667.27,4,45407.72,IN_TRANSIT,2026-05-20 21:00:00
R01284,Chemicals,OWNER_060,Singapore,Mumbai,Singapore,1704.24,7,37625.67,IN_TRANSIT,2026-05-20 21:00:00
R01069,Food,OWNER_087,Singapore,Colombo,Singapore,837.55,4,69930.03,IN_TRANSIT,2026-05-20 21:00:00
R00037,Textiles,OWNER_098,Chennai,Kandla,Chennai,1802.03,4,95803.99,IN_TRANSIT,2026-05-20 22:00:00
R02557,Textiles,OWNER_084,Chennai,Singapore,Chennai,1685.54,6,53709.76,IN_TRANSIT,2026-05-20 23:00:00
R01373,Electronics,OWNER_007,Mumbai,Rotterdam,Mumbai,2583.69,6,86279.91,IN_TRANSIT,2026-05-21 03:00:00
R02464,Textiles,OWNER_060,Mumbai,Chennai,Mumbai,5069.63,2,291375.35,IN_TRANSIT,2026-05-21 04:00:00
R00310,Textiles,OWNER_025,Kandla,Kochi,Kandla,632.84,6,161268.42,IN_TRANSIT,2026-05-21 09:00:00
R00468,Food,OWNER_087,Kandla,Dubai,Kandla,1027.13,1,36597.15,IN_TRANSIT,2026-05-21 10:00:00
R00788,Machinery,OWNER_044,Kochi,Colombo,Kochi,1075.38,2,96193.57,IN_TRANSIT,2026-05-21 11:00:00
R01966,Chemicals,OWNER_036,Colombo,Chennai,Colombo,2009.59,3,92009.1,IN_TRANSIT,2026-05-21 12:00:00
R01986,Textiles,OWNER_004,Mumbai,Singapore,Mumbai,802.93,7,276040.55,IN_TRANSIT,2026-05-21 13:00:00
R02009,Textiles,OWNER_093,Rotterdam,Chennai,Rotterdam,5052.72,4,28516.16,IN_TRANSIT,2026-05-21 14:00:00
R00322,Textiles,OWNER_043,Kochi,Rotterdam,Kochi,4723.5,2,109673.88,IN_TRANSIT,2026-05-21 15:00:00
R00073,Machinery,OWNER_012,Kochi,Rotterdam,Kochi,402.8,1,50140.24,IN_TRANSIT,2026-05-21 15:00:00
R01946,Food,OWNER_060,Colombo,Dubai,Colombo,4578.4,2,35873.59,IN_TRANSIT,2026-05-21 15:00:00
R01894,Chemicals,OWNER_033,Colombo,Rotterdam,Colombo,2626.52,3,99173.05,IN_TRANSIT,2026-05-21 16:00:00
R02926,Textiles,OWNER_032,Kochi,Singapore,Kochi,2082.44,4,25508.08,IN_TRANSIT,2026-05-21 17:00:00
R01092,Machinery,OWNER_047,Mumbai,Colombo,Mumbai,1974.41,3,289086.14,IN_TRANSIT,2026-05-21 19:00:00
R00551,Food,OWNER_062,Rotterdam,Dubai,Rotterdam,1352.08,2,260095.22,IN_TRANSIT,2026-05-21 21:00:00
R01897,Textiles,OWNER_017,Singapore,Mumbai,Singapore,1308.14,4,47771.42,IN_TRANSIT,2026-05-21 21:00:00
R02273,Chemicals,OWNER_037,Rotterdam,Colombo,Rotterdam,1971.95,6,27447.15,IN_TRANSIT,2026-05-21 22:00:00
R02409,Textiles,OWNER_062,Colombo,Singapore,Colombo,589.29,2,59589.82,IN_TRANSIT,2026-05-21 23:00:00
R02232,Textiles,OWNER_021,Colombo,Kandla,Colombo,1178.74,4,52383.19,IN_TRANSIT,2026-05-21 23:00:00
R02112,Textiles,OWNER_097,Dubai,Rotterdam,Dubai,4072.45,4,109764.26,IN_TRANSIT,2026-05-22 00:00:00
R02410,Food,OWNER_014,Dubai,Rotterdam,Dubai,1079.03,6,42530.99,IN_TRANSIT,2026-05-22 06:00:00
R01832,Chemicals,OWNER_030,Mumbai,Kandla,Mumbai,5972.39,1,330250.84,IN_TRANSIT,2026-05-22 06:00:00
R00598,Food,OWNER_044,Colombo,Singapore,Colombo,3264.8,3,29106.74,IN_TRANSIT,2026-05-22 11:00:00
R00617,Food,OWNER_006,Singapore,Kochi,Singapore,5414.9,2,22592.86,IN_TRANSIT,2026-05-22 14:00:00
R00239,Chemicals,OWNER_034,Kochi,Mumbai,Kochi,1780.94,7,141401.65,IN_TRANSIT,2026-05-22 14:00:00
R01635,Textiles,OWNER_084,Mumbai,Rotterdam,Mumbai,3702.67,4,10489.75,IN_TRANSIT,2026-05-22 14:00:00
R00502,Electronics,OWNER_010,Kochi,Chennai,Kochi,4181.62,5,18257.13,IN_TRANSIT,2026-05-22 16:00:00
R01319,Food,OWNER_013,Mumbai,Rotterdam,Mumbai,1990.56,2,52122.1,IN_TRANSIT,2026-05-22 16:00:00
R00530,Machinery,OWNER_074,Kochi,Rotterdam,Kochi,899.78,3,16058.01,IN_TRANSIT,2026-05-22 16:00:00
R01624,Textiles,OWNER_005,Rotterdam,Colombo,Rotterdam,2383.48,3,271638.18,IN_TRANSIT,2026-05-22 17:00:00
R00276,Machinery,OWNER_081,Colombo,Singapore,Colombo,2030.79,2,44665.9,IN_TRANSIT,2026-05-22 18:00:00
R01229,Food,OWNER_017,Singapore,Kochi,Singapore,1250.69,1,45500.33,IN_TRANSIT,2026-05-22 20:00:00
R00582,Chemicals,OWNER_099,Chennai,Dubai,Chennai,2373.27,5,65695.01,IN_TRANSIT,2026-05-22 21:00:00
R00020,Machinery,OWNER_074,Colombo,Kandla,Colombo,975.05,2,55757.85,IN_TRANSIT,2026-05-23 00:00:00
R00625,Textiles,OWNER_001,Kochi,Chennai,Kochi,2385.06,6,48996.57,IN_TRANSIT,2026-05-23 02:00:00
R01753,Machinery,OWNER_062,Singapore,Rotterdam,Singapore,969.76,4,28712.46,IN_TRANSIT,2026-05-23 03:00:00
R01413,Machinery,OWNER_015,Singapore,Chennai,Singapore,1436.34,5,25190.99,IN_TRANSIT,2026-05-23 05:00:00
R01351,Textiles,OWNER_027,Rotterdam,Kandla,Rotterdam,1756.2,4,94764.65,IN_TRANSIT,2026-05-23 06:00:00
R00809,Food,OWNER_025,Colombo,Dubai,Colombo,6400.27,5,106921.81,IN_TRANSIT,2026-05-23 06:00:00
R01853,Machinery,OWNER_023,Chennai,Kandla,Chennai,1111.97,2,31557.22,IN_TRANSIT,2026-05-23 06:00:00
R01169,Textiles,OWNER_043,Mumbai,Rotterdam,Mumbai,5679.32,3,69593.48,IN_TRANSIT,2026-05-23 06:00:00
R00246,Food,OWNER_014,Mumbai,Chennai,Mumbai,3390.91,1,92442.96,IN_TRANSIT,2026-05-23 06:00:00
R01484,Chemicals,OWNER_095,Mumbai,Dubai,Mumbai,2695.68,3,155742.8,IN_TRANSIT,2026-05-23 07:00:00
R00827,Chemicals,OWNER_085,Singapore,Dubai,Singapore,2959.59,5,86903.97,IN_TRANSIT,2026-05-23 07:00:00
R00663,Food,OWNER_088,Mumbai,Kandla,Mumbai,4340.57,7,104664.34,IN_TRANSIT,2026-05-23 07:00:00
R01410,Electronics,OWNER_087,Rotterdam,Kandla,Rotterdam,1052.87,5,73394.48,IN_TRANSIT,2026-05-23 08:00:00
R02783,Chemicals,OWNER_067,Colombo,Mumbai,Colombo,3526.6,6,31762.62,IN_TRANSIT,2026-05-23 10:00:00
R02708,Electronics,OWNER_018,Kandla,Colombo,Kandla,1064.01,3,63623.62,IN_TRANSIT,2026-05-23 11:00:00
R02739,Chemicals,OWNER_061,Chennai,Colombo,Chennai,4095.66,4,46553.29,IN_TRANSIT,2026-05-23 11:00:00
R01053,Textiles,OWNER_068,Kandla,Singapore,Kandla,2774.68,6,89230.47,IN_TRANSIT,2026-05-23 12:00:00
R02917,Food,OWNER_008,Colombo,Rotterdam,Colombo,2529.15,2,177602.17,IN_TRANSIT,2026-05-23 13:00:00
R01530,Electronics,OWNER_016,Colombo,Kochi,Colombo,10827.29,2,119528.3,IN_TRANSIT,2026-05-23 15:00:00
R01580,Machinery,OWNER_052,Singapore,Mumbai,Singapore,1095.47,6,49668.66,IN_TRANSIT,2026-05-23 15:00:00
R00058,Chemicals,OWNER_068,Chennai,Kandla,Chennai,5574.75,7,187574.15,IN_TRANSIT,2026-05-23 16:00:00
R00285,Electronics,OWNER_085,Chennai,Singapore,Chennai,987.65,5,59354.32,IN_TRANSIT,2026-05-23 17:00:00
R02177,Electronics,OWNER_033,Dubai,Chennai,Dubai,1339.39,4,18377.7,IN_TRANSIT,2026-05-23 23:00:00
R00307,Machinery,OWNER_097,Chennai,Dubai,Chennai,2947.37,6,493639.83,IN_TRANSIT,2026-05-24 03:00:00
R01432,Electronics,OWNER_026,Colombo,Kandla,Colombo,1560.17,5,144841.37,IN_TRANSIT,2026-05-24 04:00:00
R02182,Textiles,OWNER_061,Mumbai,Rotterdam,Mumbai,2231.1,3,703185.03,IN_TRANSIT,2026-05-24 05:00:00
R00747,Food,OWNER_040,Rotterdam,Dubai,Rotterdam,1251.35,6,76788.63,IN_TRANSIT,2026-05-24 05:00:00
R02529,Machinery,OWNER_042,Dubai,Rotterdam,Dubai,1852.18,5,190800.41,IN_TRANSIT,2026-05-24 07:00:00
R01019,Food,OWNER_079,Kochi,Chennai,Kochi,1822.63,2,207632.31,IN_TRANSIT,2026-05-24 10:00:00
R01293,Electronics,OWNER_094,Singapore,Chennai,Singapore,1175.06,3,47942.26,IN_TRANSIT,2026-05-24 15:00:00
R00306,Textiles,OWNER_078,Kandla,Rotterdam,Kandla,1407.18,6,60526.88,IN_TRANSIT,2026-05-24 16:00:00
R02782,Textiles,OWNER_010,Kochi,Rotterdam,Kochi,1037.37,7,91469.96,IN_TRANSIT,2026-05-24 16:00:00
R00745,Machinery,OWNER_091,Dubai,Kochi,Dubai,7549.61,6,42001.07,IN_TRANSIT,2026-05-24 17:00:00
R00389,Chemicals,OWNER_061,Singapore,Colombo,Singapore,915.31,3,86604.68,IN_TRANSIT,2026-05-24 20:00:00
R02422,Food,OWNER_013,Singapore,Chennai,Singapore,2039.94,7,35325.12,IN_TRANSIT,2026-05-24 22:00:00
R02406,Machinery,OWNER_069,Rotterdam,Colombo,Rotterdam,1060.91,2,115194.76,IN_TRANSIT,2026-05-24 23:00:00
R02140,Textiles,OWNER_041,Kochi,Colombo,Kochi,584.75,4,38792.3,IN_TRANSIT,2026-05-24 23:00:00
R02400,Machinery,OWNER_034,Rotterdam,Chennai,Rotterdam,2028.48,2,54272.42,IN_TRANSIT,2026-05-24 23:00:00
R00767,Textiles,OWNER_035,Colombo,Chennai,Colombo,1158.17,2,97631.78,IN_TRANSIT,2026-05-25 00:00:00
R02521,Chemicals,OWNER_082,Chennai,Mumbai,Chennai,2038.27,3,49434.53,IN_TRANSIT,2026-05-25 03:00:00
R02811,Electronics,OWNER_063,Mumbai,Chennai,Mumbai,768.38,4,77157.45,IN_TRANSIT,2026-05-25 04:00:00
R01743,Textiles,OWNER_017,Mumbai,Colombo,Mumbai,956.87,1,39089.65,IN_TRANSIT,2026-05-25 04:00:00
R01076,Machinery,OWNER_009,Mumbai,Chennai,Mumbai,1409.9,1,25249.48,IN_TRANSIT,2026-05-25 05:00:00
R02076,Chemicals,OWNER_023,Kochi,Colombo,Kochi,739.57,3,76881.97,IN_TRANSIT,2026-05-25 06:00:00
R00207,Electronics,OWNER_050,Chennai,Dubai,Chennai,1546.45,2,77900.76,IN_TRANSIT,2026-05-25 06:00:00
R02208,Chemicals,OWNER_036,Chennai,Kandla,Chennai,2611.75,5,22242.68,IN_TRANSIT,2026-05-25 07:00:00
R02972,Machinery,OWNER_088,Dubai,Chennai,Dubai,4527.59,6,209366.02,IN_TRANSIT,2026-05-25 07:00:00
R02829,Textiles,OWNER_013,Mumbai,Kochi,Mumbai,2327.03,7,28654.25,IN_TRANSIT,2026-05-25 07:00:00
R00232,Chemicals,OWNER_074,Kochi,Rotterdam,Kochi,656.16,3,158552.24,IN_TRANSIT,2026-05-25 08:00:00
R00449,Machinery,OWNER_012,Dubai,Colombo,Dubai,608.27,7,91229.31,IN_TRANSIT,2026-05-25 11:00:00
R02173,Machinery,OWNER_093,Kandla,Mumbai,Kandla,1268.24,5,43255.07,IN_TRANSIT,2026-05-25 17:00:00
R00853,Textiles,OWNER_026,Dubai,Kandla,Dubai,6595.49,6,42924.04,IN_TRANSIT,2026-05-25 18:00:00
R00009,Chemicals,OWNER_039,Colombo,Dubai,Colombo,2084.22,2,87454.72,IN_TRANSIT,2026-05-25 20:00:00
R01490,Food,OWNER_061,Chennai,Mumbai,Chennai,4861.07,6,220561.15,IN_TRANSIT,2026-05-25 20:00:00
R00010,Electronics,OWNER_080,Colombo,Singapore,Colombo,2725.31,6,22794.52,IN_TRANSIT,2026-05-25 21:00:00
R02508,Textiles,OWNER_048,Kochi,Dubai,Kochi,522.77,4,23221.88,IN_TRANSIT,2026-05-26 06:00:00
R02851,Food,OWNER_083,Colombo,Dubai,Colombo,2316.27,4,39839.52,IN_TRANSIT,2026-05-26 07:00:00
R02572,Electronics,OWNER_081,Mumbai,Colombo,Mumbai,981.18,4,45032.63,IN_TRANSIT,2026-05-26 11:00:00
R02249,Food,OWNER_036,Chennai,Singapore,Chennai,1800.69,7,31503.46,IN_TRANSIT,2026-05-26 11:00:00
R00346,Food,OWNER_015,Rotterdam,Kochi,Rotterdam,831.86,6,31207.75,IN_TRANSIT,2026-05-26 11:00:00
R02680,Textiles,OWNER_044,Singapore,Rotterdam,Singapore,652.04,6,505021.83,IN_TRANSIT,2026-05-26 12:00:00
R02938,Machinery,OWNER_031,Kochi,Dubai,Kochi,1097.11,4,73504.69,IN_TRANSIT,2026-05-26 16:00:00
R00987,Electronics,OWNER_080,Mumbai,Kandla,Mumbai,2059.68,7,14550.85,IN_TRANSIT,2026-05-26 18:00:00
R01258,Machinery,OWNER_074,Kochi,Singapore,Kochi,653.54,6,246738.64,IN_TRANSIT,2026-05-26 19:00:00
R02640,Electronics,OWNER_084,Dubai,Singapore,Dubai,814.5,6,48409.18,IN_TRANSIT,2026-05-26 22:00:00
R01892,Textiles,OWNER_088,Mumbai,Colombo,Mumbai,1748.7,5,186160.9,IN_TRANSIT,2026-05-27 00:00:00
R01645,Chemicals,OWNER_039,Rotterdam,Kochi,Rotterdam,1032.01,1,21561.05,IN_TRANSIT,2026-05-27 00:00:00
R02160,Food,OWNER_073,Chennai,Kandla,Chennai,2750.09,2,179879.56,IN_TRANSIT,2026-05-27 01:00:00
R01117,Food,OWNER_067,Singapore,Colombo,Singapore,1069.87,1,402934.14,IN_TRANSIT,2026-05-27 01:00:00
R00289,Chemicals,OWNER_027,Chennai,Dubai,Chennai,1401.33,6,38053.18,IN_TRANSIT,2026-05-27 03:00:00
R01399,Machinery,OWNER_086,Mumbai,Kandla,Mumbai,1436.54,2,22776.75,IN_TRANSIT,2026-05-27 03:00:00
R01163,Chemicals,OWNER_023,Singapore,Colombo,Singapore,2171.53,2,196073.12,IN_TRANSIT,2026-05-27 07:00:00
R02149,Electronics,OWNER_041,Chennai,Singapore,Chennai,708.53,3,185402.62,IN_TRANSIT,2026-05-27 07:00:00
R01155,Chemicals,OWNER_017,Mumbai,Singapore,Mumbai,3783.06,1,49626.72,IN_TRANSIT,2026-05-27 11:00:00
R00904,Machinery,OWNER_021,Dubai,Colombo,Dubai,2600.84,2,22611.33,IN_TRANSIT,2026-05-27 11:00:00
R00479,Textiles,OWNER_075,Kochi,Chennai,Kochi,1059.17,7,91997.15,IN_TRANSIT,2026-05-27 12:00:00
R01436,Food,OWNER_038,Colombo,Singapore,Colombo,1763.86,3,113920.02,IN_TRANSIT,2026-05-27 13:00:00
R00858,Chemicals,OWNER_022,Chennai,Kochi,Chennai,1219.82,4,246623.89,IN_TRANSIT,2026-05-27 15:00:00
R00515,Machinery,OWNER_033,Kochi,Chennai,Kochi,1684.88,2,48385.81,IN_TRANSIT,2026-05-27 16:00:00
R02052,Electronics,OWNER_028,Rotterdam,Dubai,Rotterdam,1035.44,7,42405.18,IN_TRANSIT,2026-05-27 20:00:00
R00047,Chemicals,OWNER_011,Colombo,Dubai,Colombo,844.28,4,96109.6,IN_TRANSIT,2026-05-27 23:00:00
R01368,Textiles,OWNER_015,Dubai,Colombo,Dubai,369.93,2,115604.77,IN_TRANSIT,2026-05-27 23:00:00
R00734,Chemicals,OWNER_089,Dubai,Rotterdam,Dubai,2215.57,2,59690.61,IN_TRANSIT,2026-05-27 23:00:00
R02888,Food,OWNER_071,Dubai,Rotterdam,Dubai,2767.33,3,33618.96,IN_TRANSIT,2026-05-27 23:00:00
R01138,Textiles,OWNER_094,Singapore,Kochi,Singapore,1488.73,4,43769.57,IN_TRANSIT,2026-05-28 00:00:00
R02637,Textiles,OWNER_005,Kandla,Colombo,Kandla,796.22,5,116628.18,IN_TRANSIT,2026-05-28 03:00:00
R01322,Food,OWNER_055,Mumbai,Rotterdam,Mumbai,3403.1,3,103563.04,IN_TRANSIT,2026-05-28 03:00:00
R00681,Machinery,OWNER_080,Kandla,Dubai,Kandla,9968.8,4,129920.54,IN_TRANSIT,2026-05-28 04:00:00
R00395,Textiles,OWNER_059,Chennai,Kochi,Chennai,1699.81,2,636149.0,IN_TRANSIT,2026-05-28 06:00:00
R02910,Textiles,OWNER_068,Kochi,Singapore,Kochi,2355.77,2,252051.81,IN_TRANSIT,2026-05-28 08:00:00
R00451,Food,OWNER_050,Singapore,Chennai,Singapore,1415.92,5,135289.57,IN_TRANSIT,2026-05-28 12:00:00
R02056,Chemicals,OWNER_053,Colombo,Kochi,Colombo,5335.9,5,24273.03,IN_TRANSIT,2026-05-28 12:00:00
R02338,Machinery,OWNER_023,Singapore,Kandla,Singapore,2622.52,7,60841.57,IN_TRANSIT,2026-05-28 12:00:00
R00227,Food,OWNER_053,Rotterdam,Colombo,Rotterdam,3006.89,4,111208.35,IN_TRANSIT,2026-05-28 13:00:00
R01381,Chemicals,OWNER_023,Colombo,Dubai,Colombo,2414.84,7,143167.13,IN_TRANSIT,2026-05-28 13:00:00
R02296,Textiles,OWNER_022,Singapore,Dubai,Singapore,1610.94,1,144884.27,IN_TRANSIT,2026-05-28 14:00:00
R02940,Chemicals,OWNER_025,Colombo,Kochi,Colombo,1670.95,2,175183.5,IN_TRANSIT,2026-05-28 15:00:00
R02255,Food,OWNER_065,Singapore,Kochi,Singapore,4176.7,1,63762.9,IN_TRANSIT,2026-05-28 19:00:00
R01070,Textiles,OWNER_032,Kochi,Chennai,Kochi,1126.43,4,219651.82,IN_TRANSIT,2026-05-28 22:00:00
R02869,Machinery,OWNER_001,Mumbai,Rotterdam,Mumbai,1207.97,1,72846.33,IN_TRANSIT,2026-05-28 23:00:00
R00266,Electronics,OWNER_059,Colombo,Chennai,Colombo,2109.1,4,68407.72,IN_TRANSIT,2026-05-28 23:00:00
R02348,Machinery,OWNER_096,Singapore,Kandla,Singapore,6932.98,5,83437.98,IN_TRANSIT,2026-05-29 01:00:00
R02873,Chemicals,OWNER_069,Colombo,Kandla,Colombo,1676.87,4,66785.87,IN_TRANSIT,2026-05-29 01:00:00
R01331,Textiles,OWNER_055,Singapore,Colombo,Singapore,1599.92,1,142395.11,IN_TRANSIT,2026-05-29 02:00:00
R02933,Textiles,OWNER_081,Kandla,Mumbai,Kandla,3684.41,5,27055.87,IN_TRANSIT,2026-05-29 03:00:00
R00970,Electronics,OWNER_060,Kandla,Kochi,Kandla,2233.15,5,36288.66,IN_TRANSIT,2026-05-29 04:00:00
R01020,Electronics,OWNER_100,Singapore,Colombo,Singapore,1391.11,4,77651.41,IN_TRANSIT,2026-05-29 07:00:00
R02027,Machinery,OWNER_075,Kochi,Mumbai,Kochi,3550.79,7,76293.82,IN_TRANSIT,2026-05-29 15:00:00
R02793,Textiles,OWNER_012,Mumbai,Rotterdam,Mumbai,347.67,3,95642.26,IN_TRANSIT,2026-05-29 15:00:00
R00318,Textiles,OWNER_083,Colombo,Dubai,Colombo,757.52,2,169033.51,IN_TRANSIT,2026-05-29 16:00:00
R02744,Food,OWNER_004,Chennai,Dubai,Chennai,1886.82,5,44311.97,IN_TRANSIT,2026-05-29 18:00:00
R01835,Chemicals,OWNER_090,Rotterdam,Dubai,Rotterdam,2033.69,3,137211.63,IN_TRANSIT,2026-05-29 18:00:00
R02606,Electronics,OWNER_022,Mumbai,Chennai,Mumbai,582.17,5,208028.8,IN_TRANSIT,2026-05-29 23:00:00
R00439,Chemicals,OWNER_072,Colombo,Chennai,Colombo,667.57,4,126402.98,IN_TRANSIT,2026-05-30 01:00:00
R00217,Textiles,OWNER_072,Singapore,Dubai,Singapore,1383.49,4,29162.44,IN_TRANSIT,2026-05-30 03:00:00
R00604,Food,OWNER_014,Mumbai,Kochi,Mumbai,1462.56,5,63450.67,IN_TRANSIT,2026-05-30 03:00:00
R00311,Chemicals,OWNER_003,Kandla,Dubai,Kandla,681.68,7,47560.17,IN_TRANSIT,2026-05-30 07:00:00
R02984,Chemicals,OWNER_051,Kandla,Colombo,Kandla,809.12,4,99325.72,IN_TRANSIT,2026-05-30 08:00:00
R00031,Machinery,OWNER_081,Kandla,Kochi,Kandla,1005.36,2,99504.76,IN_TRANSIT,2026-05-30 08:00:00
R00882,Electronics,OWNER_011,Kandla,Chennai,Kandla,2059.06,5,8776.4,IN_TRANSIT,2026-05-30 09:00:00
R01710,Food,OWNER_093,Rotterdam,Colombo,Rotterdam,2800.81,4,34887.07,IN_TRANSIT,2026-05-30 10:00:00
R01049,Textiles,OWNER_007,Colombo,Dubai,Colombo,1841.56,6,56245.75,IN_TRANSIT,2026-05-30 11:00:00
R00911,Chemicals,OWNER_016,Singapore,Chennai,Singapore,4780.06,6,126361.61,IN_TRANSIT,2026-05-30 12:00:00
R00785,Machinery,OWNER_019,Singapore,Dubai,Singapore,4687.61,5,51702.34,IN_TRANSIT,2026-05-30 19:00:00
R00422,Textiles,OWNER_056,Kandla,Chennai,Kandla,647.28,4,104540.43,IN_TRANSIT,2026-05-30 20:00:00
R02674,Electronics,OWNER_049,Chennai,Colombo,Chennai,1863.28,5,55790.42,IN_TRANSIT,2026-05-30 20:00:00
R01042,Food,OWNER_082,Dubai,Kandla,Dubai,1797.91,6,11159.24,IN_TRANSIT,2026-05-30 22:00:00
R01129,Electronics,OWNER_021,Kochi,Chennai,Kochi,1256.45,3,93519.81,IN_TRANSIT,2026-05-30 23:00:00
R02153,Machinery,OWNER_079,Dubai,Kochi,Dubai,1104.47,5,75666.24,IN_TRANSIT,2026-05-31 00:00:00
R00174,Chemicals,OWNER_015,Rotterdam,Mumbai,Rotterdam,2652.36,2,29123.72,IN_TRANSIT,2026-05-31 04:00:00
R01960,Textiles,OWNER_033,Kochi,Rotterdam,Kochi,4319.21,2,56527.43,IN_TRANSIT,2026-05-31 05:00:00
R01080,Electronics,OWNER_002,Kandla,Chennai,Kandla,1794.82,5,107343.15,IN_TRANSIT,2026-05-31 08:00:00
R01073,Textiles,OWNER_070,Singapore,Dubai,Singapore,3739.07,6,54079.55,IN_TRANSIT,2026-05-31 11:00:00
R02643,Textiles,OWNER_090,Kandla,Mumbai,Kandla,2212.78,3,345158.88,IN_TRANSIT,2026-05-31 13:00:00
R01402,Food,OWNER_013,Kandla,Chennai,Kandla,3661.39,3,155115.41,IN_TRANSIT,2026-05-31 16:00:00
R00446,Chemicals,OWNER_004,Dubai,Singapore,Dubai,1506.47,6,252688.42,IN_TRANSIT,2026-05-31 17:00:00
R02650,Textiles,OWNER_087,Dubai,Kochi,Dubai,2180.01,5,178490.81,IN_TRANSIT,2026-05-31 19:00:00
R01810,Chemicals,OWNER_021,Chennai,Mumbai,Chennai,804.61,5,72504.53,IN_TRANSIT,2026-05-31 19:00:00
R01867,Machinery,OWNER_055,Mumbai,Kochi,Mumbai,2678.34,5,30871.84,IN_TRANSIT,2026-05-31 20:00:00
R00992,Textiles,OWNER_047,Rotterdam,Kandla,Rotterdam,1814.31,7,304223.22,IN_TRANSIT,2026-05-31 21:00:00
R00199,Textiles,OWNER_014,Colombo,Kochi,Colombo,1590.85,5,60874.27,IN_TRANSIT,2026-06-01 01:00:00
R02080,Electronics,OWNER_024,Mumbai,Rotterdam,Mumbai,2093.81,6,184635.73,IN_TRANSIT,2026-06-01 02:00:00
R01246,Textiles,OWNER_008,Kandla,Dubai,Kandla,2805.93,4,305010.73,IN_TRANSIT,2026-06-01 02:00:00
R01026,Chemicals,OWNER_053,Kochi,Singapore,Kochi,2251.54,3,32725.66,IN_TRANSIT,2026-06-01 02:00:00
R02929,Machinery,OWNER_050,Mumbai,Singapore,Mumbai,281.16,7,123647.02,IN_TRANSIT,2026-06-01 03:00:00
R00102,Chemicals,OWNER_086,Kandla,Kochi,Kandla,1609.22,5,59712.58,IN_TRANSIT,2026-06-01 07:00:00
R00292,Textiles,OWNER_068,Dubai,Rotterdam,Dubai,3528.78,1,12439.72,IN_TRANSIT,2026-06-01 09:00:00
R00999,Chemicals,OWNER_052,Kandla,Dubai,Kandla,2908.73,3,73421.01,IN_TRANSIT,2026-06-01 10:00:00
R00135,Machinery,OWNER_027,Colombo,Kochi,Colombo,3763.9,5,22085.78,IN_TRANSIT,2026-06-01 10:00:00
R02109,Chemicals,OWNER_020,Colombo,Mumbai,Colombo,1954.88,3,113901.19,IN_TRANSIT,2026-06-01 11:00:00
R02935,Food,OWNER_098,Rotterdam,Colombo,Rotterdam,11163.95,1,116329.19,IN_TRANSIT,2026-06-01 13:00:00
R00371,Machinery,OWNER_033,Kochi,Mumbai,Kochi,794.77,2,123876.19,IN_TRANSIT,2026-06-01 16:00:00
R00492,Food,OWNER_031,Kandla,Rotterdam,Kandla,1394.5,1,58858.93,IN_TRANSIT,2026-06-01 17:00:00
R00702,Food,OWNER_049,Singapore,Colombo,Singapore,2198.92,4,160545.55,IN_TRANSIT,2026-06-01 17:00:00
R01482,Food,OWNER_029,Dubai,Kandla,Dubai,1040.79,7,184201.53,IN_TRANSIT,2026-06-01 19:00:00
R01920,Machinery,OWNER_091,Mumbai,Rotterdam,Mumbai,2563.37,3,48738.0,IN_TRANSIT,2026-06-01 20:00:00
R00220,Electronics,OWNER_037,Kandla,Dubai,Kandla,739.04,1,56785.81,IN_TRANSIT,2026-06-01 23:00:00
R02957,Electronics,OWNER_091,Singapore,Kochi,Singapore,511.36,7,222196.56,IN_TRANSIT,2026-06-01 23:00:00
R00432,Textiles,OWNER_057,Mumbai,Kandla,Mumbai,3064.46,1,33663.17,IN_TRANSIT,2026-06-01 23:00:00
R01829,Textiles,OWNER_056,Kochi,Rotterdam,Kochi,3639.18,3,67669.27,IN_TRANSIT,2026-06-02 01:00:00
R00144,Food,OWNER_031,Mumbai,Dubai,Mumbai,4374.26,6,89695.04,IN_TRANSIT,2026-06-02 03:00:00
R00361,Food,OWNER_053,Kandla,Kochi,Kandla,928.95,1,27940.79,IN_TRANSIT,2026-06-02 05:00:00
R02644,Food,OWNER_087,Colombo,Singapore,Colombo,953.73,1,257441.64,IN_TRANSIT,2026-06-02 05:00:00
R01442,Food,OWNER_048,Chennai,Dubai,Chennai,2710.86,7,35640.85,IN_TRANSIT,2026-06-02 07:00:00
R01355,Food,OWNER_063,Kandla,Rotterdam,Kandla,4261.5,1,125290.45,IN_TRANSIT,2026-06-02 16:00:00
R02212,Electronics,OWNER_079,Mumbai,Colombo,Mumbai,1646.18,3,133656.01,IN_TRANSIT,2026-06-02 17:00:00
R00059,Machinery,OWNER_066,Kochi,Singapore,Kochi,3097.01,4,77129.16,IN_TRANSIT,2026-06-02 17:00:00
R01988,Food,OWNER_058,Chennai,Kochi,Chennai,2591.84,4,49566.41,IN_TRANSIT,2026-06-02 20:00:00
R02692,Machinery,OWNER_089,Dubai,Chennai,Dubai,1727.38,6,188042.32,IN_TRANSIT,2026-06-02 21:00:00
R02480,Machinery,OWNER_078,Singapore,Rotterdam,Singapore,770.61,7,197742.48,IN_TRANSIT,2026-06-02 22:00:00
R01479,Electronics,OWNER_012,Chennai,Dubai,Chennai,2384.75,6,95500.03,IN_TRANSIT,2026-06-03 00:00:00
R01673,Textiles,OWNER_016,Rotterdam,Dubai,Rotterdam,981.26,2,104989.68,IN_TRANSIT,2026-06-03 00:00:00
R00105,Textiles,OWNER_035,Singapore,Kandla,Singapore,1014.63,1,95552.98,IN_TRANSIT,2026-06-03 01:00:00
R00908,Chemicals,OWNER_007,Mumbai,Singapore,Mumbai,2280.14,1,30618.32,IN_TRANSIT,2026-06-03 01:00:00
R01100,Textiles,OWNER_004,Mumbai,Dubai,Mumbai,1014.77,6,169248.44,IN_TRANSIT,2026-06-03 02:00:00
R01346,Electronics,OWNER_036,Kochi,Singapore,Kochi,1117.54,5,183885.04,IN_TRANSIT,2026-06-03 02:00:00
R02978,Textiles,OWNER_081,Rotterdam,Kochi,Rotterdam,437.54,4,100302.81,IN_TRANSIT,2026-06-03 02:00:00
R00341,Chemicals,OWNER_045,Kochi,Chennai,Kochi,480.81,1,29892.27,IN_TRANSIT,2026-06-03 02:00:00
R01387,Food,OWNER_003,Kochi,Rotterdam,Kochi,1294.95,6,154645.47,IN_TRANSIT,2026-06-03 03:00:00
R01647,Food,OWNER_061,Colombo,Singapore,Colombo,3002.7,6,26311.07,IN_TRANSIT,2026-06-03 05:00:00
R01282,Electronics,OWNER_080,Kandla,Colombo,Kandla,1105.36,2,86179.26,IN_TRANSIT,2026-06-03 06:00:00
R02618,Chemicals,OWNER_034,Dubai,Rotterdam,Dubai,2457.07,7,92124.91,IN_TRANSIT,2026-06-03 06:00:00
R00390,Electronics,OWNER_066,Rotterdam,Mumbai,Rotterdam,2057.15,4,108175.17,IN_TRANSIT,2026-06-03 07:00:00
R02555,Machinery,OWNER_074,Singapore,Dubai,Singapore,1202.18,2,10875.79,IN_TRANSIT,2026-06-03 07:00:00
R00167,Textiles,OWNER_059,Chennai,Kochi,Chennai,1032.25,6,21407.28,IN_TRANSIT,2026-06-03 08:00:00
R02515,Machinery,OWNER_033,Rotterdam,Kochi,Rotterdam,5002.63,7,67135.5,IN_TRANSIT,2026-06-03 08:00:00
R00952,Chemicals,OWNER_042,Colombo,Singapore,Colombo,1863.68,3,216087.86,IN_TRANSIT,2026-06-03 09:00:00
R01870,Electronics,OWNER_078,Singapore,Rotterdam,Singapore,623.15,5,25015.2,IN_TRANSIT,2026-06-03 09:00:00
R02372,Electronics,OWNER_069,Colombo,Dubai,Colombo,1250.46,6,61155.15,IN_TRANSIT,2026-06-03 12:00:00
R01309,Textiles,OWNER_062,Singapore,Kochi,Singapore,2652.02,5,35247.35,IN_TRANSIT,2026-06-03 14:00:00
R00847,Machinery,OWNER_040,Kandla,Dubai,Kandla,3043.51,3,204935.97,IN_TRANSIT,2026-06-03 19:00:00
R01430,Chemicals,OWNER_095,Dubai,Kandla,Dubai,4814.56,5,33460.19,IN_TRANSIT,2026-06-03 19:00:00
R00012,Machinery,OWNER_008,Dubai,Mumbai,Dubai,2009.8,6,116888.75,IN_TRANSIT,2026-06-03 21:00:00
R01167,Textiles,OWNER_025,Singapore,Mumbai,Singapore,631.6,5,17864.06,IN_TRANSIT,2026-06-03 22:00:00
R01720,Electronics,OWNER_082,Mumbai,Colombo,Mumbai,1382.73,4,25746.17,IN_TRANSIT,2026-06-04 00:00:00
R01620,Textiles,OWNER_097,Colombo,Kochi,Colombo,1158.16,6,225334.08,IN_TRANSIT,2026-06-04 03:00:00
R00194,Machinery,OWNER_071,Kandla,Colombo,Kandla,1931.89,4,39741.1,IN_TRANSIT,2026-06-04 04:00:00
R01749,Food,OWNER_087,Mumbai,Colombo,Mumbai,5972.3,1,23743.9,IN_TRANSIT,2026-06-04 05:00:00
R00004,Chemicals,OWNER_028,Rotterdam,Chennai,Rotterdam,1603.33,5,42414.96,IN_TRANSIT,2026-06-04 11:00:00
R00878,Food,OWNER_092,Colombo,Rotterdam,Colombo,913.3,1,18055.14,IN_TRANSIT,2026-06-04 17:00:00
R02522,Chemicals,OWNER_016,Rotterdam,Mumbai,Rotterdam,3727.86,2,21796.15,IN_TRANSIT,2026-06-04 20:00:00
R00189,Food,OWNER_025,Chennai,Colombo,Chennai,931.06,2,58742.55,IN_TRANSIT,2026-06-04 21:00:00
R00128,Machinery,OWNER_095,Rotterdam,Dubai,Rotterdam,1288.38,7,51620.49,IN_TRANSIT,2026-06-04 23:00:00
R00156,Food,OWNER_051,Mumbai,Dubai,Mumbai,4572.73,1,318032.65,IN_TRANSIT,2026-06-05 00:00:00
R01783,Machinery,OWNER_018,Chennai,Colombo,Chennai,5171.88,7,131965.8,IN_TRANSIT,2026-06-05 03:00:00
R02501,Electronics,OWNER_046,Singapore,Kandla,Singapore,3469.04,2,41778.54,IN_TRANSIT,2026-06-05 03:00:00
R00295,Machinery,OWNER_065,Kochi,Rotterdam,Kochi,1125.27,1,105033.09,IN_TRANSIT,2026-06-05 03:00:00
R01614,Electronics,OWNER_060,Rotterdam,Dubai,Rotterdam,2788.1,4,71800.28,IN_TRANSIT,2026-06-05 04:00:00
R02589,Textiles,OWNER_001,Rotterdam,Colombo,Rotterdam,1800.34,5,43202.89,IN_TRANSIT,2026-06-05 05:00:00
R01498,Food,OWNER_005,Colombo,Mumbai,Colombo,1789.25,2,303280.34,IN_TRANSIT,2026-06-05 08:00:00
R01057,Electronics,OWNER_003,Singapore,Rotterdam,Singapore,1798.77,3,167560.44,IN_TRANSIT,2026-06-05 10:00:00
R00961,Textiles,OWNER_005,Dubai,Rotterdam,Dubai,1567.5,4,49877.92,IN_TRANSIT,2026-06-05 11:00:00
R02446,Electronics,OWNER_041,Mumbai,Colombo,Mumbai,679.52,4,255176.35,IN_TRANSIT,2026-06-05 12:00:00
R01443,Machinery,OWNER_006,Mumbai,Chennai,Mumbai,3396.85,3,24307.77,IN_TRANSIT,2026-06-05 12:00:00
R02649,Textiles,OWNER_079,Colombo,Dubai,Colombo,4471.75,4,69124.27,IN_TRANSIT,2026-06-05 13:00:00
R00743,Chemicals,OWNER_032,Singapore,Colombo,Singapore,965.76,5,121512.03,IN_TRANSIT,2026-06-05 17:00:00
R02342,Electronics,OWNER_088,Colombo,Dubai,Colombo,1242.05,5,166116.84,IN_TRANSIT,2026-06-05 18:00:00
R00819,Food,OWNER_015,Dubai,Mumbai,Dubai,6248.94,7,52139.0,IN_TRANSIT,2026-06-05 19:00:00
R01144,Textiles,OWNER_027,Kochi,Colombo,Kochi,511.91,3,53910.24,IN_TRANSIT,2026-06-06 04:00:00
R00932,Machinery,OWNER_062,Singapore,Colombo,Singapore,558.16,5,13337.33,IN_TRANSIT,2026-06-06 05:00:00
R01949,Electronics,OWNER_011,Rotterdam,Chennai,Rotterdam,2577.12,3,137594.49,IN_TRANSIT,2026-06-06 06:00:00
R02870,Chemicals,OWNER_068,Kochi,Chennai,Kochi,2093.52,5,63161.51,IN_TRANSIT,2026-06-06 06:00:00
R01938,Textiles,OWNER_003,Kochi,Chennai,Kochi,1861.72,6,28976.17,IN_TRANSIT,2026-06-06 07:00:00
R02254,Chemicals,OWNER_085,Dubai,Singapore,Dubai,1807.42,2,75724.87,IN_TRANSIT,2026-06-06 07:00:00
R00857,Chemicals,OWNER_012,Rotterdam,Singapore,Rotterdam,840.87,2,28014.53,IN_TRANSIT,2026-06-06 09:00:00
R02417,Machinery,OWNER_078,Colombo,Dubai,Colombo,7914.51,1,96501.16,IN_TRANSIT,2026-06-06 10:00:00
R00951,Electronics,OWNER_092,Dubai,Kandla,Dubai,5066.57,4,73256.28,IN_TRANSIT,2026-06-06 13:00:00
R02798,Textiles,OWNER_070,Mumbai,Rotterdam,Mumbai,1631.77,2,40075.72,IN_TRANSIT,2026-06-06 16:00:00
R01764,Textiles,OWNER_057,Kochi,Singapore,Kochi,1062.3,6,50452.95,IN_TRANSIT,2026-06-06 17:00:00
R02073,Machinery,OWNER_024,Mumbai,Rotterdam,Mumbai,7397.4,7,105190.75,IN_TRANSIT,2026-06-06 17:00:00
R02189,Electronics,OWNER_052,Colombo,Mumbai,Colombo,1119.64,4,42462.68,IN_TRANSIT,2026-06-06 19:00:00
R00260,Chemicals,OWNER_005,Chennai,Dubai,Chennai,1464.71,2,62115.1,IN_TRANSIT,2026-06-06 19:00:00
R01162,Chemicals,OWNER_025,Colombo,Kandla,Colombo,445.35,5,114773.86,IN_TRANSIT,2026-06-06 20:00:00
R00416,Machinery,OWNER_010,Chennai,Dubai,Chennai,2243.51,3,89085.02,IN_TRANSIT,2026-06-07 00:00:00
R00462,Electronics,OWNER_082,Kandla,Mumbai,Kandla,3286.65,5,247053.54,IN_TRANSIT,2026-06-07 02:00:00
R01145,Chemicals,OWNER_091,Singapore,Dubai,Singapore,1887.26,3,60833.2,IN_TRANSIT,2026-06-07 03:00:00
R01929,Food,OWNER_049,Chennai,Colombo,Chennai,782.87,6,85952.69,IN_TRANSIT,2026-06-07 04:00:00
R02229,Chemicals,OWNER_051,Colombo,Chennai,Colombo,984.6,6,21245.39,IN_TRANSIT,2026-06-07 08:00:00
R00127,Electronics,OWNER_029,Rotterdam,Chennai,Rotterdam,2375.88,2,63988.44,IN_TRANSIT,2026-06-07 09:00:00
R00193,Chemicals,OWNER_062,Kochi,Rotterdam,Kochi,1258.21,2,125733.65,IN_TRANSIT,2026-06-07 12:00:00
R00051,Food,OWNER_086,Colombo,Singapore,Colombo,2221.02,4,694722.03,IN_TRANSIT,2026-06-07 12:00:00
R00309,Electronics,OWNER_029,Singapore,Kochi,Singapore,1148.09,5,20364.7,IN_TRANSIT,2026-06-07 14:00:00
R00782,Machinery,OWNER_003,Kandla,Mumbai,Kandla,2669.72,6,86118.38,IN_TRANSIT,2026-06-07 14:00:00
R01151,Textiles,OWNER_030,Kandla,Rotterdam,Kandla,3254.01,4,239935.42,IN_TRANSIT,2026-06-07 15:00:00
R02467,Textiles,OWNER_093,Mumbai,Dubai,Mumbai,447.49,2,40589.09,IN_TRANSIT,2026-06-07 16:00:00
R02354,Food,OWNER_041,Kandla,Colombo,Kandla,1426.12,7,20890.52,IN_TRANSIT,2026-06-07 17:00:00
R02499,Textiles,OWNER_025,Chennai,Colombo,Chennai,1344.07,5,68601.56,IN_TRANSIT,2026-06-07 19:00:00
R02699,Food,OWNER_029,Kandla,Dubai,Kandla,3513.19,3,134453.44,IN_TRANSIT,2026-06-07 19:00:00
R01242,Food,OWNER_049,Rotterdam,Singapore,Rotterdam,1087.51,3,33082.5,IN_TRANSIT,2026-06-07 21:00:00
R01071,Textiles,OWNER_005,Dubai,Colombo,Dubai,3756.36,5,100069.91,IN_TRANSIT,2026-06-07 22:00:00
R01339,Food,OWNER_047,Chennai,Kochi,Chennai,1497.75,2,34415.25,IN_TRANSIT,2026-06-07 23:00:00
R01793,Electronics,OWNER_030,Chennai,Mumbai,Chennai,2142.7,1,61976.04,IN_TRANSIT,2026-06-07 23:00:00
R02855,Textiles,OWNER_072,Kochi,Rotterdam,Kochi,1153.22,5,238885.82,IN_TRANSIT,2026-06-08 01:00:00
R01931,Electronics,OWNER_085,Singapore,Mumbai,Singapore,2155.29,6,60306.15,IN_TRANSIT,2026-06-08 02:00:00
R00885,Electronics,OWNER_072,Colombo,Chennai,Colombo,767.11,3,356810.46,IN_TRANSIT,2026-06-08 02:00:00
R01016,Food,OWNER_035,Rotterdam,Singapore,Rotterdam,2273.49,6,45226.69,IN_TRANSIT,2026-06-08 02:00:00
R00688,Machinery,OWNER_023,Colombo,Dubai,Colombo,2727.24,1,91644.32,IN_TRANSIT,2026-06-08 04:00:00
R02260,Machinery,OWNER_051,Rotterdam,Mumbai,Rotterdam,989.02,7,48316.97,IN_TRANSIT,2026-06-08 05:00:00
R00612,Electronics,OWNER_040,Chennai,Colombo,Chennai,3168.61,5,64255.54,IN_TRANSIT,2026-06-08 05:00:00
R01985,Textiles,OWNER_097,Singapore,Mumbai,Singapore,754.52,3,122933.43,IN_TRANSIT,2026-06-08 06:00:00
R02678,Textiles,OWNER_028,Kochi,Mumbai,Kochi,2577.82,5,47283.97,IN_TRANSIT,2026-06-08 07:00:00
R00391,Electronics,OWNER_028,Kochi,Dubai,Kochi,2079.36,7,114018.56,IN_TRANSIT,2026-06-08 07:00:00
R01342,Electronics,OWNER_043,Dubai,Singapore,Dubai,5368.66,4,41129.34,IN_TRANSIT,2026-06-08 08:00:00
R02688,Electronics,OWNER_034,Mumbai,Kandla,Mumbai,2522.87,5,61586.79,IN_TRANSIT,2026-06-08 08:00:00
R00154,Food,OWNER_065,Kandla,Chennai,Kandla,1844.74,7,66563.48,IN_TRANSIT,2026-06-08 09:00:00
R01591,Chemicals,OWNER_083,Chennai,Rotterdam,Chennai,882.89,3,25051.18,IN_TRANSIT,2026-06-08 11:00:00
R01197,Food,OWNER_058,Singapore,Mumbai,Singapore,2799.72,4,582356.69,IN_TRANSIT,2026-06-08 13:00:00
R01455,Electronics,OWNER_065,Colombo,Dubai,Colombo,1084.38,2,69730.95,IN_TRANSIT,2026-06-08 18:00:00
R01208,Chemicals,OWNER_037,Kochi,Chennai,Kochi,2308.75,4,202168.64,IN_TRANSIT,2026-06-08 19:00:00
R02575,Electronics,OWNER_100,Colombo,Rotterdam,Colombo,2492.82,7,161478.77,IN_TRANSIT,2026-06-08 20:00:00
R02000,Chemicals,OWNER_018,Mumbai,Chennai,Mumbai,1325.2,6,30613.91,IN_TRANSIT,2026-06-08 20:00:00
R00649,Textiles,OWNER_096,Kochi,Colombo,Kochi,1483.4,5,69697.95,IN_TRANSIT,2026-06-08 21:00:00
R02340,Machinery,OWNER_066,Singapore,Chennai,Singapore,4343.53,6,437042.88,IN_TRANSIT,2026-06-08 23:00:00
R02304,Machinery,OWNER_056,Kochi,Colombo,Kochi,2991.69,1,92684.6,IN_TRANSIT,2026-06-09 01:00:00
R01452,Machinery,OWNER_043,Chennai,Singapore,Chennai,4061.77,7,398143.53,IN_TRANSIT,2026-06-09 01:00:00
R02015,Electronics,OWNER_073,Mumbai,Dubai,Mumbai,1418.21,5,295456.24,IN_TRANSIT,2026-06-09 01:00:00
R00522,Chemicals,OWNER_057,Chennai,Mumbai,Chennai,612.88,5,537746.0,IN_TRANSIT,2026-06-09 01:00:00
R02909,Electronics,OWNER_031,Dubai,Colombo,Dubai,1601.67,6,47832.51,IN_TRANSIT,2026-06-09 01:00:00
R02615,Textiles,OWNER_090,Dubai,Mumbai,Dubai,1449.92,4,17192.86,IN_TRANSIT,2026-06-09 01:00:00
R01773,Food,OWNER_082,Kochi,Singapore,Kochi,1355.65,5,18658.27,IN_TRANSIT,2026-06-09 03:00:00
R02132,Chemicals,OWNER_011,Colombo,Dubai,Colombo,3987.02,7,114180.17,IN_TRANSIT,2026-06-09 04:00:00
R02831,Food,OWNER_076,Mumbai,Colombo,Mumbai,2157.35,4,24040.01,IN_TRANSIT,2026-06-09 04:00:00
R01719,Machinery,OWNER_037,Kochi,Rotterdam,Kochi,2322.62,7,44209.93,IN_TRANSIT,2026-06-09 05:00:00
R01429,Machinery,OWNER_006,Dubai,Rotterdam,Dubai,2756.95,3,57864.71,IN_TRANSIT,2026-06-09 06:00:00
R02427,Machinery,OWNER_007,Chennai,Colombo,Chennai,2843.31,4,175593.46,IN_TRANSIT,2026-06-09 06:00:00
R02152,Electronics,OWNER_100,Singapore,Rotterdam,Singapore,1435.84,3,26987.37,IN_TRANSIT,2026-06-09 06:00:00
R02130,Machinery,OWNER_083,Chennai,Kochi,Chennai,4300.67,5,116316.17,IN_TRANSIT,2026-06-09 06:00:00
R02216,Food,OWNER_082,Colombo,Kochi,Colombo,985.62,1,23910.92,IN_TRANSIT,2026-06-09 07:00:00
R01207,Textiles,OWNER_056,Mumbai,Rotterdam,Mumbai,2949.29,5,118980.75,IN_TRANSIT,2026-06-09 11:00:00
R00639,Machinery,OWNER_023,Dubai,Singapore,Dubai,769.11,5,108354.34,IN_TRANSIT,2026-06-09 11:00:00
R01993,Food,OWNER_045,Kochi,Colombo,Kochi,592.47,5,76985.35,IN_TRANSIT,2026-06-09 13:00:00
R00091,Electronics,OWNER_093,Dubai,Rotterdam,Dubai,1742.53,6,39199.3,IN_TRANSIT,2026-06-09 13:00:00
R02507,Food,OWNER_048,Rotterdam,Kochi,Rotterdam,2199.46,3,82314.0,IN_TRANSIT,2026-06-09 14:00:00
R02787,Textiles,OWNER_012,Dubai,Kochi,Dubai,4875.5,6,45784.92,IN_TRANSIT,2026-06-09 14:00:00
R02375,Food,OWNER_004,Rotterdam,Kochi,Rotterdam,2350.44,5,130239.44,IN_TRANSIT,2026-06-09 15:00:00
R02663,Machinery,OWNER_004,Mumbai,Kandla,Mumbai,2833.23,7,69665.17,IN_TRANSIT,2026-06-09 16:00:00
R00124,Chemicals,OWNER_097,Kochi,Singapore,Kochi,1005.69,6,55610.5,IN_TRANSIT,2026-06-09 17:00:00
R01371,Food,OWNER_030,Chennai,Singapore,Chennai,999.66,4,153111.75,IN_TRANSIT,2026-06-09 19:00:00
R02669,Chemicals,OWNER_085,Mumbai,Colombo,Mumbai,1936.87,5,19460.18,IN_TRANSIT,2026-06-09 20:00:00
R02456,Chemicals,OWNER_023,Singapore,Colombo,Singapore,464.85,4,27242.23,IN_TRANSIT,2026-06-09 22:00:00
R00848,Food,OWNER_048,Kandla,Chennai,Kandla,4798.42,7,18670.32,IN_TRANSIT,2026-06-09 23:00:00
R02243,Textiles,OWNER_100,Dubai,Colombo,Dubai,2653.78,1,33038.04,IN_TRANSIT,2026-06-10 01:00:00
R02184,Machinery,OWNER_041,Rotterdam,Singapore,Rotterdam,4328.74,5,58557.37,IN_TRANSIT,2026-06-10 03:00:00
R01789,Textiles,OWNER_026,Singapore,Dubai,Singapore,3804.54,4,18665.35,IN_TRANSIT,2026-06-10 05:00:00
R00742,Food,OWNER_061,Kochi,Singapore,Kochi,2052.88,4,97679.83,IN_TRANSIT,2026-06-10 07:00:00
R02402,Electronics,OWNER_061,Singapore,Mumbai,Singapore,1584.77,2,113212.49,IN_TRANSIT,2026-06-10 10:00:00
R02287,Food,OWNER_028,Kochi,Chennai,Kochi,1186.48,3,47938.84,IN_TRANSIT,2026-06-10 11:00:00
R01732,Food,OWNER_100,Dubai,Chennai,Dubai,3198.21,1,100492.23,IN_TRANSIT,2026-06-10 11:00:00
R02690,Food,OWNER_068,Mumbai,Singapore,Mumbai,2056.43,2,432545.64,IN_TRANSIT,2026-06-10 11:00:00
R00634,Food,OWNER_092,Colombo,Kochi,Colombo,2545.37,5,43429.78,IN_TRANSIT,2026-06-10 12:00:00
R02016,Chemicals,OWNER_090,Mumbai,Rotterdam,Mumbai,1664.97,5,194190.93,IN_TRANSIT,2026-06-10 12:00:00
R00036,Electronics,OWNER_075,Chennai,Mumbai,Chennai,4674.79,2,30162.76,IN_TRANSIT,2026-06-10 13:00:00
R02617,Electronics,OWNER_063,Mumbai,Kochi,Mumbai,1570.01,5,143112.28,IN_TRANSIT,2026-06-10 17:00:00
R00005,Food,OWNER_078,Rotterdam,Mumbai,Rotterdam,1438.15,3,97963.99,IN_TRANSIT,2026-06-10 18:00:00
R02969,Textiles,OWNER_089,Chennai,Colombo,Chennai,1151.6,3,110366.24,IN_TRANSIT,2026-06-10 19:00:00
R02597,Food,OWNER_074,Singapore,Kochi,Singapore,496.14,5,77901.02,IN_TRANSIT,2026-06-10 19:00:00
R02709,Food,OWNER_039,Colombo,Kochi,Colombo,5995.7,4,13353.33,IN_TRANSIT,2026-06-10 20:00:00
R02401,Chemicals,OWNER_097,Rotterdam,Dubai,Rotterdam,1986.7,2,120244.43,IN_TRANSIT,2026-06-10 21:00:00
R02756,Chemicals,OWNER_081,Dubai,Singapore,Dubai,2081.19,1,38832.29,IN_TRANSIT,2026-06-10 22:00:00
R02561,Machinery,OWNER_091,Dubai,Kandla,Dubai,1932.1,4,25152.64,IN_TRANSIT,2026-06-11 00:00:00
R01982,Textiles,OWNER_034,Chennai,Kandla,Chennai,238.02,1,65813.12,IN_TRANSIT,2026-06-11 04:00:00
R00909,Food,OWNER_020,Rotterdam,Chennai,Rotterdam,1748.7,7,159250.53,IN_TRANSIT,2026-06-11 05:00:00
R01494,Textiles,OWNER_067,Chennai,Dubai,Chennai,2700.35,3,531854.41,IN_TRANSIT,2026-06-11 05:00:00
R00929,Food,OWNER_049,Colombo,Kandla,Colombo,1671.54,6,141463.1,IN_TRANSIT,2026-06-11 06:00:00
R00169,Food,OWNER_011,Mumbai,Kandla,Mumbai,1892.11,2,40078.5,IN_TRANSIT,2026-06-11 07:00:00
R00269,Textiles,OWNER_048,Kochi,Mumbai,Kochi,1463.22,6,67226.36,IN_TRANSIT,2026-06-11 09:00:00
R01830,Electronics,OWNER_039,Rotterdam,Dubai,Rotterdam,810.64,6,60126.28,IN_TRANSIT,2026-06-11 10:00:00
R01329,Textiles,OWNER_083,Dubai,Colombo,Dubai,1209.01,2,35417.13,IN_TRANSIT,2026-06-11 11:00:00
R00075,Chemicals,OWNER_003,Singapore,Mumbai,Singapore,1143.63,4,85598.31,IN_TRANSIT,2026-06-11 11:00:00
R00412,Textiles,OWNER_071,Mumbai,Singapore,Mumbai,992.01,5,31724.51,IN_TRANSIT,2026-06-11 11:00:00
R01310,Food,OWNER_036,Mumbai,Kochi,Mumbai,1656.03,1,147353.95,IN_TRANSIT,2026-06-11 11:00:00
R00147,Electronics,OWNER_089,Kandla,Chennai,Kandla,1584.63,2,64806.33,IN_TRANSIT,2026-06-11 12:00:00
R01220,Textiles,OWNER_097,Kandla,Dubai,Kandla,3981.69,1,44869.52,IN_TRANSIT,2026-06-11 12:00:00
R02193,Electronics,OWNER_083,Mumbai,Kochi,Mumbai,1415.56,5,367283.82,IN_TRANSIT,2026-06-11 13:00:00
R01913,Textiles,OWNER_074,Rotterdam,Mumbai,Rotterdam,1703.44,3,52402.6,IN_TRANSIT,2026-06-11 14:00:00
R02292,Food,OWNER_093,Kochi,Kandla,Kochi,1605.95,4,188556.18,IN_TRANSIT,2026-06-11 15:00:00
R00417,Food,OWNER_100,Kandla,Singapore,Kandla,1085.61,3,62568.43,IN_TRANSIT,2026-06-11 15:00:00
R00067,Chemicals,OWNER_077,Dubai,Kandla,Dubai,2155.38,6,64989.24,IN_TRANSIT,2026-06-11 16:00:00
R02118,Chemicals,OWNER_001,Colombo,Chennai,Colombo,807.82,6,14230.44,IN_TRANSIT,2026-06-11 16:00:00
R00400,Electronics,OWNER_059,Rotterdam,Kochi,Rotterdam,1118.85,7,44670.11,IN_TRANSIT,2026-06-11 16:00:00
R01335,Machinery,OWNER_039,Colombo,Rotterdam,Colombo,1023.57,5,80782.0,IN_TRANSIT,2026-06-11 16:00:00
R00808,Textiles,OWNER_065,Kochi,Kandla,Kochi,431.92,6,21785.3,IN_TRANSIT,2026-06-11 19:00:00
R02556,Electronics,OWNER_065,Kochi,Singapore,Kochi,967.94,3,69231.41,IN_TRANSIT,2026-06-11 21:00:00
R01269,Chemicals,OWNER_001,Singapore,Rotterdam,Singapore,939.57,2,438713.69,IN_TRANSIT,2026-06-11 22:00:00
R02895,Food,OWNER_078,Kandla,Chennai,Kandla,3250.03,3,119717.04,IN_TRANSIT,2026-06-12 02:00:00
R01029,Food,OWNER_086,Chennai,Mumbai,Chennai,1093.81,3,213820.57,IN_TRANSIT,2026-06-12 02:00:00
R00920,Food,OWNER_061,Colombo,Mumbai,Colombo,3760.84,6,41360.27,IN_TRANSIT,2026-06-12 03:00:00
R00565,Machinery,OWNER_010,Kochi,Mumbai,Kochi,1472.53,2,85767.07,IN_TRANSIT,2026-06-12 04:00:00
R02424,Textiles,OWNER_051,Rotterdam,Colombo,Rotterdam,462.83,5,36941.04,IN_TRANSIT,2026-06-12 05:00:00
R00473,Textiles,OWNER_088,Kochi,Colombo,Kochi,4286.83,3,181109.11,IN_TRANSIT,2026-06-12 09:00:00
R00094,Electronics,OWNER_044,Chennai,Mumbai,Chennai,684.17,6,217747.15,IN_TRANSIT,2026-06-12 12:00:00
R00270,Machinery,OWNER_046,Dubai,Rotterdam,Dubai,8060.52,5,78636.72,IN_TRANSIT,2026-06-12 14:00:00
R00109,Machinery,OWNER_073,Colombo,Rotterdam,Colombo,852.67,5,31017.09,IN_TRANSIT,2026-06-12 14:00:00
R01435,Chemicals,OWNER_066,Kandla,Colombo,Kandla,513.62,2,34116.61,IN_TRANSIT,2026-06-12 18:00:00
R02748,Electronics,OWNER_025,Colombo,Kochi,Colombo,3097.19,7,304700.76,IN_TRANSIT,2026-06-12 21:00:00
R00727,Textiles,OWNER_052,Singapore,Kochi,Singapore,4732.91,6,57327.03,IN_TRANSIT,2026-06-12 22:00:00
R00032,Textiles,OWNER_100,Colombo,Singapore,Colombo,2416.19,7,50818.37,IN_TRANSIT,2026-06-12 23:00:00
R01957,Food,OWNER_071,Mumbai,Chennai,Mumbai,1078.84,6,64689.68,IN_TRANSIT,2026-06-13 01:00:00
R00353,Textiles,OWNER_098,Rotterdam,Dubai,Rotterdam,2518.41,6,7088.81,IN_TRANSIT,2026-06-13 01:00:00
R02013,Textiles,OWNER_088,Mumbai,Rotterdam,Mumbai,1093.14,3,148812.25,IN_TRANSIT,2026-06-13 01:00:00
R01347,Machinery,OWNER_096,Dubai,Mumbai,Dubai,1859.01,5,113005.49,IN_TRANSIT,2026-06-13 02:00:00
R02892,Electronics,OWNER_076,Singapore,Kochi,Singapore,1703.01,3,392331.96,IN_TRANSIT,2026-06-13 02:00:00
R02545,Machinery,OWNER_100,Chennai,Kochi,Chennai,3836.18,2,66821.65,IN_TRANSIT,2026-06-13 03:00:00
R00380,Chemicals,OWNER_023,Dubai,Kandla,Dubai,1221.99,5,30506.16,IN_TRANSIT,2026-06-13 04:00:00
R01420,Electronics,OWNER_085,Kandla,Mumbai,Kandla,1110.5,5,58123.34,IN_TRANSIT,2026-06-13 10:00:00
R02758,Electronics,OWNER_054,Dubai,Rotterdam,Dubai,1550.96,6,97234.77,IN_TRANSIT,2026-06-13 11:00:00
R01036,Food,OWNER_097,Colombo,Kochi,Colombo,2312.31,5,68161.34,IN_TRANSIT,2026-06-13 12:00:00
R00019,Machinery,OWNER_070,Rotterdam,Kandla,Rotterdam,1414.02,6,54994.52,IN_TRANSIT,2026-06-13 13:00:00
R01756,Chemicals,OWNER_007,Kochi,Kandla,Kochi,1795.96,2,154312.5,IN_TRANSIT,2026-06-13 14:00:00
R01219,Machinery,OWNER_044,Mumbai,Colombo,Mumbai,2176.31,3,75371.03,IN_TRANSIT,2026-06-13 19:00:00
R01991,Textiles,OWNER_052,Colombo,Mumbai,Colombo,824.77,2,229786.62,IN_TRANSIT,2026-06-13 23:00:00
R01334,Textiles,OWNER_021,Kochi,Mumbai,Kochi,973.45,1,22397.26,IN_TRANSIT,2026-06-14 00:00:00
R02241,Chemicals,OWNER_001,Colombo,Rotterdam,Colombo,1933.09,5,51622.62,IN_TRANSIT,2026-06-14 01:00:00
R01682,Machinery,OWNER_078,Mumbai,Chennai,Mumbai,1103.17,2,83044.53,IN_TRANSIT,2026-06-14 02:00:00
R02533,Food,OWNER_031,Singapore,Dubai,Singapore,7101.14,3,96174.51,IN_TRANSIT,2026-06-14 03:00:00
R01582,Machinery,OWNER_002,Rotterdam,Chennai,Rotterdam,1437.85,1,152064.92,IN_TRANSIT,2026-06-14 04:00:00
R00195,Chemicals,OWNER_093,Chennai,Dubai,Chennai,971.5,7,27081.21,IN_TRANSIT,2026-06-14 06:00:00
R01315,Textiles,OWNER_080,Rotterdam,Chennai,Rotterdam,2604.07,3,161492.37,IN_TRANSIT,2026-06-14 10:00:00
R00830,Textiles,OWNER_002,Chennai,Colombo,Chennai,740.64,3,49870.11,IN_TRANSIT,2026-06-14 20:00:00
R01343,Textiles,OWNER_089,Chennai,Mumbai,Chennai,3901.12,6,52249.92,IN_TRANSIT,2026-06-14 22:00:00
R00652,Food,OWNER_058,Kandla,Mumbai,Kandla,4228.28,5,96910.64,IN_TRANSIT,2026-06-14 22:00:00
R01216,Machinery,OWNER_022,Chennai,Mumbai,Chennai,4080.07,6,240383.89,IN_TRANSIT,2026-06-14 23:00:00
R00301,Food,OWNER_086,Rotterdam,Chennai,Rotterdam,393.94,1,98720.68,IN_TRANSIT,2026-06-15 03:00:00
R01631,Machinery,OWNER_040,Kandla,Rotterdam,Kandla,1693.79,3,29476.93,IN_TRANSIT,2026-06-15 04:00:00
R00436,Machinery,OWNER_035,Colombo,Chennai,Colombo,3742.87,1,53624.95,IN_TRANSIT,2026-06-15 07:00:00
R01474,Textiles,OWNER_041,Kandla,Kochi,Kandla,1519.38,5,123868.55,IN_TRANSIT,2026-06-15 08:00:00
R02436,Chemicals,OWNER_062,Kandla,Rotterdam,Kandla,1140.05,3,211541.47,IN_TRANSIT,2026-06-15 09:00:00
R00100,Electronics,OWNER_031,Kochi,Dubai,Kochi,1350.77,2,105015.91,IN_TRANSIT,2026-06-15 09:00:00
R01174,Food,OWNER_020,Kandla,Singapore,Kandla,2709.36,1,38422.62,IN_TRANSIT,2026-06-15 10:00:00
R01905,Textiles,OWNER_040,Chennai,Colombo,Chennai,3761.4,7,37297.15,IN_TRANSIT,2026-06-15 12:00:00
R00098,Chemicals,OWNER_096,Chennai,Kochi,Chennai,1015.36,4,212910.56,IN_TRANSIT,2026-06-15 15:00:00
R02314,Machinery,OWNER_035,Rotterdam,Colombo,Rotterdam,1278.98,2,60301.87,IN_TRANSIT,2026-06-15 16:00:00
R01831,Food,OWNER_001,Rotterdam,Singapore,Rotterdam,2411.85,3,33474.93,IN_TRANSIT,2026-06-15 17:00:00
R02017,Chemicals,OWNER_060,Rotterdam,Dubai,Rotterdam,2161.53,6,33221.88,IN_TRANSIT,2026-06-15 17:00:00
R01166,Textiles,OWNER_016,Dubai,Mumbai,Dubai,1134.13,6,60451.13,IN_TRANSIT,2026-06-15 18:00:00
R01254,Food,OWNER_098,Kandla,Colombo,Kandla,1699.98,6,27238.81,IN_TRANSIT,2026-06-15 20:00:00
R00478,Food,OWNER_001,Kandla,Rotterdam,Kandla,1051.93,5,411237.92,IN_TRANSIT,2026-06-16 00:00:00
R02942,Chemicals,OWNER_022,Singapore,Dubai,Singapore,3092.05,7,66595.93,IN_TRANSIT,2026-06-16 03:00:00
R01181,Food,OWNER_052,Rotterdam,Chennai,Rotterdam,1741.65,1,35746.11,IN_TRANSIT,2026-06-16 03:00:00
R00509,Food,OWNER_029,Kochi,Chennai,Kochi,2944.21,5,41958.14,IN_TRANSIT,2026-06-16 04:00:00
R00619,Machinery,OWNER_083,Colombo,Rotterdam,Colombo,1070.93,2,8408.06,IN_TRANSIT,2026-06-16 08:00:00
R01468,Chemicals,OWNER_002,Singapore,Rotterdam,Singapore,2979.51,6,68064.23,IN_TRANSIT,2026-06-16 11:00:00
R01782,Chemicals,OWNER_036,Colombo,Chennai,Colombo,867.11,5,26104.22,IN_TRANSIT,2026-06-16 12:00:00
R02635,Chemicals,OWNER_089,Singapore,Kandla,Singapore,715.65,6,50273.68,IN_TRANSIT,2026-06-16 17:00:00
R00410,Food,OWNER_045,Dubai,Singapore,Dubai,1079.09,6,30341.55,IN_TRANSIT,2026-06-16 18:00:00
R02420,Chemicals,OWNER_032,Kochi,Singapore,Kochi,2566.47,2,50612.0,IN_TRANSIT,2026-06-16 19:00:00
R01441,Textiles,OWNER_098,Rotterdam,Chennai,Rotterdam,1628.8,6,186692.77,IN_TRANSIT,2026-06-16 20:00:00
R00613,Chemicals,OWNER_008,Chennai,Dubai,Chennai,636.47,1,83484.17,IN_TRANSIT,2026-06-16 20:00:00
R01877,Chemicals,OWNER_016,Singapore,Colombo,Singapore,1746.48,7,141786.29,IN_TRANSIT,2026-06-16 22:00:00
R00356,Chemicals,OWNER_014,Singapore,Kochi,Singapore,3174.95,6,131392.23,IN_TRANSIT,2026-06-17 00:00:00
R01681,Machinery,OWNER_035,Kochi,Colombo,Kochi,1522.67,6,51148.79,IN_TRANSIT,2026-06-17 01:00:00
R00967,Food,OWNER_060,Rotterdam,Dubai,Rotterdam,1271.53,5,44317.53,IN_TRANSIT,2026-06-17 02:00:00
R02734,Textiles,OWNER_056,Mumbai,Chennai,Mumbai,1554.69,5,106814.0,IN_TRANSIT,2026-06-17 03:00:00
R00510,Food,OWNER_006,Mumbai,Rotterdam,Mumbai,1271.18,4,41972.31,IN_TRANSIT,2026-06-17 04:00:00
R00438,Food,OWNER_011,Dubai,Chennai,Dubai,1147.84,1,75667.56,IN_TRANSIT,2026-06-17 04:00:00
R02204,Chemicals,OWNER_041,Dubai,Mumbai,Dubai,1249.92,4,47543.8,IN_TRANSIT,2026-06-17 04:00:00
R02599,Textiles,OWNER_089,Dubai,Kandla,Dubai,2921.58,6,75822.79,IN_TRANSIT,2026-06-17 07:00:00
R02086,Machinery,OWNER_030,Chennai,Kandla,Chennai,1207.69,6,208183.79,IN_TRANSIT,2026-06-17 10:00:00
R02062,Electronics,OWNER_026,Mumbai,Kandla,Mumbai,2137.15,1,76479.36,IN_TRANSIT,2026-06-17 11:00:00
R00537,Chemicals,OWNER_051,Rotterdam,Chennai,Rotterdam,829.29,2,49613.0,IN_TRANSIT,2026-06-17 12:00:00
R01324,Chemicals,OWNER_020,Singapore,Kandla,Singapore,801.67,5,68046.21,IN_TRANSIT,2026-06-17 13:00:00
R00998,Textiles,OWNER_014,Singapore,Colombo,Singapore,2644.39,2,187315.25,IN_TRANSIT,2026-06-17 13:00:00
R02452,Food,OWNER_021,Colombo,Chennai,Colombo,2155.93,4,44572.16,IN_TRANSIT,2026-06-17 14:00:00
R00437,Food,OWNER_013,Mumbai,Rotterdam,Mumbai,1548.46,6,261536.64,IN_TRANSIT,2026-06-17 15:00:00
R00985,Food,OWNER_054,Colombo,Chennai,Colombo,2326.12,1,93245.77,IN_TRANSIT,2026-06-17 16:00:00
R00178,Textiles,OWNER_006,Singapore,Colombo,Singapore,7769.01,6,73018.21,IN_TRANSIT,2026-06-17 17:00:00
R01041,Chemicals,OWNER_047,Dubai,Kandla,Dubai,2802.07,7,14813.2,IN_TRANSIT,2026-06-17 17:00:00
R00736,Machinery,OWNER_017,Mumbai,Singapore,Mumbai,2406.55,3,190479.96,IN_TRANSIT,2026-06-17 18:00:00
R00859,Textiles,OWNER_051,Kandla,Mumbai,Kandla,1759.0,4,69771.01,IN_TRANSIT,2026-06-17 18:00:00
R01541,Electronics,OWNER_074,Colombo,Chennai,Colombo,7782.4,6,269995.26,IN_TRANSIT,2026-06-17 19:00:00
R02726,Chemicals,OWNER_084,Rotterdam,Kochi,Rotterdam,4949.13,2,17289.07,IN_TRANSIT,2026-06-17 20:00:00
R01954,Machinery,OWNER_005,Singapore,Rotterdam,Singapore,1945.93,6,116392.61,IN_TRANSIT,2026-06-17 20:00:00
R02058,Machinery,OWNER_041,Chennai,Rotterdam,Chennai,737.87,5,79417.72,IN_TRANSIT,2026-06-17 20:00:00
R01005,Food,OWNER_025,Chennai,Rotterdam,Chennai,982.35,7,45641.99,IN_TRANSIT,2026-06-17 21:00:00
R00138,Electronics,OWNER_082,Rotterdam,Mumbai,Rotterdam,630.86,1,12114.82,IN_TRANSIT,2026-06-17 22:00:00
R00337,Textiles,OWNER_021,Colombo,Dubai,Colombo,2748.92,5,125371.36,IN_TRANSIT,2026-06-17 22:00:00
R02610,Food,OWNER_049,Singapore,Mumbai,Singapore,1237.26,1,100634.19,IN_TRANSIT,2026-06-17 22:00:00
R00754,Food,OWNER_068,Kochi,Singapore,Kochi,3522.84,7,71983.61,IN_TRANSIT,2026-06-18 01:00:00
R01692,Food,OWNER_004,Chennai,Kochi,Chennai,1943.31,6,280239.42,IN_TRANSIT,2026-06-18 04:00:00
R01038,Chemicals,OWNER_042,Mumbai,Singapore,Mumbai,2984.35,7,53497.13,IN_TRANSIT,2026-06-18 05:00:00
R02248,Chemicals,OWNER_016,Singapore,Dubai,Singapore,2555.76,2,39008.16,IN_TRANSIT,2026-06-18 05:00:00
R00671,Machinery,OWNER_048,Kandla,Colombo,Kandla,1664.51,4,26040.36,IN_TRANSIT,2026-06-18 05:00:00
R00779,Chemicals,OWNER_079,Singapore,Kochi,Singapore,5527.11,6,267902.6,IN_TRANSIT,2026-06-18 06:00:00
R00606,Machinery,OWNER_057,Kochi,Singapore,Kochi,1258.71,5,207650.35,IN_TRANSIT,2026-06-18 06:00:00
R01704,Food,OWNER_020,Dubai,Chennai,Dubai,1385.63,4,71195.85,IN_TRANSIT,2026-06-18 07:00:00
R01385,Food,OWNER_041,Chennai,Rotterdam,Chennai,3379.66,1,64053.59,IN_TRANSIT,2026-06-18 08:00:00
R00691,Food,OWNER_063,Mumbai,Kandla,Mumbai,2726.22,3,54538.22,IN_TRANSIT,2026-06-18 09:00:00
R00923,Electronics,OWNER_012,Colombo,Dubai,Colombo,2389.13,2,55569.81,IN_TRANSIT,2026-06-18 11:00:00
R00252,Electronics,OWNER_073,Mumbai,Rotterdam,Mumbai,1300.34,4,52666.14,IN_TRANSIT,2026-06-18 15:00:00
R02535,Food,OWNER_044,Mumbai,Rotterdam,Mumbai,2374.93,6,126020.92,IN_TRANSIT,2026-06-18 15:00:00
R02108,Machinery,OWNER_095,Rotterdam,Colombo,Rotterdam,1024.11,4,29263.66,IN_TRANSIT,2026-06-18 17:00:00
R00561,Textiles,OWNER_031,Chennai,Kochi,Chennai,1698.8,3,69037.22,IN_TRANSIT,2026-06-18 18:00:00
R01660,Machinery,OWNER_064,Mumbai,Singapore,Mumbai,445.8,2,86310.83,IN_TRANSIT,2026-06-18 19:00:00
R02514,Machinery,OWNER_006,Singapore,Rotterdam,Singapore,3406.53,5,67947.9,IN_TRANSIT,2026-06-18 20:00:00
R00354,Food,OWNER_049,Mumbai,Rotterdam,Mumbai,3520.92,3,56736.36,IN_TRANSIT,2026-06-18 21:00:00
R00303,Electronics,OWNER_073,Colombo,Mumbai,Colombo,3404.94,1,62129.4,IN_TRANSIT,2026-06-18 22:00:00
R01503,Machinery,OWNER_087,Colombo,Mumbai,Colombo,671.88,6,210323.85,IN_TRANSIT,2026-06-18 22:00:00
R00404,Textiles,OWNER_087,Rotterdam,Colombo,Rotterdam,2898.54,4,34722.43,IN_TRANSIT,2026-06-18 23:00:00
R00772,Chemicals,OWNER_090,Singapore,Chennai,Singapore,3955.77,3,77914.87,IN_TRANSIT,2026-06-19 02:00:00
R00008,Machinery,OWNER_017,Kochi,Singapore,Kochi,844.48,6,112930.0,IN_TRANSIT,2026-06-19 06:00:00
R02785,Electronics,OWNER_071,Dubai,Kandla,Dubai,1516.42,3,294601.56,IN_TRANSIT,2026-06-19 11:00:00
R01707,Textiles,OWNER_026,Rotterdam,Kandla,Rotterdam,3072.31,4,64087.63,IN_TRANSIT,2026-06-19 14:00:00
R02859,Food,OWNER_035,Rotterdam,Mumbai,Rotterdam,1617.11,2,60050.97,IN_TRANSIT,2026-06-19 15:00:00
R02864,Chemicals,OWNER_096,Colombo,Kandla,Colombo,2543.84,5,87103.91,IN_TRANSIT,2026-06-19 18:00:00
R02258,Electronics,OWNER_093,Kochi,Chennai,Kochi,1965.5,2,44897.78,IN_TRANSIT,2026-06-19 19:00:00
R01651,Food,OWNER_023,Kochi,Singapore,Kochi,947.89,4,265933.27,IN_TRANSIT,2026-06-19 21:00:00
R01735,Machinery,OWNER_051,Dubai,Chennai,Dubai,1479.76,5,21348.97,IN_TRANSIT,2026-06-19 21:00:00
R00845,Chemicals,OWNER_005,Dubai,Colombo,Dubai,1691.41,3,93816.73,IN_TRANSIT,2026-06-19 22:00:00
R00713,Food,OWNER_072,Kandla,Rotterdam,Kandla,5259.43,1,30514.48,IN_TRANSIT,2026-06-19 23:00:00
R01274,Machinery,OWNER_031,Rotterdam,Kandla,Rotterdam,1562.32,3,83276.76,IN_TRANSIT,2026-06-20 00:00:00
R00448,Electronics,OWNER_023,Rotterdam,Colombo,Rotterdam,932.71,3,79378.11,IN_TRANSIT,2026-06-20 01:00:00
R00722,Chemicals,OWNER_042,Kandla,Chennai,Kandla,1327.12,2,25429.41,IN_TRANSIT,2026-06-20 02:00:00
R00313,Chemicals,OWNER_006,Kochi,Dubai,Kochi,650.58,4,47786.48,IN_TRANSIT,2026-06-20 03:00:00
R02621,Food,OWNER_089,Kochi,Dubai,Kochi,3334.01,5,29723.93,IN_TRANSIT,2026-06-20 04:00:00
R02479,Electronics,OWNER_064,Rotterdam,Kandla,Rotterdam,1091.47,5,77327.26,IN_TRANSIT,2026-06-20 04:00:00
R01180,Machinery,OWNER_004,Rotterdam,Kochi,Rotterdam,1176.81,4,82013.65,IN_TRANSIT,2026-06-20 05:00:00
R01906,Machinery,OWNER_023,Kochi,Dubai,Kochi,2347.58,6,71092.16,IN_TRANSIT,2026-06-20 07:00:00
R01361,Food,OWNER_039,Kandla,Chennai,Kandla,1429.87,2,125139.94,IN_TRANSIT,2026-06-20 09:00:00
R00185,Food,OWNER_037,Kandla,Chennai,Kandla,4249.79,3,96971.86,IN_TRANSIT,2026-06-20 13:00:00
R01188,Food,OWNER_062,Colombo,Kandla,Colombo,1648.11,6,331898.39,IN_TRANSIT,2026-06-20 13:00:00
R00086,Textiles,OWNER_010,Rotterdam,Kochi,Rotterdam,1043.48,3,95459.4,IN_TRANSIT,2026-06-20 14:00:00
R00756,Machinery,OWNER_024,Chennai,Mumbai,Chennai,574.21,1,113581.52,IN_TRANSIT,2026-06-20 14:00:00
R00954,Electronics,OWNER_079,Chennai,Kandla,Chennai,2028.22,1,35449.34,IN_TRANSIT,2026-06-20 15:00:00
R02857,Electronics,OWNER_070,Chennai,Rotterdam,Chennai,2383.96,6,105320.81,IN_TRANSIT,2026-06-20 16:00:00
R02285,Textiles,OWNER_023,Dubai,Mumbai,Dubai,725.36,5,112134.16,IN_TRANSIT,2026-06-20 16:00:00
R02145,Food,OWNER_032,Kochi,Singapore,Kochi,1490.98,6,33369.24,IN_TRANSIT,2026-06-20 21:00:00
R01670,Textiles,OWNER_040,Kochi,Kandla,Kochi,710.5,5,218868.53,IN_TRANSIT,2026-06-20 23:00:00
R00461,Textiles,OWNER_029,Mumbai,Dubai,Mumbai,4026.77,7,89244.13,IN_TRANSIT,2026-06-21 00:00:00
R02863,Chemicals,OWNER_010,Chennai,Kandla,Chennai,1269.04,7,55053.33,IN_TRANSIT,2026-06-21 02:00:00
R01540,Food,OWNER_073,Dubai,Chennai,Dubai,1568.35,2,88471.12,IN_TRANSIT,2026-06-21 06:00:00
R01816,Chemicals,OWNER_046,Mumbai,Colombo,Mumbai,3131.2,1,51034.99,IN_TRANSIT,2026-06-21 08:00:00
R01527,Textiles,OWNER_090,Mumbai,Kochi,Mumbai,2000.17,5,40432.4,IN_TRANSIT,2026-06-21 09:00:00
R02178,Food,OWNER_092,Mumbai,Chennai,Mumbai,1235.81,5,18722.53,IN_TRANSIT,2026-06-21 09:00:00
R00512,Food,OWNER_050,Dubai,Kandla,Dubai,10022.44,2,114088.49,IN_TRANSIT,2026-06-21 14:00:00
R00972,Electronics,OWNER_028,Chennai,Rotterdam,Chennai,2112.13,2,111141.51,IN_TRANSIT,2026-06-21 14:00:00
R01082,Machinery,OWNER_065,Mumbai,Singapore,Mumbai,702.39,1,37303.11,IN_TRANSIT,2026-06-21 15:00:00
R02329,Food,OWNER_015,Kochi,Colombo,Kochi,2030.22,2,24902.19,IN_TRANSIT,2026-06-21 18:00:00
R01546,Chemicals,OWNER_018,Kochi,Kandla,Kochi,1920.37,2,37833.0,IN_TRANSIT,2026-06-21 19:00:00
R01306,Textiles,OWNER_053,Kandla,Singapore,Kandla,3603.67,5,42159.57,IN_TRANSIT,2026-06-21 21:00:00
R02024,Textiles,OWNER_047,Chennai,Kandla,Chennai,1891.37,4,8918.59,IN_TRANSIT,2026-06-22 01:00:00
R00315,Machinery,OWNER_072,Mumbai,Kandla,Mumbai,1982.12,3,88385.3,IN_TRANSIT,2026-06-22 12:00:00
R00769,Food,OWNER_089,Colombo,Kandla,Colombo,2203.27,4,32227.97,IN_TRANSIT,2026-06-22 15:00:00
R01337,Food,OWNER_058,Mumbai,Dubai,Mumbai,983.24,4,55783.61,IN_TRANSIT,2026-06-22 16:00:00
R01030,Food,OWNER_067,Colombo,Dubai,Colombo,3171.55,4,55554.46,IN_TRANSIT,2026-06-22 16:00:00
R01390,Electronics,OWNER_005,Dubai,Chennai,Dubai,3375.49,4,65742.08,IN_TRANSIT,2026-06-22 17:00:00
R02915,Food,OWNER_019,Kandla,Rotterdam,Kandla,734.55,4,55536.13,IN_TRANSIT,2026-06-22 18:00:00
R01817,Electronics,OWNER_023,Kochi,Mumbai,Kochi,1183.38,5,77579.67,IN_TRANSIT,2026-06-22 19:00:00
R01975,Food,OWNER_082,Kandla,Rotterdam,Kandla,2883.81,2,71534.72,IN_TRANSIT,2026-06-22 22:00:00
R00328,Machinery,OWNER_055,Dubai,Mumbai,Dubai,3743.12,4,92737.92,IN_TRANSIT,2026-06-22 23:00:00
R01804,Machinery,OWNER_003,Kochi,Kandla,Kochi,1493.8,3,9613.35,IN_TRANSIT,2026-06-22 23:00:00
R00068,Electronics,OWNER_009,Rotterdam,Kandla,Rotterdam,908.64,7,66170.68,IN_TRANSIT,2026-06-23 00:00:00
R02733,Textiles,OWNER_032,Rotterdam,Chennai,Rotterdam,3420.91,4,429125.08,IN_TRANSIT,2026-06-23 01:00:00
R00490,Textiles,OWNER_034,Chennai,Mumbai,Chennai,1235.4,4,90629.06,IN_TRANSIT,2026-06-23 01:00:00
R02701,Textiles,OWNER_075,Colombo,Dubai,Colombo,978.67,5,51466.43,IN_TRANSIT,2026-06-23 01:00:00
R02176,Textiles,OWNER_049,Kochi,Colombo,Kochi,4140.27,4,212280.67,IN_TRANSIT,2026-06-23 06:00:00
R00941,Food,OWNER_092,Chennai,Colombo,Chennai,2469.75,5,73062.02,IN_TRANSIT,2026-06-23 06:00:00
R00456,Chemicals,OWNER_005,Kochi,Singapore,Kochi,1002.3,7,75296.17,IN_TRANSIT,2026-06-23 06:00:00
R00046,Chemicals,OWNER_028,Kandla,Mumbai,Kandla,7215.67,4,26109.69,IN_TRANSIT,2026-06-23 06:00:00
R02391,Electronics,OWNER_023,Rotterdam,Singapore,Rotterdam,1877.39,4,68201.61,IN_TRANSIT,2026-06-23 09:00:00
R00241,Food,OWNER_086,Rotterdam,Chennai,Rotterdam,852.05,7,76327.25,IN_TRANSIT,2026-06-23 10:00:00
R00653,Machinery,OWNER_063,Kandla,Dubai,Kandla,1454.32,6,38126.47,IN_TRANSIT,2026-06-23 13:00:00
R02943,Machinery,OWNER_009,Singapore,Rotterdam,Singapore,361.57,5,262924.57,IN_TRANSIT,2026-06-23 13:00:00
R02090,Food,OWNER_099,Kandla,Singapore,Kandla,1661.73,3,9678.44,IN_TRANSIT,2026-06-23 13:00:00
R01120,Chemicals,OWNER_006,Rotterdam,Dubai,Rotterdam,2748.84,4,47596.03,IN_TRANSIT,2026-06-23 15:00:00
R01836,Electronics,OWNER_025,Kochi,Colombo,Kochi,1068.64,2,25351.43,IN_TRANSIT,2026-06-23 17:00:00
R02332,Machinery,OWNER_013,Dubai,Singapore,Dubai,1087.86,7,341778.52,IN_TRANSIT,2026-06-23 17:00:00
R00407,Textiles,OWNER_053,Singapore,Kandla,Singapore,1344.12,7,119214.05,IN_TRANSIT,2026-06-23 21:00:00
R01554,Textiles,OWNER_004,Dubai,Colombo,Dubai,1989.15,6,121240.05,IN_TRANSIT,2026-06-23 22:00:00
R00450,Chemicals,OWNER_094,Chennai,Colombo,Chennai,2620.87,7,33614.24,IN_TRANSIT,2026-06-23 22:00:00
R01521,Electronics,OWNER_035,Kochi,Dubai,Kochi,3258.12,4,115954.8,IN_TRANSIT,2026-06-24 00:00:00
R02493,Food,OWNER_051,Dubai,Singapore,Dubai,2576.79,7,55829.58,IN_TRANSIT,2026-06-24 00:00:00
R01103,Textiles,OWNER_098,Dubai,Kochi,Dubai,1730.61,1,194285.67,IN_TRANSIT,2026-06-24 00:00:00
R01146,Chemicals,OWNER_042,Kochi,Rotterdam,Kochi,1566.23,6,50788.23,IN_TRANSIT,2026-06-24 01:00:00
R01476,Chemicals,OWNER_069,Chennai,Singapore,Chennai,1038.39,5,97382.51,IN_TRANSIT,2026-06-24 02:00:00
R01539,Machinery,OWNER_042,Chennai,Kandla,Chennai,1646.98,1,125464.44,IN_TRANSIT,2026-06-24 04:00:00
R02339,Food,OWNER_085,Kandla,Kochi,Kandla,1535.61,7,83333.12,IN_TRANSIT,2026-06-24 04:00:00
R00078,Chemicals,OWNER_013,Dubai,Rotterdam,Dubai,3670.16,6,211535.67,IN_TRANSIT,2026-06-24 06:00:00
R00632,Food,OWNER_003,Kochi,Singapore,Kochi,11264.27,4,98736.11,IN_TRANSIT,2026-06-24 07:00:00
R01693,Machinery,OWNER_058,Dubai,Mumbai,Dubai,3717.54,4,57847.13,IN_TRANSIT,2026-06-24 08:00:00
R01177,Textiles,OWNER_045,Rotterdam,Kandla,Rotterdam,3810.26,7,172906.86,IN_TRANSIT,2026-06-24 09:00:00
R02008,Food,OWNER_095,Chennai,Kandla,Chennai,1571.6,2,143062.23,IN_TRANSIT,2026-06-24 10:00:00
R02242,Machinery,OWNER_012,Kochi,Chennai,Kochi,1081.57,1,79730.66,IN_TRANSIT,2026-06-24 12:00:00
R01478,Textiles,OWNER_067,Mumbai,Rotterdam,Mumbai,723.38,3,45807.87,IN_TRANSIT,2026-06-24 15:00:00
R01610,Textiles,OWNER_071,Colombo,Singapore,Colombo,1325.5,4,47727.66,IN_TRANSIT,2026-06-24 15:00:00
R01086,Food,OWNER_093,Dubai,Kochi,Dubai,1834.66,1,26278.01,IN_TRANSIT,2026-06-24 17:00:00
R00176,Machinery,OWNER_053,Mumbai,Kandla,Mumbai,2249.13,4,7013.03,IN_TRANSIT,2026-06-24 18:00:00
R01684,Machinery,OWNER_075,Chennai,Kandla,Chennai,1484.64,4,154301.54,IN_TRANSIT,2026-06-24 23:00:00
R02922,Electronics,OWNER_060,Chennai,Singapore,Chennai,970.97,3,56770.82,IN_TRANSIT,2026-06-25 03:00:00
R01625,Food,OWNER_065,Kochi,Kandla,Kochi,653.29,2,164437.36,IN_TRANSIT,2026-06-25 03:00:00
R02423,Electronics,OWNER_049,Kandla,Mumbai,Kandla,3176.21,3,21263.35,IN_TRANSIT,2026-06-25 04:00:00
R00643,Textiles,OWNER_082,Chennai,Colombo,Chennai,3191.74,1,131442.77,IN_TRANSIT,2026-06-25 04:00:00
R00523,Machinery,OWNER_021,Mumbai,Dubai,Mumbai,946.53,4,67102.26,IN_TRANSIT,2026-06-25 09:00:00
R01823,Food,OWNER_078,Chennai,Kandla,Chennai,827.03,7,87990.08,IN_TRANSIT,2026-06-25 11:00:00
R01286,Chemicals,OWNER_088,Chennai,Colombo,Chennai,5494.12,3,321477.52,IN_TRANSIT,2026-06-25 11:00:00
R02074,Electronics,OWNER_041,Colombo,Mumbai,Colombo,1046.7,5,79548.83,IN_TRANSIT,2026-06-25 13:00:00
R02596,Textiles,OWNER_086,Kochi,Singapore,Kochi,1070.36,1,47638.58,IN_TRANSIT,2026-06-25 14:00:00
R01244,Electronics,OWNER_076,Kochi,Singapore,Kochi,2437.89,2,11453.58,IN_TRANSIT,2026-06-25 14:00:00
R00255,Food,OWNER_085,Colombo,Kochi,Colombo,636.88,5,97892.73,IN_TRANSIT,2026-06-25 15:00:00
R00342,Textiles,OWNER_012,Chennai,Dubai,Chennai,2101.35,2,57556.92,IN_TRANSIT,2026-06-25 16:00:00
R01153,Textiles,OWNER_021,Chennai,Rotterdam,Chennai,1665.61,4,146044.72,IN_TRANSIT,2026-06-25 17:00:00
R00444,Chemicals,OWNER_056,Mumbai,Colombo,Mumbai,1006.59,5,257955.42,IN_TRANSIT,2026-06-25 18:00:00
R01623,Electronics,OWNER_004,Kochi,Kandla,Kochi,1975.89,2,103852.22,IN_TRANSIT,2026-06-25 19:00:00
R02050,Machinery,OWNER_063,Chennai,Colombo,Chennai,1205.93,7,74183.92,IN_TRANSIT,2026-06-25 20:00:00
R01921,Machinery,OWNER_064,Colombo,Rotterdam,Colombo,3030.4,7,31196.68,IN_TRANSIT,2026-06-25 20:00:00
R02057,Chemicals,OWNER_079,Chennai,Kochi,Chennai,1423.65,6,103103.64,IN_TRANSIT,2026-06-26 00:00:00
R02355,Textiles,OWNER_008,Mumbai,Singapore,Mumbai,1457.42,3,66408.39,IN_TRANSIT,2026-06-26 00:00:00
R00113,Textiles,OWNER_042,Kochi,Colombo,Kochi,1242.15,5,44264.13,IN_TRANSIT,2026-06-26 00:00:00
R02381,Food,OWNER_019,Kandla,Dubai,Kandla,1136.91,5,73250.25,IN_TRANSIT,2026-06-26 02:00:00
R00157,Chemicals,OWNER_038,Mumbai,Kochi,Mumbai,5652.76,7,81214.27,IN_TRANSIT,2026-06-26 06:00:00
R02094,Chemicals,OWNER_064,Rotterdam,Dubai,Rotterdam,3940.74,2,61890.43,IN_TRANSIT,2026-06-26 06:00:00
R02289,Chemicals,OWNER_032,Kochi,Singapore,Kochi,1094.78,7,17750.39,IN_TRANSIT,2026-06-26 07:00:00
R02629,Machinery,OWNER_033,Rotterdam,Colombo,Rotterdam,353.22,2,14267.0,IN_TRANSIT,2026-06-26 07:00:00
R01666,Chemicals,OWNER_091,Kochi,Kandla,Kochi,1588.06,7,52905.71,IN_TRANSIT,2026-06-26 08:00:00
R00384,Textiles,OWNER_035,Kochi,Chennai,Kochi,2356.0,3,99672.69,IN_TRANSIT,2026-06-26 10:00:00
R00081,Food,OWNER_062,Mumbai,Dubai,Mumbai,2334.0,1,106911.61,IN_TRANSIT,2026-06-26 10:00:00
R00201,Food,OWNER_007,Rotterdam,Colombo,Rotterdam,1638.75,5,76844.04,IN_TRANSIT,2026-06-26 13:00:00
R00930,Machinery,OWNER_066,Rotterdam,Chennai,Rotterdam,4079.9,2,70110.15,IN_TRANSIT,2026-06-26 19:00:00
R01062,Textiles,OWNER_021,Singapore,Mumbai,Singapore,2536.32,3,146499.58,IN_TRANSIT,2026-06-26 21:00:00
R02151,Machinery,OWNER_045,Singapore,Dubai,Singapore,279.04,7,107886.61,IN_TRANSIT,2026-06-26 23:00:00
R00151,Electronics,OWNER_042,Chennai,Colombo,Chennai,2082.24,7,46059.29,IN_TRANSIT,2026-06-27 00:00:00
R02405,Textiles,OWNER_066,Mumbai,Colombo,Mumbai,802.93,1,75494.02,IN_TRANSIT,2026-06-27 01:00:00
R01760,Chemicals,OWNER_042,Dubai,Chennai,Dubai,1717.57,6,48855.34,IN_TRANSIT,2026-06-27 02:00:00
R01855,Food,OWNER_068,Kochi,Mumbai,Kochi,625.69,6,16799.84,IN_TRANSIT,2026-06-27 02:00:00
R02937,Machinery,OWNER_081,Rotterdam,Mumbai,Rotterdam,1421.07,6,354174.67,IN_TRANSIT,2026-06-27 03:00:00
R00111,Electronics,OWNER_029,Rotterdam,Kandla,Rotterdam,5906.71,7,52097.33,IN_TRANSIT,2026-06-27 05:00:00
R02623,Machinery,OWNER_096,Kandla,Rotterdam,Kandla,1559.19,6,199770.8,IN_TRANSIT,2026-06-27 05:00:00
R02205,Chemicals,OWNER_070,Kandla,Kochi,Kandla,3189.65,3,254857.59,IN_TRANSIT,2026-06-27 09:00:00
R02442,Chemicals,OWNER_011,Kandla,Dubai,Kandla,3560.89,5,170896.48,IN_TRANSIT,2026-06-27 13:00:00
R00650,Textiles,OWNER_045,Kandla,Mumbai,Kandla,1856.07,7,56964.61,IN_TRANSIT,2026-06-27 14:00:00
R00531,Chemicals,OWNER_023,Mumbai,Singapore,Mumbai,1275.16,7,100421.02,IN_TRANSIT,2026-06-27 14:00:00
R01130,Food,OWNER_083,Kandla,Singapore,Kandla,4222.81,1,41074.81,IN_TRANSIT,2026-06-27 15:00:00
R02928,Chemicals,OWNER_065,Rotterdam,Chennai,Rotterdam,2983.06,2,308244.67,IN_TRANSIT,2026-06-27 16:00:00
R00431,Textiles,OWNER_005,Colombo,Kandla,Colombo,3576.62,1,238844.91,IN_TRANSIT,2026-06-27 16:00:00
R01247,Food,OWNER_038,Dubai,Colombo,Dubai,742.84,2,39240.34,IN_TRANSIT,2026-06-27 17:00:00
R02564,Electronics,OWNER_093,Chennai,Singapore,Chennai,1140.2,2,110168.34,IN_TRANSIT,2026-06-27 20:00:00
R01802,Food,OWNER_076,Mumbai,Kandla,Mumbai,5456.64,7,38466.69,IN_TRANSIT,2026-06-27 20:00:00
R00956,Machinery,OWNER_029,Colombo,Rotterdam,Colombo,6897.04,7,62881.11,IN_TRANSIT,2026-06-27 23:00:00
R02921,Electronics,OWNER_079,Singapore,Mumbai,Singapore,4923.81,6,165605.36,IN_TRANSIT,2026-06-28 00:00:00
R00752,Machinery,OWNER_040,Dubai,Singapore,Dubai,4538.47,4,27649.46,IN_TRANSIT,2026-06-28 00:00:00
R02496,Machinery,OWNER_081,Rotterdam,Mumbai,Rotterdam,2899.74,6,45902.77,IN_TRANSIT,2026-06-28 03:00:00
R01919,Textiles,OWNER_064,Colombo,Kandla,Colombo,2008.83,4,151534.11,IN_TRANSIT,2026-06-28 04:00:00
R00408,Food,OWNER_054,Rotterdam,Dubai,Rotterdam,4186.4,7,303354.31,IN_TRANSIT,2026-06-28 06:00:00
R02320,Electronics,OWNER_022,Singapore,Chennai,Singapore,1659.91,2,79517.49,IN_TRANSIT,2026-06-28 06:00:00
R01170,Chemicals,OWNER_080,Mumbai,Kandla,Mumbai,741.26,6,59750.97,IN_TRANSIT,2026-06-28 10:00:00
R01383,Chemicals,OWNER_066,Kochi,Dubai,Kochi,929.9,4,10948.73,IN_TRANSIT,2026-06-28 11:00:00
R02120,Textiles,OWNER_016,Kandla,Chennai,Kandla,2169.82,2,80665.87,IN_TRANSIT,2026-06-28 12:00:00
R02157,Textiles,OWNER_085,Mumbai,Kandla,Mumbai,1654.37,4,75915.44,IN_TRANSIT,2026-06-28 14:00:00
R01179,Textiles,OWNER_071,Rotterdam,Kandla,Rotterdam,980.07,4,120528.17,IN_TRANSIT,2026-06-28 15:00:00
R00033,Electronics,OWNER_090,Kandla,Kochi,Kandla,5046.29,6,66508.79,IN_TRANSIT,2026-06-28 15:00:00
R02856,Food,OWNER_005,Dubai,Colombo,Dubai,5412.32,1,66645.74,IN_TRANSIT,2026-06-28 15:00:00
R02046,Textiles,OWNER_048,Chennai,Singapore,Chennai,2446.74,5,132923.21,IN_TRANSIT,2026-06-28 22:00:00
R02891,Textiles,OWNER_081,Singapore,Rotterdam,Singapore,6695.51,6,44634.07,IN_TRANSIT,2026-06-28 23:00:00
R00267,Electronics,OWNER_049,Kochi,Colombo,Kochi,3746.38,7,97584.44,IN_TRANSIT,2026-06-29 01:00:00
R02141,Electronics,OWNER_084,Kochi,Rotterdam,Kochi,3555.62,6,167636.75,IN_TRANSIT,2026-06-29 04:00:00
R00753,Textiles,OWNER_030,Dubai,Chennai,Dubai,1398.05,1,177396.37,IN_TRANSIT,2026-06-29 05:00:00
R00567,Electronics,OWNER_007,Chennai,Singapore,Chennai,3160.17,3,20808.6,IN_TRANSIT,2026-06-29 06:00:00
R02576,Food,OWNER_067,Singapore,Dubai,Singapore,3229.23,3,222089.79,IN_TRANSIT,2026-06-29 07:00:00
R00902,Textiles,OWNER_057,Rotterdam,Chennai,Rotterdam,885.1,5,47427.07,IN_TRANSIT,2026-06-29 09:00:00
R02764,Textiles,OWNER_083,Colombo,Mumbai,Colombo,3058.79,1,64639.22,IN_TRANSIT,2026-06-29 10:00:00
R00863,Chemicals,OWNER_092,Kochi,Kandla,Kochi,4220.95,3,321995.22,IN_TRANSIT,2026-06-29 13:00:00
R01657,Electronics,OWNER_049,Kandla,Rotterdam,Kandla,3472.89,5,57752.64,IN_TRANSIT,2026-06-29 13:00:00
R02746,Machinery,OWNER_043,Chennai,Dubai,Chennai,1545.58,4,163160.46,IN_TRANSIT,2026-06-29 13:00:00
R00335,Chemicals,OWNER_023,Colombo,Kochi,Colombo,2160.24,3,83796.08,IN_TRANSIT,2026-06-29 18:00:00
R00699,Food,OWNER_042,Dubai,Mumbai,Dubai,1858.83,2,49301.26,IN_TRANSIT,2026-06-29 19:00:00
R01291,Chemicals,OWNER_058,Dubai,Mumbai,Dubai,2555.27,1,20612.14,IN_TRANSIT,2026-06-29 20:00:00
R02511,Machinery,OWNER_063,Kandla,Mumbai,Kandla,1233.12,3,39223.65,IN_TRANSIT,2026-06-29 22:00:00
R01788,Food,OWNER_051,Singapore,Mumbai,Singapore,742.89,3,218753.48,IN_TRANSIT,2026-06-29 23:00:00
